iata,name,lat,lng
GKA,Goroka Airport,-6.081689834590001,145.391998291
MAG,Madang Airport,-5.20707988739,145.789001465
HGU,Mount Hagen Kagamuga Airport,-5.826789855957031,144.29600524902344
LAE,Nadzab Airport,-6.569803,146.725977
POM,Port Moresby Jacksons International Airport,-9.443380355834961,147.22000122070312
WWK,Wewak International Airport,-3.58383011818,143.669006348
UAK,Narsarsuaq Airport,61.1604995728,-45.4259986877
GOH,Godthaab / Nuuk Airport,64.19090271,-51.6781005859
SFJ,Kangerlussuaq Airport,67.0122218992,-50.7116031647
THU,Thule Air Base,76.5311965942,-68.7032012939
AEY,Akureyri Airport,65.66000366210938,-18.07270050048828
EGS,Egilsstaðir Airport,65.2833023071289,-14.401399612426758
HFN,Hornafjörður Airport,64.295601,-15.2272
HZK,Húsavík Airport,65.952301,-17.426001
IFJ,Ísafjörður Airport,66.05809783935547,-23.135299682617188
KEF,Keflavik International Airport,63.985000610352,-22.605600357056
PFJ,Patreksfjörður Airport,65.555801,-23.965
RKV,Reykjavik Airport,64.1299972534,-21.9405994415
SIJ,Siglufjörður Airport,66.133301,-18.9167
VEY,Vestmannaeyjar Airport,63.42430114746094,-20.278900146484375
YAM,Sault Ste Marie Airport,46.48500061035156,-84.5093994140625
YAY,St. Anthony Airport,51.3918991089,-56.083099365200006
YAZ,Tofino / Long Beach Airport,49.079833,-125.775583
YBB,Kugaaruk Airport,68.534401,-89.808098
YBC,Baie Comeau Airport,49.13249969482422,-68.20439910888672
YBG,CFB Bagotville,48.33060073852539,-70.99639892578125
YBK,Baker Lake Airport,64.29889678960001,-96.077796936
YBL,Campbell River Airport,49.950801849365234,-125.27100372314453
YBR,Brandon Municipal Airport,49.91,-99.951897
YCB,Cambridge Bay Airport,69.1081008911,-105.138000488
YCD,Nanaimo Airport,49.054970224899996,-123.869862556
YCG,Castlegar/West Kootenay Regional Airport,49.2963981628,-117.632003784
YCH,Miramichi Airport,47.007801,-65.449203
YCL,Charlo Airport,47.990799,-66.330299
YCO,Kugluktuk Airport,67.816704,-115.143997
YCT,Coronation Airport,52.0750007629,-111.444999695
YCW,Chilliwack Airport,49.1528015137,-121.939002991
YCY,Clyde River Airport,70.4860992432,-68.5167007446
YZS,Coral Harbour Airport,64.1932983398,-83.3593978882
YDA,Dawson City Airport,64.04309844970703,-139.1280059814453
YDB,Burwash Airport,61.37110137939453,-139.04100036621094
YDF,Deer Lake Airport,49.21080017089844,-57.39139938354492
YDL,Dease Lake Airport,58.4221992493,-130.031997681
YDN,Dauphin Barker Airport,51.100799560546875,-100.052001953125
YDQ,Dawson Creek Airport,55.7422981262207,-120.18299865722656
YEG,Edmonton International Airport,53.309700012200004,-113.580001831
YEK,Arviat Airport,61.0942001343,-94.07080078119999
YEN,Estevan Airport,49.2103004456,-102.966003418
YET,Edson Airport,53.578899383499994,-116.464996338
YEU,Eureka Airport,79.9946975708,-85.814201355
YEV,Inuvik Mike Zubko Airport,68.30419921880001,-133.483001709
YFB,Iqaluit Airport,63.756402,-68.555801
YFC,Fredericton Airport,45.868900299072266,-66.53720092773438
YFE,Forestville Airport,48.74610137939453,-69.09719848632812
YFO,Flin Flon Airport,54.6781005859375,-101.68199920654297
YFR,Fort Resolution Airport,61.1808013916,-113.690002441
YFS,Fort Simpson Airport,61.76020050048828,-121.23699951171875
YGK,Kingston Norman Rogers Airport,44.22529983520508,-76.5969009399414
YGL,La Grande Rivière Airport,53.625301361083984,-77.7042007446289
YGP,Gaspé (Michel-Pouliot) Airport,48.7752990723,-64.4785995483
YGQ,Geraldton Greenstone Regional Airport,49.77830123901367,-86.93939971923828
YGR,Îles-de-la-Madeleine Airport,47.42470169067383,-61.778099060058594
YHB,Hudson Bay Airport,52.8166999817,-102.310997009
YHD,Dryden Regional Airport,49.831699,-92.744202
YHI,Ulukhaktok Holman Airport,70.76280212402344,-117.80599975585938
YHK,Gjoa Haven Airport,68.635597229,-95.84970092770001
YHM,John C. Munro Hamilton International Airport,43.173599243199995,-79.93499755859999
YHU,Montréal / Saint-Hubert Airport,45.5175018311,-73.4169006348
YHY,Hay River / Merlyn Carter Airport,60.8396987915,-115.782997131
YHZ,Halifax / Stanfield International Airport,44.8807983398,-63.5085983276
YIB,Atikokan Municipal Airport,48.7738990784,-91.6386032104
YIO,Pond Inlet Airport,72.6832962036,-77.9666976929
YJN,St Jean Airport,45.29439926147461,-73.28109741210938
YJT,Stephenville Airport,48.5442008972168,-58.54999923706055
YKA,Kamloops Airport,50.7022018433,-120.444000244
YKF,Waterloo Airport,43.460800170899994,-80.3786010742
YKL,Schefferville Airport,54.805301666259766,-66.8052978515625
YKY,Kindersley Airport,51.5175018311,-109.180999756
YKZ,Buttonville Municipal Airport,43.86220169067383,-79.37000274658203
YLD,Chapleau Airport,47.81999969482422,-83.3467025756836
YLJ,Meadow Lake Airport,54.125301361083984,-108.52300262451172
YLL,Lloydminster Airport,53.309200286865234,-110.072998046875
YLT,Alert Airport,82.51779937740001,-62.2806015015
YLW,Kelowna International Airport,49.9561004639,-119.377998352
YMA,Mayo Airport,63.61640167236328,-135.8679962158203
YMJ,Moose Jaw Air Vice Marshal C. M. McEwen Airport,50.330299377441406,-105.55899810791016
YMM,Fort McMurray Airport,56.653301239,-111.222000122
YMO,Moosonee Airport,51.291099548339844,-80.60780334472656
YMW,Maniwaki Airport,46.2728004456,-75.9906005859
YMX,Montreal International (Mirabel) Airport,45.679501,-74.038696
YNA,Natashquan Airport,50.189998626708984,-61.78919982910156
YND,Ottawa / Gatineau Airport,45.521701812699995,-75.5635986328
YNM,Matagami Airport,49.76169967651367,-77.80280303955078
YOC,Old Crow Airport,67.57060241699219,-139.83900451660156
YOD,CFB Cold Lake,54.404998779296875,-110.27899932861328
YOJ,High Level Airport,58.62139892578125,-117.16500091552734
YOW,Ottawa Macdonald-Cartier International Airport,45.3224983215332,-75.66919708251953
YPA,Prince Albert Glass Field,53.214199066199996,-105.672996521
YPE,Peace River Airport,56.226898,-117.446999
YPG,Southport Airport,49.903099,-98.273817
YPL,Pickle Lake Airport,51.4463996887207,-90.21420288085938
YPN,Port Menier Airport,49.83639907836914,-64.2885971069336
YPQ,Peterborough Airport,44.22999954223633,-78.36329650878906
YPR,Prince Rupert Airport,54.286098480199996,-130.445007324
YPY,Fort Chipewyan Airport,58.7672004699707,-111.11699676513672
YQA,Muskoka Airport,44.974700927734375,-79.30329895019531
YQB,Quebec Jean Lesage International Airport,46.7911,-71.393303
YQF,Red Deer Regional Airport,52.18220138549805,-113.89399719238281
YQG,Windsor Airport,42.27560043334961,-82.95559692382812
YQH,Watson Lake Airport,60.11640167236328,-128.82200622558594
YQK,Kenora Airport,49.788299560546875,-94.36309814453125
YQL,Lethbridge County Airport,49.6302986145,-112.800003052
YQM,Greater Moncton International Airport,46.11220169067383,-64.67859649658203
YQQ,Comox Airport,49.71080017089844,-124.88700103759766
YQR,Regina International Airport,50.43190002441406,-104.66600036621094
YQT,Thunder Bay Airport,48.37189865112305,-89.32389831542969
YQU,Grande Prairie Airport,55.1796989441,-118.885002136
YQV,Yorkton Municipal Airport,51.26470184326172,-102.46199798583984
YQW,North Battleford Airport,52.76919937133789,-108.24400329589844
YQX,Gander International Airport,48.9369010925293,-54.56809997558594
YQY,Sydney / J.A. Douglas McCurdy Airport,46.1614,-60.047798
YQZ,Quesnel Airport,53.026100158691406,-122.51000213623047
YRB,Resolute Bay Airport,74.7169036865,-94.9693984985
YRI,Rivière-du-Loup Airport,47.764400482177734,-69.58470153808594
YRJ,Roberval Airport,48.52000045776367,-72.2656021118164
YRM,Rocky Mountain House Airport,52.4296989441,-114.903999329
YRT,Rankin Inlet Airport,62.8114013672,-92.1157989502
YSB,Sudbury Airport,46.625,-80.79889678955078
YSC,Sherbrooke Airport,45.4385986328125,-71.69139862060547
YSJ,Saint John Airport,45.31610107421875,-65.89029693603516
YSM,Fort Smith Airport,60.020301818847656,-111.96199798583984
YSR,Nanisivik Airport,72.982201,-84.613602
YSU,Summerside Airport,46.44060134887695,-63.83359909057617
YSY,Sachs Harbour (David Nasogaluak Jr. Saaryuaq) Airport,71.9938964844,-125.242996216
YTE,Cape Dorset Airport,64.2300033569,-76.5267028809
YTH,Thompson Airport,55.80110168457031,-97.86419677734375
YTR,CFB Trenton,44.118900299072266,-77.5280990600586
YTS,Timmins/Victor M. Power,48.569698333699996,-81.376701355
YTZ,Billy Bishop Toronto City Centre Airport,43.627499,-79.396202
YUB,Tuktoyaktuk Airport,69.43329620361328,-133.0260009765625
YUL,Montreal / Pierre Elliott Trudeau International Airport,45.4706001282,-73.7407989502
YUT,Repulse Bay Airport,66.5214004517,-86.22470092770001
YUX,Hall Beach Airport,68.77610015869999,-81.2425
YUY,Rouyn Noranda Airport,48.20610046386719,-78.83560180664062
YVC,La Ronge Airport,55.151401519800004,-105.262001038
YVG,Vermilion Airport,53.355800628699996,-110.823997498
YVM,Qikiqtarjuaq Airport,67.5457992554,-64.03140258789999
YVO,Val-d'Or Airport,48.0532989502,-77.7827987671
YVP,Kuujjuaq Airport,58.096099853515625,-68.4269027709961
YVQ,Norman Wells Airport,65.28160095214844,-126.7979965209961
YVR,Vancouver International Airport,49.193901062,-123.183998108
YVT,Buffalo Narrows Airport,55.8418998718,-108.417999268
YVV,Wiarton Airport,44.7458,-81.107201
YWA,Petawawa Airport,45.95220184326172,-77.31919860839844
YWG,Winnipeg / James Armstrong Richardson International Airport,49.909999847399995,-97.2398986816
YWK,Wabush Airport,52.92190170288086,-66.8644027709961
YWL,Williams Lake Airport,52.1831016541,-122.054000854
YWY,Wrigley Airport,63.20940017700195,-123.43699645996094
YXC,Cranbrook/Canadian Rockies International Airport,49.610801696777,-115.78199768066
YXD,Edmonton City Centre (Blatchford Field) Airport,53.5724983215,-113.521003723
YXE,Saskatoon John G. Diefenbaker International Airport,52.170799255371094,-106.69999694824219
YXH,Medicine Hat Airport,50.01890182495117,-110.72100067138672
YXJ,Fort St John Airport,56.23809814453125,-120.73999786376953
YXL,Sioux Lookout Airport,50.11389923095703,-91.9052963256836
YXP,Pangnirtung Airport,66.1449966431,-65.71360015869999
YXR,Earlton (Timiskaming Regional) Airport,47.697400654599996,-79.8473453522
YXS,Prince George Airport,53.8894004822,-122.679000854
YXT,Northwest Regional Airport Terrace-Kitimat,54.468498,-128.576009
YXU,London Airport,43.035599,-81.1539
YXX,Abbotsford Airport,49.025299072265625,-122.36100006103516
YXY,Whitehorse / Erik Nielsen International Airport,60.7095985413,-135.067001343
YYB,North Bay Jack Garland Airport,46.363602,-79.422798
YYC,Calgary International Airport,51.113899231,-114.019996643
YYD,Smithers Airport,54.82469940185547,-127.18299865722656
YYE,Fort Nelson Airport,58.8363990784,-122.597000122
YYF,Penticton Airport,49.46310043334961,-119.60199737548828
YYG,Charlottetown Airport,46.290000915527344,-63.12110137939453
YYH,Taloyoak Airport,69.5466995239,-93.5766983032
YYJ,Victoria International Airport,48.646900177,-123.426002502
YYL,Lynn Lake Airport,56.86389923095703,-101.07599639892578
YYN,Swift Current Airport,50.291900634799994,-107.691001892
YYQ,Churchill Airport,58.739200592041016,-94.06500244140625
YYR,Goose Bay Airport,53.3191986084,-60.4258003235
YYT,St. John's International Airport,47.618598938,-52.7518997192
YYU,Kapuskasing Airport,49.41389846801758,-82.46749877929688
YYW,Armstrong Airport,50.29029846191406,-88.90969848632812
YYY,Mont Joli Airport,48.60860061645508,-68.20809936523438
YYZ,Lester B. Pearson International Airport,43.6772003174,-79.63059997559999
YZD,Downsview Airport,43.74250030517578,-79.4655990600586
YZE,Gore Bay Manitoulin Airport,45.88529968261719,-82.56780242919922
YZF,Yellowknife Airport,62.462799072265625,-114.44000244140625
YZH,Slave Lake Airport,55.2930984497,-114.777000427
YZP,Sandspit Airport,53.25429916379999,-131.813995361
YZR,Chris Hadfield Airport,42.9994010925293,-82.30889892578125
YZT,Port Hardy Airport,50.680599212646484,-127.36699676513672
YZU,Whitecourt Airport,54.14390182495117,-115.78700256347656
YZV,Sept-Îles Airport,50.22330093383789,-66.2656021118164
YZW,Teslin Airport,60.17279815673828,-132.7429962158203
YZX,CFB Greenwood,44.98440170288086,-64.91690063476562
ZFA,Faro Airport,62.20750045776367,-133.37600708007812
ZFM,Fort Mcpherson Airport,67.40750122070312,-134.86099243164062
QLD,Blida Airport,36.50360107421875,2.8141698837280273
BUJ,Bou Saada Airport,35.33250045776367,4.206389904022217
BJA,Soummam Airport,36.7120018005,5.0699200630200005
ALG,Houari Boumediene Airport,36.691001892089844,3.215409994125366
DJG,Djanet Inedbirene Airport,24.292801,9.45244
VVZ,Illizi Takhamalt Airport,26.7234992981,8.62265014648
TMR,Aguenar – Hadj Bey Akhamok Airport,22.8115005493,5.45107984543
GJL,Jijel Ferhat Abbas Airport,36.7951011658,5.87361001968
MZW,Mecheria Airport,33.535900116,-0.242353007197
AAE,Rabah Bitat Airport,36.822201,7.809174
CZL,Mohamed Boudiaf International Airport,36.2760009765625,6.620389938354492
TEE,Cheikh Larbi Tébessi Airport,35.4315986633,8.12071990967
HRM,Hassi R'Mel Airport,32.93040084838867,3.311539888381958
TID,Bou Chekif Airport,35.3410987854,1.46315002441
TIN,Tindouf Airport,27.7003993988,-8.167099952700001
CFK,Ech Cheliff Airport,36.2126998901,1.33176994324
TAF,Tafaraoui Airport,35.54240036010742,-0.5322780013084412
TLM,Zenata – Messali El Hadj Airport,35.0167007446,-1.45000004768
ORN,Es Senia Airport,35.6239013672,-0.6211829781529999
BFW,Sidi Bel Abbes Airport,35.1717987061,-0.593275010586
MUW,Ghriss Airport,35.207698822021484,0.14714199304580688
AZR,Touat Cheikh Sidi Mohamed Belkebir Airport,27.837600708007812,-0.18641400337219238
BSK,Biskra Airport,34.793300628699996,5.73823022842
ELG,El Golea Airport,30.571300506591797,2.8595900535583496
GHA,Noumérat - Moufdi Zakaria Airport,32.38410186767578,3.794110059738159
HME,Oued Irara Airport,31.673000335699996,6.140439987180001
INZ,In Salah Airport,27.250999450699997,2.51202011108
TGR,Touggourt Sidi Madhi Airport,33.06779861450195,6.088669776916504
LOO,Laghouat Airport,33.764400482199996,2.92833995819
TMX,Timimoun Airport,29.2371006012,0.276033014059
OGX,Ain el Beida Airport,31.917200088500977,5.412779808044434
IAM,In Aménas Airport,28.0515,9.64291
COO,Cadjehoun Airport,6.357230186462402,2.384350061416626
OUA,Ouagadougou Airport,12.3532,-1.51242
BOY,Bobo Dioulasso Airport,11.160099983215332,-4.33096981048584
ACC,Kotoka International Airport,5.605189800262451,-0.16678600013256073
TML,Tamale Airport,9.55718994140625,-0.8632140159606934
NYI,Sunyani Airport,7.361830234527588,-2.3287599086761475
TKD,Takoradi Airport,4.896059989929199,-1.7747600078582764
ABJ,Port Bouet Airport,5.261390209197998,-3.9262900352478027
BYK,Bouaké Airport,7.738800048828125,-5.073669910430908
DJO,Daloa Airport,6.792809963226318,-6.473189830780029
HGO,Korhogo Airport,9.38718032837,-5.55666017532
MJC,Man Airport,7.272069931030273,-7.58735990524292
SPY,San Pedro Airport,4.746719837188721,-6.660820007324219
ASK,Yamoussoukro Airport,6.9031701088,-5.36558008194
ABV,Nnamdi Azikiwe International Airport,9.006790161132812,7.263169765472412
AKR,Akure Airport,7.246739864349365,5.3010101318359375
BNI,Benin Airport,6.316979885101318,5.5995001792907715
CBQ,Margaret Ekpo International Airport,4.976019859313965,8.347200393676758
ENU,Akanu Ibiam International Airport,6.474269866943359,7.561960220336914
IBA,Ibadan Airport,7.362460136413574,3.97832989692688
ILR,Ilorin International Airport,8.440210342407227,4.493919849395752
JOS,Yakubu Gowon Airport,9.639829635620117,8.869050025939941
KAD,Kaduna Airport,10.696000099182129,7.320109844207764
KAN,Mallam Aminu International Airport,12.0476,8.52462
MIU,Maiduguri International Airport,11.855299949645996,13.080900192260742
MDI,Makurdi Airport,7.70388,8.61394
LOS,Murtala Muhammed International Airport,6.5773701667785645,3.321160078048706
MXJ,Minna Airport,9.652170181274414,6.462259769439697
PHC,Port Harcourt International Airport,5.0154900550842285,6.94959020614624
SKO,Sadiq Abubakar III International Airport,12.916299819946289,5.207190036773682
YOL,Yola Airport,9.257550239562988,12.430399894714355
ZAR,Zaria Airport,11.1302,7.68581
MFQ,Maradi Airport,13.5024995803833,7.1267499923706055
NIM,Diori Hamani International Airport,13.4815,2.18361
THZ,Tahoua Airport,14.875699996948242,5.265359878540039
AJY,Mano Dayak International Airport,16.965999603271484,8.000109672546387
ZND,Zinder Airport,13.779000282287598,8.983759880065918
MIR,Monastir Habib Bourguiba International Airport,35.75809860229492,10.75469970703125
TUN,Tunis Carthage International Airport,36.85100173950195,10.22719955444336
GAF,Gafsa Ksar International Airport,34.422000885009766,8.822500228881836
GAE,Gabès Matmata International Airport,33.87689971923828,10.103300094604492
DJE,Djerba Zarzis International Airport,33.875,10.775500297546387
EBM,El Borma Airport,31.704299926757812,9.254619598388672
SFA,Sfax Thyna International Airport,34.71799850463867,10.690999984741211
TOE,Tozeur Nefta International Airport,33.939701080322266,8.110560417175293
LRL,Niamtougou International Airport,9.767330169677734,1.091249942779541
LFW,Lomé-Tokoin Airport,6.165609836578369,1.2545100450515747
ANR,Antwerp International Airport (Deurne),51.1893997192,4.46027994156
BRU,Brussels Airport,50.901401519800004,4.48443984985
CRL,Brussels South Charleroi Airport,50.459202,4.45382
KJK,Wevelgem Airport,50.817199707,3.20472002029
LGG,Liège Airport,50.63740158081055,5.443220138549805
OST,Ostend-Bruges International Airport,51.198898315399994,2.8622200489
OBL,Zoersel (Oostmalle) Airfield,51.264702,4.75333
AOC,Altenburg-Nobitz Airport,50.981945,12.506389
IES,Riesa-Göhlis Airport,51.2936096191,13.3561105728
REB,Rechlin-Lärz Airport,53.306388855,12.7522220612
QXH,Schönhagen Airport,52.203609,13.156389
BBH,Barth Airport,54.338253,12.710515
ZMG,"Magdeburg ""City"" Airport",52.073612,11.626389
CBU,Cottbus-Drewitz Airport,51.889442,14.531944
SXF,Berlin-Schönefeld Airport,52.380001,13.5225
DRS,Dresden Airport,51.1328010559082,13.767200469970703
ERF,Erfurt Airport,50.979801177978516,10.958100318908691
FRA,Frankfurt am Main Airport,50.033333,8.570556
FMO,Münster Osnabrück Airport,52.134601593,7.68483018875
HAM,Hamburg Airport,53.630401611328,9.9882297515869
THF,Berlin-Tempelhof International Airport,52.472999572753906,13.403900146484375
CGN,Cologne Bonn Airport,50.8658981323,7.1427397728
DUS,Düsseldorf Airport,51.289501,6.76678
MUC,Munich Airport,48.353802,11.7861
NUE,Nuremberg Airport,49.498699,11.078056
LEJ,Leipzig/Halle Airport,51.423889,12.236389
SCN,Saarbrücken Airport,49.214599609400004,7.10950994492
STR,Stuttgart Airport,48.689899444599995,9.22196006775
TXL,Berlin-Tegel Airport,52.5597,13.2877
HAJ,Hannover Airport,52.461101532,9.685079574580001
BRE,Bremen Airport,53.0475006104,8.78666973114
QEF,Frankfurt-Egelsbach Airport,49.959999,8.645833
HHN,Frankfurt-Hahn Airport,49.9487,7.26389
MHG,Mannheim-City Airport,49.473057,8.514167
EIB,Eisenach-Kindel Airport,50.991604,10.47973
SGE,Siegerland Airport,50.707698822021484,8.082969665527344
XFW,Hamburg-Finkenwerder Airport,53.5352783203125,9.835556030273438
KEL,Kiel-Holtenau Airport,54.37944412231445,10.145277976989746
LBC,Lübeck Blankensee Airport,53.8054008484,10.7192001343
ESS,Essen Mulheim Airport,51.40230178833008,6.9373297691345215
BFE,Bielefeld Airport,51.964722,8.544444
MGL,Mönchengladbach Airport,51.230278,6.504444
PAD,Paderborn Lippstadt Airport,51.614101409899995,8.616319656369999
DTM,Dortmund Airport,51.51829910279999,7.61223983765
AGB,Augsburg Airport,48.425278,10.931667
OBF,Oberpfaffenhofen Airport,48.081402,11.2831
RBM,Straubing Airport,48.90083312988281,12.516667366027832
FDH,Friedrichshafen Airport,47.671298980699994,9.51148986816
SZW,Schwerin Parchim Airport,53.426998,11.7834
BYU,Bayreuth Airport,49.985001,11.64
URD,Burg Feuerstein Airport,49.794166564941,11.133610725403
HOQ,Hof-Plauen Airport,50.288612365722656,11.856389045715332
ZQW,Zweibrücken Airport,49.2094,7.40056
ZQL,Donaueschingen-Villingen Airport,47.97333145139999,8.52222156525
BWE,Braunschweig-Wolfsburg Airport,52.319199,10.5561
KSF,Kassel-Calden Airport,51.417273,9.384967
BRV,Bremerhaven Airport,53.506943,8.572778
EME,Emden Airport,53.391109,7.2275
WVN,Wilhelmshaven-Mariensiel Airport,53.502220153808594,8.05222225189209
BMK,Borkum Airport,53.59639,6.709167
NRD,Norderney Airport,53.70694351196289,7.230000019073486
FLF,Flensburg-Schäferhaus Airport,54.77333450317383,9.378889083862305
GWT,Westerland Sylt Airport,54.9132003784,8.34047031403
KDL,Kärdla Airport,58.99079895019531,22.830699920654297
URE,Kuressaare Airport,58.22990036010742,22.50950050354004
EPU,Pärnu Airport,58.41899871826172,24.47279930114746
TLL,Lennart Meri Tallinn Airport,59.41329956049999,24.832799911499997
TAY,Tartu Airport,58.3074989319,26.690399169900004
ENF,Enontekio Airport,68.362602233887,23.424299240112
KEV,Halli Airport,61.856039,24.786686
HEM,Helsinki Malmi Airport,60.254600524902344,25.042800903320312
HEL,Helsinki Vantaa Airport,60.317199707031,24.963300704956
HYV,Hyvinkää Airfield,60.6543998718,24.8810997009
KTQ,Kitee Airport,62.1661,30.073601
IVL,Ivalo Airport,68.607299804688,27.405300140381
JOE,Joensuu Airport,62.662899017334,29.607500076294
JYV,Jyvaskyla Airport,62.399501800537,25.678300857544
KAU,Kauhava Airport,63.127102,23.051399
KEM,Kemi-Tornio Airport,65.778701782227,24.582099914551
KAJ,Kajaani Airport,64.285499572754,27.692399978638
KHJ,Kauhajoki Airport,62.4625015259,22.3931007385
KOK,Kokkola-Pietarsaari Airport,63.721199035645,23.143100738525
KAO,Kuusamo Airport,65.987602233887,29.239400863647
KTT,Kittilä Airport,67.700996398926,24.846799850464
KUO,Kuopio Airport,63.007099151611,27.797800064087
QLF,Lahti Vesivehmaa Airport,61.144199,25.693501
LPP,Lappeenranta Airport,61.044601,28.144743
MHQ,Mariehamn Airport,60.122200012207,19.898199081421
MIK,Mikkeli Airport,61.6866,27.201799
OUL,Oulu Airport,64.930099487305,25.354600906372
POR,Pori Airport,61.461700439453,21.799999237061
RVN,Rovaniemi Airport,66.564796447754,25.830400466919
SVL,Savonlinna Airport,61.943099975586,28.945100784302
SOT,Sodankyla Airport,67.3949966431,26.6191005707
TMP,Tampere-Pirkkala Airport,61.414100646973,23.604400634766
TKU,Turku Airport,60.514099121094,22.262800216675
UTI,Utti Air Base,60.89640045166,26.938400268555
VAA,Vaasa Airport,63.050701141357,21.762199401855
VRK,Varkaus Airport,62.171100616455,27.868600845337
YLI,Ylivieska Airfield,64.0547222,24.7252778
BFS,Belfast International Airport,54.6575012207,-6.2158298492399995
ENK,St Angelo Airport,54.39889907836914,-7.651669979095459
BHD,George Best Belfast City Airport,54.618099212646484,-5.872499942779541
LDY,City of Derry Airport,55.04280090332031,-7.161109924316406
BHX,Birmingham International Airport,52.453899383499994,-1.74802994728
CVT,Coventry Airport,52.3697013855,-1.4797199964499999
GLO,Gloucestershire Airport,51.89419937133789,-2.167220115661621
GBA,Cotswold Airport,51.668095,-2.05694
MAN,Manchester Airport,53.35369873046875,-2.2749500274658203
NQY,Newquay Cornwall Airport,50.44060134887695,-4.995409965515137
LYE,RAF Lyneham,51.5051,-1.99343
YEO,RNAS Yeovilton,51.0093994140625,-2.638819932937622
HAW,Haverfordwest Airport,51.833099365234375,-4.9611101150512695
CWL,Cardiff International Airport,51.39670181274414,-3.343329906463623
SWS,Swansea Airport,51.60530090332031,-4.0678300857543945
BRS,Bristol Airport,51.382702,-2.71909
LPL,Liverpool John Lennon Airport,53.33359909057617,-2.849720001220703
LTN,London Luton Airport,51.874698638916016,-0.36833301186561584
PLH,Plymouth City Airport,50.422798,-4.10583
BOH,Bournemouth Airport,50.779998779296875,-1.8424999713897705
SOU,Southampton Airport,50.95029830932617,-1.3567999601364136
QLA,Lasham Airport,51.187198638916016,-1.0334999561309814
ACI,Alderney Airport,49.706104,-2.21472
GCI,Guernsey Airport,49.435001373291016,-2.6019699573516846
JER,Jersey Airport,49.20790100097656,-2.195509910583496
ESH,Shoreham Airport,50.835602,-0.297222
BQH,London Biggin Hill Airport,51.33079910279999,0.0324999988079
LGW,London Gatwick Airport,51.148102,-0.190278
LCY,London City Airport,51.505299,0.055278
FAB,Farnborough Airport,51.2757987976,-0.776332974434
BBS,Blackbushe Airport,51.32389831542969,-0.8475000262260437
LHR,London Heathrow Airport,51.4706,-0.461941
SEN,Southend Airport,51.5713996887207,0.6955559849739075
LYX,Lydd Airport,50.95610046386719,0.9391670227050781
MSE,Kent International Airport,51.342201,1.34611
CAX,Carlisle Airport,54.9375,-2.8091700077056885
BLK,Blackpool International Airport,53.77170181274414,-3.0286099910736084
HUY,Humberside Airport,53.57440185546875,-0.350832998752594
BWF,Barrow Walney Island Airport,54.1286111,-3.2675
LBA,Leeds Bradford Airport,53.86589813232422,-1.6605700254440308
WRT,Warton Airport,53.745098,-2.88306
CEG,Hawarden Airport,53.1781005859375,-2.9777801036834717
IOM,Isle of Man Airport,54.08330154418945,-4.623889923095703
NCL,Newcastle Airport,55.037498474121094,-1.6916699409484863
MME,Durham Tees Valley Airport,54.50920104980469,-1.4294099807739258
EMA,East Midlands Airport,52.8311004639,-1.32806003094
KOI,Kirkwall Airport,58.957801818847656,-2.9049999713897705
LSI,Sumburgh Airport,59.87889862060547,-1.2955600023269653
WIC,Wick Airport,58.458900451660156,-3.09306001663208
ABZ,Aberdeen Dyce Airport,57.201900482177734,-2.197779893875122
INV,Inverness Airport,57.54249954223633,-4.047500133514404
GLA,Glasgow International Airport,55.8718986511,-4.43306016922
EDI,Edinburgh Airport,55.95000076293945,-3.372499942779541
ILY,Islay Airport,55.68190002441406,-6.256669998168945
PIK,Glasgow Prestwick Airport,55.5093994140625,-4.586669921875
BEB,Benbecula Airport,57.48109817504883,-7.3627800941467285
SCS,Scatsta Airport,60.43280029296875,-1.2961100339889526
DND,Dundee Airport,56.45249938964844,-3.025830030441284
SYY,Stornoway Airport,58.215599060058594,-6.331110000610352
TRE,Tiree Airport,56.49919891357422,-6.869170188903809
ADX,RAF Leuchars,56.37289810180664,-2.8684399127960205
LMO,RAF Lossiemouth,57.7052001953125,-3.339169979095459
CBG,Cambridge Airport,52.205002,0.175
NWI,Norwich International Airport,52.6758003235,1.28278005123
STN,London Stansted Airport,51.8849983215,0.234999999404
EXT,Exeter International Airport,50.73440170288086,-3.4138898849487305
FZO,Bristol Filton Airport,51.5194015503,-2.59083008766
OXF,Oxford (Kidlington) Airport,51.8368988037,-1.32000005245
BEX,RAF Benson,51.616401672399995,-1.09582996368
LKZ,RAF Lakenheath,52.409301757799994,0.56099998951
MHZ,RAF Mildenhall,52.361900329589844,0.48640599846839905
QUY,RAF Wyton,52.3572006226,-0.107832998037
FFD,RAF Fairford,51.6822013855,-1.7900300025900002
BZZ,RAF Brize Norton,51.75,-1.58362
ODH,RAF Odiham,51.2341003418,-0.94282501936
NHT,RAF Northolt,51.553001403799996,-0.418166995049
QCY,RAF Coningsby,53.0929985046,-0.166014000773
BEQ,RAF Honington,52.34260177612305,0.7729390263557434
SQZ,RAF Scampton,53.307800293,-0.550832986832
HRT,RAF Linton-On-Ouse,54.0489006042,-1.2527500391
WTN,RAF Waddington,53.1661987305,-0.523810982704
KNF,RAF Marham,52.648395,0.550692
MPN,Mount Pleasant Airport,-51.82279968261719,-58.447200775146484
AMS,Amsterdam Airport Schiphol,52.308601,4.76389
MST,Maastricht Aachen Airport,50.911701,5.77014
EIN,Eindhoven Airport,51.4500999451,5.37452983856
GRQ,Eelde Airport,53.1197013855,6.57944011688
GLZ,Gilze Rijen Air Base,51.56740188598633,4.931829929351807
DHR,De Kooy Airport,52.92340087890625,4.780620098114014
LEY,Lelystad Airport,52.4603,5.52722
LWR,Leeuwarden Air Base,53.228599548339844,5.760560035705566
RTM,Rotterdam The Hague Airport,51.956902,4.43722
UTC,Soesterberg Air Base,52.1273002625,5.27618980408
ENS,Twente Airport,52.275833,6.889167
LID,Valkenburg Naval Air Base,52.166099548300004,4.41794013977
WOE,Woensdrecht Air Base,51.4491,4.34203
ORK,Cork Airport,51.84130096435547,-8.491109848022461
GWY,Galway Airport,53.300201416015625,-8.941590309143066
DUB,Dublin Airport,53.421299,-6.27007
NOC,Ireland West Knock Airport,53.910301208496094,-8.818490028381348
KIR,Kerry Airport,52.18090057373047,-9.52377986907959
SNN,Shannon Airport,52.702,-8.92482
SXL,Sligo Airport,54.280200958252,-8.5992097854614
WAT,Waterford Airport,52.187198638916016,-7.0869598388671875
AAR,Aarhus Airport,56.2999992371,10.619000434899998
BLL,Billund Airport,55.7402992249,9.15178012848
CPH,Copenhagen Kastrup Airport,55.617900848389,12.656000137329
EBJ,Esbjerg Airport,55.525902,8.5534
KRP,Karup Airport,56.29750061035156,9.124629974365234
BYR,Læsø Airport,57.277198791503906,11.000100135803223
MRW,Lolland Falster Maribo Airport,54.699299,11.4401
ODE,Odense Airport,55.47669982910156,10.330900192260742
RKE,Copenhagen Roskilde Airport,55.585601806640625,12.131400108337402
RNN,Bornholm Airport,55.06330108642578,14.759599685668945
SGD,Sønderborg Airport,54.96440124511719,9.791729927062988
SKS,Skrydstrup Air Base,55.221048,9.26702
SQW,Skive Airport,56.550201416015625,9.172980308532715
TED,Thisted Airport,57.06880187988281,8.705220222473145
FAE,Vagar Airport,62.0635986328125,-7.277219772338867
STA,Stauning Airport,55.9901008605957,8.353910446166992
AAL,Aalborg Airport,57.0927589138,9.84924316406
LUX,Luxembourg-Findel International Airport,49.6233333,6.2044444
AES,Ålesund Airport,62.5625,6.119699954986572
ANX,Andøya Airport,69.292503356934,16.144199371338
ALF,Alta Airport,69.976097106934,23.371700286865
BNN,Brønnøysund Airport,65.461097717285,12.217499732971
BOO,Bodø Airport,67.26920318603516,14.365300178527832
BGO,Bergen Airport Flesland,60.29339981,5.218140125
BJF,Båtsfjord Airport,70.60050201416,29.691400527954
KRS,Kristiansand Airport,58.204201,8.08537
DLD,Geilo Airport Dagali,60.417301177978516,8.518349647521973
BDU,Bardufoss Airport,69.055801391602,18.540399551392
EVE,"Harstad/Narvik Airport, Evenes",68.491302490234,16.678100585938
VDB,Leirin Airport,61.015598297119,9.2880601882935
FRO,Florø Airport,61.583599090576,5.0247201919556
OSL,Oslo Lufthavn,60.121,11.0502
HAU,Haugesund Airport,59.34529876709,5.2083601951599
HAA,Hasvik Airport,70.486701965332,22.139699935913
KSU,Kristiansund Airport (Kvernberget),63.111801147461,7.824520111084
KKN,Kirkenes Airport (Høybuktmoen),69.725799560547,29.891300201416
FAN,Lista Airport,58.0994987487793,6.626049995422363
MOL,Molde Airport,62.744701385498,7.2624998092651
MJF,Mosjøen Airport (Kjærstad),65.783996582031,13.214900016785
LKL,Banak Airport,70.068801879883,24.973499298096
NTB,Notodden Airport,59.565701,9.21222
OLA,Ørland Airport,63.69889831542969,9.604000091552734
RRS,Røros Airport,62.578399658203,11.342300415039
RYG,"Moss Airport, Rygge",59.378817,10.785439
LYR,"Svalbard Airport, Longyear",78.246101379395,15.465600013733
SKE,Skien Airport,59.185001373291016,9.566940307617188
SRP,Stord Airport,59.791900634765625,5.340849876403809
SSJ,Sandnessjøen Airport (Stokka),65.956802368164,12.468899726868
TOS,"Tromsø Airport,",69.68329620361328,18.918899536132812
TRF,"Sandefjord Airport, Torp",59.1866989136,10.258600235
TRD,Trondheim Airport Værnes,63.4578018,10.9239998
SVG,Stavanger Airport Sola,58.876701354,5.6377801895
GDN,Gdańsk Lech Wałęsa Airport,54.377601623535156,18.46619987487793
KRK,Kraków John Paul II International Airport,50.077702,19.7848
KTW,Katowice International Airport,50.4743,19.08
POZ,Poznań-Ławica Airport,52.421001434299995,16.8262996674
RZE,Rzeszów-Jasionka Airport,50.1100006104,22.0189990997
SZZ,"Szczecin-Goleniów ""Solidarność"" Airport",53.584701538100006,14.902199745199999
OSP,Redzikowo Air Base,54.47890090942383,17.107500076293945
WAW,Warsaw Chopin Airport,52.1656990051,20.967100143399996
WRO,Copernicus Wrocław Airport,51.1026992798,16.885799408
IEG,Zielona Góra-Babimost Airport,52.138500213600004,15.7986001968
RNB,Ronneby Airport,56.266700744629,15.265000343323
GOT,Gothenburg-Landvetter Airport,57.662799835205,12.279800415039
JKG,Jönköping Airport,57.757598876953125,14.068699836730957
LDK,Lidköping-Hovby Airport,58.4655,13.1744
GSE,Gothenburg City Airport,57.7747,11.8704
KVB,Skövde Airport,58.45640182495117,13.972700119018555
THN,Trollhättan-Vänersborg Airport,58.31809997558594,12.345000267028809
KSK,Karlskoga Airport,59.34590148925781,14.49590015411377
MXX,Mora Airport,60.957901,14.5114
NYO,Stockholm Skavsta Airport,58.78860092163086,16.912200927734375
KID,Kristianstad Airport,55.92169952392578,14.08549976348877
OSK,Oskarshamn Airport,57.350498,16.497999
KLR,Kalmar Airport,56.68550109863281,16.287599563598633
MMX,Malmö Sturup Airport,55.536305364,13.376197814900001
HAD,Halmstad Airport,56.69110107421875,12.820199966430664
VXO,Växjö Kronoberg Airport,56.929100036621094,14.727999687194824
EVG,Sveg Airport,62.04779815673828,14.422900199890137
GEV,Gällivare Airport,67.13240051269531,20.814599990844727
HUV,Hudiksvall Airport,61.7681007385,17.0806999207
KRF,Kramfors Sollefteå Airport,63.04859924316406,17.76889991760254
LYC,Lycksele Airport,64.54830169677734,18.71619987487793
SDL,Sundsvall-Härnösand Airport,62.528099060058594,17.443899154663086
OER,Örnsköldsvik Airport,63.40829849243164,18.989999771118164
KRN,Kiruna Airport,67.821998596191,20.336799621582
SFT,Skellefteå Airport,64.62480163574219,21.076900482177734
UME,Umeå Airport,63.791801452637,20.282800674438
VHM,Vilhelmina Airport,64.5791015625,16.833599090576172
AJR,Arvidsjaur Airport,65.59030151367188,19.28190040588379
ORB,Örebro Airport,59.22370147705078,15.038000106811523
VST,Stockholm Västerås Airport,59.58940124511719,16.63360023498535
LLA,Luleå Airport,65.543800354004,22.121999740601
ARN,Stockholm-Arlanda Airport,59.651901245117,17.918600082397
BMA,Stockholm-Bromma Airport,59.354400634765625,17.941699981689453
BLE,Borlange Airport,60.422000885009766,15.515199661254883
HLF,Hultsfred Airport,57.525799,15.8233
GVX,Gävle Sandviken Airport,60.593299865722656,16.951400756835938
LPI,Linköping City Airport,58.4062004089,15.680500030500001
NRK,Norrköping Airport,58.586299896240234,16.250600814819336
EKT,Eskilstuna Airport,59.35110092163086,16.70840072631836
VBY,Visby Airport,57.662799835205,18.346200942993
SPM,Spangdahlem Air Base,49.9726982117,6.69250011444
RMS,Ramstein Air Base,49.4369010925293,7.600279808044434
GHF,[Duplicate] Giebelstadt Army Air Field,49.648101806599996,9.966489791870002
ZCN,Celle Airport,52.59120178222656,10.022100448608398
FRZ,Fritzlar Airport,51.1146,9.286
ZNF,Hanau Army Air Field,50.169201,8.96159
KZG,Flugplatz Kitzingen,49.743099,10.2006
FCN,Nordholz Naval Airbase,53.7677001953,8.658499717709999
GKE,Geilenkirchen Air Base,50.9608,6.04242
RLG,Rostock-Laage Airport,53.9182014465,12.278300285299999
WBG,Schleswig Air Base,54.459301,9.51633
WIE,Wiesbaden Army Airfield,50.049800872802734,8.325400352478027
FEL,Fürstenfeldbruck Air Base,48.205555,11.266944
IGS,Ingolstadt Manching Airport,48.7156982421875,11.534000396728516
GUT,Gütersloh Air Base,51.922798,8.30633
ALJ,Alexander Bay Airport,-28.575001,16.5333
AGZ,Aggeneys Airport,-29.28179931640625,18.813899993896484
BIY,Bisho Airport,-32.8970985413,27.279100418099997
BFN,Bram Fischer International Airport,-29.092699050900002,26.302400589
CPT,Cape Town International Airport,-33.9648017883,18.6016998291
DUR,King Shaka International Airport,-29.6144444444,31.1197222222
ELS,Ben Schoeman Airport,-33.0355987549,27.825899124099998
FCB,Ficksburg Sentraoes Airport,-28.82309913635254,27.908899307250977
GCJ,Grand Central Airport,-25.986299514799995,28.1401004791
GRJ,George Airport,-34.0056,22.378902
HRS,Harrismith Airport,-28.23509979248047,29.106199264526367
HDS,Hoedspruit Air Force Base Airport,-24.368600845299998,31.0487003326
JNB,OR Tambo International Airport,-26.1392,28.246
KXE,P C Pelser Airport,-26.8710994720459,26.718000411987305
KIM,Kimberley Airport,-28.802799224900003,24.7651996613
KMH,Johan Pienaar Airport,-27.45669937133789,23.411399841308594
KLZ,Kleinsee Airport,-29.6884002686,17.093999862700002
HLA,Lanseria Airport,-25.938499450699997,27.9260997772
SDB,Langebaanweg Airport,-32.968898773199996,18.1602993011
LAY,Ladysmith Airport,-28.5816993713,29.749700546299998
MGH,Margate Airport,-30.8574008942,30.343000412
LLE,Riverside Airport,-25.4300003052,31.5767002106
MZQ,Mkuze Airport,-27.626100540161133,32.0443000793457
NCS,Newcastle Airport,-27.7705993652,29.976900100699996
OVG,Overberg Airport,-34.554901123,20.250699996900003
OUH,Oudtshoorn Airport,-33.6069984436,22.188999176
PLZ,Port Elizabeth Airport,-33.9849014282,25.6173000336
PBZ,Plettenberg Bay Airport,-34.0881601675,23.3287234306
PHW,Hendrik Van Eck Airport,-23.937200546299998,31.1553993225
JOH,Port St Johns Airport,-31.605899810791016,29.519800186157227
PZB,Pietermaritzburg Airport,-29.649000167799997,30.3987007141
NTY,Pilanesberg International Airport,-25.333799362199997,27.173400878900004
PTG,Polokwane International Airport,-23.845269,29.458615
PCF,Potchefstroom Airport,-26.670999527,27.0818996429
UTW,Queenstown Airport,-31.92020034790039,26.882200241088867
RCB,Richards Bay Airport,-28.740999221800003,32.0920982361
ROD,Robertson Airport,-33.812198638916016,19.902799606323242
SBU,Springbok Airport,-29.689300537109375,17.939599990844727
ZEC,Secunda Airport,-26.52409935,29.170099258399997
SIS,Sishen Airport,-27.6485996246,22.9993000031
SZK,Skukuza Airport,-24.960899353,31.5886993408
LTA,Tzaneen Airport,-23.8243999481,30.329299926799997
ULD,Prince Mangosuthu Buthelezi Airport,-28.3206005096,31.4165000916
UTN,Pierre Van Ryneveld Airport,-28.39909935,21.260200500499998
UTT,K. D. Matanzima Airport,-31.546363184900002,28.6733551025
VRU,Vryburg Airport,-26.9824008942,24.7287998199
VIR,Virginia Airport,-29.770599365234375,31.058399200439453
VRE,Vredendal Airport,-31.641000747680664,18.5447998046875
PRY,Wonderboom Airport,-25.6539,28.224199
WKF,Waterkloof Air Force Base,-25.829999923699997,28.222499847399998
FRW,Francistown Airport,-21.15959930419922,27.47450065612793
JWA,Jwaneng Airport,-24.6023006439209,24.69099998474121
BBK,Kasane Airport,-17.83289909362793,25.162399291992188
MUB,Maun Airport,-19.97260093688965,23.431100845336914
GBE,Sir Seretse Khama International Airport,-24.555201,25.9182
PKW,Selebi Phikwe Airport,-22.0583,27.8288
BZV,Maya-Maya Airport,-4.251699924468994,15.253000259399414
FTX,Owando Airport,-0.5313500165939331,15.95009994506836
OUE,Ouesso Airport,1.6159900426899998,16.0379009247
PNR,Pointe Noire Airport,-4.816030025482178,11.88659954071045
MTS,Matsapha Airport,-26.52899932861328,31.3075008392334
BGF,Bangui M'Poko International Airport,4.39847993850708,18.518800735473633
BBT,Berbérati Airport,4.2215800285339355,15.786399841308594
BSG,Bata Airport,1.9054700136184692,9.805680274963379
SSG,Malabo Airport,3.755270004272461,8.708720207214355
ASI,RAF Ascension Island,-7.9696,-14.3937
MRU,Sir Seewoosagur Ramgoolam International Airport,-20.430201,57.683601
RRG,Sir Charles Gaetan Duval Airport,-19.7577,63.361
NKW,Diego Garcia Naval Support Facility,-7.31327,72.411102
TKC,Tiko Airport,4.08919000626,9.360529899600001
DLA,Douala International Airport,4.0060801506,9.719479560849999
MVR,Salak Airport,10.451399803161621,14.257399559020996
FOM,Foumban Nkounja Airport,5.636919975280762,10.750800132751465
NGE,N'Gaoundéré Airport,7.3570098876953125,13.559200286865234
GOU,Garoua International Airport,9.33588981628418,13.370100021362305
BFX,Bafoussam Airport,5.536920070650001,10.354599952700001
BPC,Bamenda Airport,6.039239883422852,10.122599601745605
YAO,Yaoundé Airport,3.8360400199890137,11.523500442504883
CGJ,Kasompe Airport,-12.572799682617,27.893899917603
LVI,Livingstone Airport,-17.821800231933594,25.82270050048828
LUN,Kenneth Kaunda International Airport Lusaka,-15.3308000565,28.4526004791
MFU,Mfuwe Airport,-13.258899688720703,31.936599731445312
MNR,Mongu Airport,-15.254500389099121,23.16230010986328
NLA,Simon Mwansa Kapwepwe International Airport,-12.998100280762,28.66489982605
KIW,Southdowns Airport,-12.900500297546387,28.149900436401367
HAH,Prince Said Ibrahim International Airport,-11.5337,43.2719
NWA,Mohéli Bandar Es Eslam Airport,-12.298100471496582,43.76639938354492
AJN,Ouani Airport,-12.131699562072754,44.430301666259766
DZA,Dzaoudzi Pamandzi International Airport,-12.804699897766113,45.28110122680664
RUN,Roland Garros Airport,-20.887100219726562,55.51029968261719
ZSE,Pierrefonds Airport,-21.320899963378906,55.42499923706055
TNR,Ivato Airport,-18.7969,47.478802
ZVA,Miandrivazo Airport,-19.56279945373535,45.450801849365234
SMS,Sainte Marie Airport,-17.093900680541992,49.815799713134766
TMM,Toamasina Airport,-18.109500885009766,49.39250183105469
MOQ,Morondava Airport,-20.284700393676758,44.31760025024414
DIE,Arrachart Airport,-12.34939956665039,49.29169845581055
WMR,Mananara Nord Airport,-16.16390037536621,49.773799896240234
ZWA,Andapa Airport,-14.651700019836426,49.620601654052734
AMB,Ambilobe Airport,-13.188400268554688,48.987998962402344
ANM,Antsirabato Airport,-14.99940013885498,50.3202018737793
HVA,Analalava Airport,-14.62969970703125,47.76380157470703
MJN,Amborovy Airport,-15.6668417421,46.351232528699995
NOS,Fascene Airport,-13.3121004105,48.3148002625
BPY,Besalampy Airport,-16.744530296500002,44.4824838638
WMN,Maroantsetra Airport,-15.436699867248535,49.68830108642578
SVB,Sambava Airport,-14.278599739074707,50.17470169067383
VOH,Vohimarina Airport,-13.375800132751465,50.00279998779297
WAI,Ambalabe Airport,-14.898799896240234,47.993900299072266
IVA,Ampampamena Airport,-13.484816,48.632702
FTU,Tôlanaro Airport,-25.03809928894043,46.95610046386719
WFI,Fianarantsoa Airport,-21.441600799560547,47.111698150634766
RVA,Farafangana Airport,-22.805299758911133,47.82059860229492
WVK,Manakara Airport,-22.119699478149414,48.02170181274414
MNJ,Mananjary Airport,-21.201799392700195,48.358299255371094
MXM,Morombe Airport,-21.7539005279541,43.3754997253418
TLE,Toliara Airport,-23.383399963378906,43.72850036621094
SSY,Mbanza Congo Airport,-6.269899845123291,14.246999740600586
BUG,Benguela Airport,-12.609000206,13.4036998749
CAB,Cabinda Airport,-5.59699010848999,12.188400268554688
NOV,Nova Lisboa Airport,-12.808899879455566,15.760499954223633
SVP,Kuito Airport,-12.404600143433,16.947399139404
LAD,Quatro de Fevereiro Airport,-8.85837,13.2312
MEG,Malanje Airport,-9.525090217590332,16.312400817871094
SPP,Menongue Airport,-14.657600402832031,17.71980094909668
GXG,Negage Airport,-7.754509925842285,15.287699699401855
PBN,Porto Amboim Airport,-10.722000122070312,13.76550006866455
VHC,Saurimo Airport,-9.689069747924805,20.431900024414062
SZA,Soyo Airport,-6.141089916229248,12.371800422668457
SDD,Lubango Airport,-14.924699783325195,13.574999809265137
LUO,Luena Airport,-11.768099784851074,19.8976993560791
UGO,Uige Airport,-7.60306978225708,15.027799606323242
XGN,Xangongo Airport,-16.755399703979492,14.965299606323242
OYE,Oyem Airport,1.5431100130081177,11.581399917602539
OKN,Okondja Airport,-0.6652140021324158,13.673100471496582
LBQ,Lambarene Airport,-0.7043889760971069,10.245699882507324
BMM,Bitam Airport,2.0756399631500244,11.493200302124023
POG,Port Gentil Airport,-0.7117390036582947,8.754380226135254
OMB,Omboue Hopital Airport,-1.5747300386428833,9.262689590454102
MKU,Makokou Airport,0.5792109966278076,12.890899658203125
LBV,Libreville Leon M'ba International Airport,0.458600014448,9.412280082699999
MVB,M'Vengue El Hadj Omar Bongo Ondimba International Airport,-1.6561599969863892,13.437999725341797
PCP,Principe Airport,1.6629400253295898,7.411739826202393
TMS,São Tomé International Airport,0.3781749904155731,6.7121500968933105
BEW,Beira Airport,-19.79640007019043,34.90760040283203
INH,Inhambane Airport,-23.876399993896484,35.40850067138672
VXC,Lichinga Airport,-13.274,35.2663
LFB,Lumbo Airport,-15.0331001282,40.671699523899996
MPM,Maputo Airport,-25.920799,32.572601
MUD,Mueda Airport,-11.672900199890137,39.5630989074707
MZB,Mocímboa da Praia Airport,-11.361800193786621,40.35490036010742
MNC,Nacala Airport,-14.488200187683105,40.71220016479492
APL,Nampula Airport,-15.105600357055664,39.28179931640625
POL,Pemba Airport,-12.991762161254883,40.52401351928711
UEL,Quelimane Airport,-17.855499267578125,36.86909866333008
TET,Chingozi Airport,-16.104799270629883,33.640201568603516
VNX,Vilankulo Airport,-22.018400192260742,35.31330108642578
DES,Desroches Airport,-5.6967,53.6558
SEZ,Seychelles International Airport,-4.67434,55.521801
PRI,Praslin Airport,-4.3192901611328125,55.69139862060547
AEH,Abeche Airport,13.847000122070312,20.84429931640625
MQQ,Moundou Airport,8.624409675598145,16.071399688720703
NDJ,N'Djamena International Airport,12.1337,15.034
FYT,Faya Largeau Airport,17.91710090637207,19.111099243164062
BUQ,Joshua Mqabuko Nkomo International Airport,-20.017401,28.617901
BFO,Buffalo Range Airport,-21.008101,31.5786
VFA,Victoria Falls International Airport,-18.09589958190918,25.839000701904297
HRE,Robert Gabriel Mugabe International Airport,-17.931801,31.0928
KAB,Kariba International Airport,-16.519800186157227,28.885000228881836
UTA,Mutare Airport,-18.997499465942,32.627201080322
MVZ,Masvingo International Airport,-20.055299758911133,30.859100341796875
GWE,Thornhill Air Base,-19.436399459838867,29.861900329589844
HWN,Hwange National Park Airport,-18.629899978637695,27.020999908447266
BLZ,Chileka International Airport,-15.679100036621094,34.9739990234375
KGJ,Karonga Airport,-9.953570365905762,33.893001556396484
KBQ,Kasungu Airport,-13.014599800109863,33.46860122680664
LLW,Lilongwe International Airport,-13.7894001007,33.78099823
ZZU,Mzuzu Airport,-11.444700241088867,34.01179885864258
MSU,Moshoeshoe I International Airport,-29.462299346923828,27.552499771118164
FIH,Ndjili International Airport,-4.38575,15.4446
NLO,Ndolo Airport,-4.32666015625,15.327500343323
MNB,Muanda Airport,-5.9308600425720215,12.351799964904785
FDU,Bandundu Airport,-3.3113200664520264,17.38170051574707
KKW,Kikwit Airport,-5.035769939422607,18.785600662231445
MDK,Mbandaka Airport,0.0226000007242,18.2887001038
BDT,Gbadolite Airport,4.253210067749023,20.975299835205078
GMA,Gemena Airport,3.2353699207299997,19.771299362199997
KLI,Kotakoli Airport,4.157639980316162,21.65089988708496
LIQ,Lisala Airport,2.17066,21.496901
FKI,Bangoka International Airport,0.481638997793,25.3379993439
IRP,Matari Airport,2.8276100158691406,27.588300704956055
BUX,Bunia Airport,1.5657199621200562,30.220800399780273
BZU,Buta Zega Airport,2.818350076675415,24.793699264526367
BKY,Bukavu Kavumu Airport,-2.3089799880981445,28.808799743652344
GOM,Goma International Airport,-1.6708099842071533,29.238500595092773
KND,Kindu Airport,-2.91917991638,25.915399551399997
FBM,Lubumbashi International Airport,-11.5913000107,27.5308990479
KWZ,Kolwezi Airport,-10.765899658203125,25.505699157714844
FMI,Kalemie Airport,-5.8755598068237305,29.25
KMN,Kamina Base Airport,-8.642020225524902,25.252899169921875
KGA,Kananga Airport,-5.90005016327,22.4692001343
MJM,Mbuji Mayi Airport,-6.121240139010001,23.569000244099996
BKO,Modibo Keita International Airport,12.5335,-7.94994
GAQ,Gao Airport,16.24839973449707,-0.005456000100821257
KYS,Kayes Dag Dag Airport,14.481200218200684,-11.404399871826172
MZI,Mopti Airport,14.5128002167,-4.0795598030099995
TOM,Timbuktu Airport,16.730499267578125,-3.007580041885376
BJL,Banjul International Airport,13.338000297546387,-16.65220069885254
FUE,Fuerteventura Airport,28.452699661254883,-13.863800048828125
VDE,Hierro Airport,27.814800262451172,-17.887100219726562
SPC,La Palma Airport,28.626499,-17.7556
LPA,Gran Canaria Airport,27.931900024414062,-15.38659954071045
ACE,Lanzarote Airport,28.945499,-13.6052
TFS,Tenerife South Airport,28.044500351,-16.5725002289
TFN,Tenerife Norte Airport,28.4827003479,-16.3414993286
MLN,Melilla Airport,35.279800415,-2.9562599659
FNA,Lungi International Airport,8.61644,-13.1955
MLW,Spriggs Payne Airport,6.289060115814209,-10.758700370788574
ROB,Roberts International Airport,6.23379,-10.3623
AGA,Al Massira Airport,30.325000762939453,-9.413069725036621
TTA,Tan Tan Airport,28.448200225830078,-11.161299705505371
FEZ,Saïss Airport,33.9272994995,-4.977960109709999
ERH,Moulay Ali Cherif Airport,31.9475002289,-4.39833021164
MEK,Bassatine Airport,33.87910079956055,-5.515120029449463
OUD,Angads Airport,34.787200927734375,-1.92399001121521
GMD,Ben Slimane Airport,33.655399,-7.22145
RBA,Rabat-Salé Airport,34.051498,-6.75152
CMN,Mohammed V International Airport,33.36750030517578,-7.589970111846924
RAK,Menara Airport,31.606899261499997,-8.03629970551
NNA,Kenitra Airport,34.29890060424805,-6.595880031585693
OZZ,Ouarzazate Airport,30.9391002655,-6.909430027010001
AHU,Cherif Al Idrissi Airport,35.177101135253906,-3.83951997756958
TTU,Saniat R'mel Airport,35.594299316406,-5.320020198822
TNG,Ibn Batouta Airport,35.726898193400004,-5.91689014435
ZIG,Ziguinchor Airport,12.5556,-16.281799
CSK,Cap Skirring Airport,12.39533,-16.748
KLC,Kaolack Airport,14.146900177001953,-16.051300048828125
DKR,Léopold Sédar Senghor International Airport,14.739700317382812,-17.49020004272461
XLS,Saint Louis Airport,16.050800323486328,-16.463199615478516
BXE,Bakel Airport,14.847299575805664,-12.468299865722656
KGG,Kédougou Airport,12.57229995727539,-12.22029972076416
TUD,Tambacounda Airport,13.736800193786621,-13.65310001373291
AEO,Aioun el Atrouss Airport,16.711299896240234,-9.637880325317383
TIY,Tidjikja Airport,18.570100784301758,-11.423500061035156
KFA,Kiffa Airport,16.59000015258789,-11.406200408935547
EMN,Néma Airport,16.621999740600586,-7.3165998458862305
KED,Kaédi Airport,16.159500122070312,-13.507599830627441
NKC,Nouakchott–Oumtounsy International Airport,18.31,-15.9697222
SEY,Sélibaby Airport,15.179699897766113,-12.207300186157227
ATR,Atar International Airport,20.506799697875977,-13.04319953918457
NDB,Nouadhibou International Airport,20.9330997467041,-17.030000686645508
FIG,Fria Airport,10.350600242615,-13.569199562073
FAA,Faranah Airport,10.0354995728,-10.7698001862
LEK,Tata Airport,11.326100349426,-12.286800384521
SID,Amílcar Cabral International Airport,16.7414,-22.9494
BVC,Rabil Airport,16.136499404907227,-22.888900756835938
MMO,Maio Airport,15.155900001525879,-23.213699340820312
SNE,Preguiça Airport,16.58839988708496,-24.284700393676758
VXE,São Pedro Airport,16.833200454711914,-25.055299758911133
ADD,Addis Ababa Bole International Airport,8.97789001465,38.799301147499996
AMH,Arba Minch Airport,6.0393900871276855,37.59049987792969
AXU,Axum Airport,14.14680004119873,38.77280044555664
BJR,Bahir Dar Airport,11.608099937438965,37.32160186767578
DIR,Aba Tenna Dejazmach Yilma International Airport,9.624699592590332,41.85419845581055
GMB,Gambella Airport,8.12876033782959,34.5630989074707
GDQ,Gonder Airport,12.51990032196045,37.433998107910156
JIM,Jimma Airport,7.66609001159668,36.81660079956055
LLI,Lalibella Airport,11.975000381469727,38.97999954223633
MQX,Mekele Airport,13.467399597167969,39.53350067138672
ASO,Asosa Airport,10.018500328063965,34.586299896240234
BJM,Bujumbura International Airport,-3.3240199089050293,29.318500518798828
HGA,Egal International Airport,9.518170356750488,44.08879852294922
BBO,Berbera Airport,10.389200210571289,44.94110107421875
KMU,Kisimayu Airport,-0.3773530125617981,42.45920181274414
ALY,El Nouzha Airport,31.183900833129883,29.94890022277832
ABS,Abu Simbel Airport,22.375999450699997,31.611700058
CAI,Cairo International Airport,30.12190055847168,31.40559959411621
CWE,Cairo West Airport,30.116399765,30.915399551399997
HRG,Hurghada International Airport,27.178300857543945,33.799400329589844
EGH,El Gora Airport,31.068559,34.129629
LXR,Luxor International Airport,25.671,32.7066
MUH,Mersa Matruh Airport,31.3253993988,27.221700668300002
PSD,Port Said Airport,31.279399871826172,32.2400016784668
SKV,St Catherine International Airport,28.685300827,34.0625
ASW,Aswan International Airport,23.9643993378,32.8199996948
ELT,El Tor Airport,28.208999633789062,33.64550018310547
EDL,Eldoret International Airport,0.4044579863548279,35.23889923095703
GGM,Kakamega Airport,0.271342009306,34.7873001099
KIS,Kisumu Airport,-0.0861390009522438,34.72890090942383
KTL,Kitale Airport,0.9719889760017395,34.95859909057617
LOK,Lodwar Airport,3.1219699382781982,35.608699798583984
LAU,Manda Airstrip,-2.252419948577881,40.91310119628906
MBA,Mombasa Moi International Airport,-4.034830093383789,39.594200134277344
WIL,Nairobi Wilson Airport,-1.321720004081726,36.81480026245117
WJR,Wajir Airport,1.73324,40.091599
GHT,Ghat Airport,25.1455993652,10.142600059500001
AKF,Kufra Airport,24.178699493408203,23.31399917602539
BEN,Benina International Airport,32.096801757799994,20.2695007324
SEB,Sabha Airport,26.98699951171875,14.47249984741211
TIP,Tripoli International Airport,32.6635017395,13.1590003967
LMQ,Marsa Brega Airport,30.37809944152832,19.576400756835938
HUQ,Hon Airport,29.11009979248047,15.96560001373291
LTD,Ghadames East Airport,30.15169906616211,9.715310096740723
GYI,Gisenyi Airport,-1.6771999597549438,29.258899688720703
KGL,Kigali International Airport,-1.96863,30.1395
KME,Kamembe Airport,-2.462239980697632,28.907899856567383
DOG,Dongola Airport,19.153900146499996,30.430099487299998
RSS,Damazin Airport,11.7859,34.3367
ELF,El Fasher Airport,13.614899635314941,25.324600219726562
KSL,Kassala Airport,15.387499809265137,36.328800201416016
KDX,Kadugli Airport,11.137999534600002,29.7010993958
EBD,El Obeid Airport,13.153200149536133,30.23270034790039
JUB,Juba International Airport,4.87201023102,31.6011009216
MAK,Malakal Airport,9.55897045135498,31.65220069885254
KRT,Khartoum International Airport,15.589500427246094,32.553199768066406
ARK,Arusha Airport,-3.3677899837493896,36.63330078125
DAR,Julius Nyerere International Airport,-6.87811,39.202599
DOD,Dodoma Airport,-6.170440196990967,35.752601623535156
IRI,Iringa Airport,-7.668630123138428,35.75210189819336
JRO,Kilimanjaro International Airport,-3.42940998077,37.0745010376
LKY,Lake Manyara Airport,-3.376310110092163,35.81829833984375
MYW,Mtwara Airport,-10.339099884033203,40.181800842285156
MWZ,Mwanza Airport,-2.4444899559020996,32.932701110839844
PMA,Pemba Airport,-5.257259845733643,39.8114013671875
TGT,Tanga Airport,-5.092360019683838,39.07120132446289
ZNZ,Abeid Amani Karume International Airport,-6.22202,39.224899
EBB,Entebbe International Airport,0.042386,32.443501
SRT,Soroti Airport,1.7276899814605713,33.622798919677734
TIA,Tirana International Airport Mother Teresa,41.4146995544,19.7206001282
BOJ,Burgas Airport,42.56959915161133,27.515199661254883
GOZ,Gorna Oryahovitsa Airport,43.15140151977539,25.712900161743164
PDV,Plovdiv International Airport,42.067799,24.8508
SOF,Sofia Airport,42.696693420410156,23.411436080932617
SZR,Stara Zagora Airport,42.3766667,25.655
VAR,Varna Airport,43.232101,27.8251
LCA,Larnaca International Airport,34.875099182128906,33.624900817871094
PFO,Paphos International Airport,34.71799850463867,32.48569869995117
AKT,RAF Akrotiri,34.590401,32.9879
DBV,Dubrovnik Airport,42.5614013671875,18.268199920654297
OSI,Osijek Airport,45.46269989013672,18.810199737548828
PUY,Pula Airport,44.89350128173828,13.922200202941895
RJK,Rijeka Airport,45.21689987182617,14.570300102233887
SPU,Split Airport,43.53889846801758,16.29800033569336
ZAG,Zagreb Airport,45.7429008484,16.0687999725
ZAD,Zadar Airport,44.108299,15.3467
ABC,Albacete-Los Llanos Airport,38.9485015869,-1.8635200262099998
ALC,Alicante International Airport,38.28219985961914,-0.5581560134887695
LEI,Almería International Airport,36.84389877319336,-2.3701000213623047
OVD,Asturias Airport,43.5635986328125,-6.0346198081970215
ODB,Córdoba Airport,37.84199905395508,-4.848879814147949
BIO,Bilbao Airport,43.30110168457031,-2.9106099605560303
BCN,Barcelona International Airport,41.2971,2.07846
BJZ,Badajoz Airport,38.891300201416016,-6.8213300704956055
LCG,A Coruña Airport,43.302101,-8.37726
GRO,Girona Airport,41.901000977,2.7605500221
GRX,Federico Garcia Lorca Airport,37.18870162963867,-3.777359962463379
IBZ,Ibiza Airport,38.872898101800004,1.3731199502899998
XRY,Jerez Airport,36.744598388671875,-6.060110092163086
MJV,San Javier Airport,37.775001525878906,-0.8123890161514282
MAD,Adolfo Suárez Madrid–Barajas Airport,40.471926,-3.56264
AGP,Málaga Airport,36.67490005493164,-4.499110221862793
MAH,Menorca Airport,39.86259841918945,4.218649864196777
OZP,Moron Air Base,37.17490005493164,-5.615940093994141
PNA,Pamplona Airport,42.77000045776367,-1.6463299989700317
REU,Reus Air Base,41.14739990234375,1.1671700477600098
ROZ,Rota Naval Station Airport,36.645198822,-6.34946012497
SLM,Salamanca Airport,40.95209884643555,-5.501989841461182
EAS,San Sebastian Airport,43.35649871826172,-1.7906099557876587
SCQ,Santiago de Compostela Airport,42.89630126953125,-8.415140151977539
LEU,Pirineus - la Seu d'Urgel Airport,42.3386,1.40917
TOJ,Torrejón Airport,40.496700286865234,-3.4458699226379395
VLC,Valencia Airport,39.4893,-0.481625
VLL,Valladolid Airport,41.7061004639,-4.85194015503
VIT,Vitoria/Foronda Airport,42.8828010559082,-2.7244699001312256
VGO,Vigo Airport,42.2318000793457,-8.62677001953125
SDR,Santander Airport,43.427101135253906,-3.82000994682312
ZAZ,Zaragoza Air Base,41.66619873046875,-1.0415500402450562
SVQ,Sevilla Airport,37.417999267578125,-5.8931097984313965
CQF,Calais-Dunkerque Airport,50.962100982666016,1.954759955406189
BYF,Albert-Bray Airport,49.9715003967,2.69765996933
LTQ,Le Touquet-Côte d'Opale Airport,50.517398834228516,1.6205899715423584
XVS,Valenciennes-Denain Airport,50.325801849365234,3.4612600803375244
AGF,Agen-La Garenne Airport,44.17470169067383,0.5905560255050659
BOD,Bordeaux-Mérignac Airport,44.828300476100004,-0.715556025505
EGC,Bergerac-Roumanière Airport,44.82529830932617,0.5186110138893127
CNG,Cognac-Châteaubernard (BA 709) Air Base,45.65829849243164,-0.3174999952316284
PIS,Poitiers-Biard Airport,46.58769989013672,0.30666598677635193
MCU,Montluçon-Guéret Airport,46.222599029541016,2.363960027694702
LIG,Limoges Airport,45.86280059814453,1.1794400215148926
NIT,Niort-Souché Airport,46.313477,-0.394529
TLS,Toulouse-Blagnac Airport,43.629101,1.36382
PUF,Pau Pyrénées Airport,43.380001068115234,-0.41861099004745483
LDE,Tarbes-Lourdes-Pyrénées Airport,43.1786994934082,-0.006438999902456999
ANG,Angoulême-Brie-Champniers Airport,45.72919845581055,0.22145600616931915
BVE,Brive Souillac Airport,45.039722,1.485556
PGX,Périgueux-Bassillac Airport,45.19810104370117,0.815555989742279
BIQ,Biarritz-Anglet-Bayonne Airport,43.4683333,-1.5311111
ZAO,Cahors-Lalbenque Airport,44.35139846801758,1.4752800464630127
LBI,Albi-Le Séquestre Airport,43.91389846801758,2.1130599975585938
DCM,Castres-Mazamet Airport,43.55630111694336,2.289180040359497
RDZ,Rodez-Marcillac Airport,44.407901763916016,2.4826700687408447
RYN,Royan-Médis Airport,45.62810134887695,-0.9725000262260437
XMW,Montauban Airport,44.025699615478516,1.3780399560928345
RCO,Rochefort-Saint-Agnant (BA 721) Airport,45.88779830932617,-0.9830560088157654
CMR,Colmar-Houssen Airport,48.109901428222656,7.359010219573975
DLE,Dole-Tavaux Airport,47.042686,5.435063
OBS,Aubenas-Ardèche Méridional Airport,44.544203,4.372192
LPY,Le Puy-Loudes Airport,45.0806999206543,3.762890100479126
ETZ,Metz-Nancy-Lorraine Airport,48.9821014404,6.25131988525
BIA,Bastia-Poretta Airport,42.55270004272461,9.48373031616211
CLY,Calvi-Sainte-Catherine Airport,42.5244444,8.7930556
FSC,Figari Sud-Corse Airport,41.5005989074707,9.097780227661133
AJA,Ajaccio-Napoléon Bonaparte Airport,41.92359924316406,8.8029203414917
PRP,Propriano Airport,41.66059875488281,8.889749526977539
SOZ,Solenzara (BA 126) Air Base,41.924400329589844,9.406000137329102
AUF,Auxerre-Branches Airport,47.85020065307617,3.497109889984131
CMF,Chambéry-Savoie Airport,45.638099670410156,5.880229949951172
CFE,Clermont-Ferrand Auvergne Airport,45.7867012024,3.1691699028
BOU,Bourges Airport,47.058101654052734,2.3702800273895264
QNJ,Annemasse Airport,46.1920013428,6.268390178680001
LYS,Lyon Saint-Exupéry Airport,45.725556,5.081111
SYT,Saint-Yan Airport,46.412498474121094,4.0132598876953125
RNE,Roanne-Renaison Airport,46.05830001831055,4.001389980316162
NCY,Annecy-Haute-Savoie-Mont Blanc Airport,45.9308333,6.1063889
GNB,Grenoble-Isère Airport,45.36289978027344,5.329370021820068
VAF,Valence-Chabeuil Airport,44.9216,4.9699
VHY,Vichy-Charmeil Airport,46.169700622558594,3.4037399291992188
AUR,Aurillac Airport,44.89139938354492,2.4219400882720947
CHR,"Châteauroux-Déols ""Marcel Dassault"" Airport",46.860278,1.721111
LYN,Lyon-Bron Airport,45.72719955444336,4.944270133972168
CEQ,Cannes-Mandelieu Airport,43.542,6.95348
EBU,Saint-Étienne-Bouthéon Airport,45.54059982299805,4.296390056610107
CCF,Carcassonne Airport,43.215999603271484,2.3063199520111084
MRS,Marseille Provence Airport,43.439271922,5.22142410278
NCE,Nice-Côte d'Azur Airport,43.6584014893,7.215869903560001
XOG,Orange-Caritat (BA 115) Air Base,44.140499114990234,4.866720199584961
PGF,Perpignan-Rivesaltes (Llabanère) Airport,42.74039840698242,2.8706700801849365
CTT,Le Castellet Airport,43.252498626708984,5.785190105438232
MPL,Montpellier-Méditerranée Airport,43.57619857788086,3.96301007270813
BZR,Béziers-Vias Airport,43.32350158691406,3.3538999557495117
AVN,Avignon-Caumont Airport,43.90729904174805,4.901830196380615
MEN,Mende-Brenoux Airfield,44.502102,3.53282
BVA,Paris Beauvais Tillé Airport,49.45439910888672,2.1127800941467285
EVX,Évreux-Fauville (BA 105) Air Base,49.02870178222656,1.2198599576950073
LEH,Le Havre Octeville Airport,49.53390121459961,0.08805599808692932
XAB,Abbeville,50.143501,1.831891
ORE,Orléans-Bricy (BA 123) Air Base,47.9878005981,1.7605600357100002
XCR,Châlons-Vatry Airport,48.7733333333,4.206111111
URO,Rouen Airport,49.38420104980469,1.1748000383377075
TUF,Tours-Val-de-Loire Airport,47.4322013855,0.727605998516
CET,Cholet Le Pontreau Airport,47.08209991455078,-0.8770639896392822
LVA,Laval-Entrammes Airport,48.03139877319336,-0.7429860234260559
LBG,Paris-Le Bourget Airport,48.969398498535156,2.441390037536621
CSF,Creil Air Base,49.253501892089844,2.5191400051116943
CDG,Charles de Gaulle International Airport,49.012798,2.55
TNF,Toussus-le-Noble Airport,48.75189971923828,2.1061899662017822
ORY,Paris-Orly Airport,48.7233333,2.3794444
POX,Pontoise - Cormeilles-en-Vexin Airport,49.096667,2.040833
VIY,Villacoublay-Vélizy (BA 107) Air Base,48.7741667,2.1916667
NVS,Nevers-Fourchambault Airport,47.002601623535156,3.1133298873901367
XME,Maubeuge-Élesmes Airport,50.31050109863281,4.033120155334473
LIL,Lille-Lesquin Airport,50.563332,3.086886
HZB,Merville-Calonne Airport,50.61840057373047,2.642240047454834
XCZ,Charleville-Mézières Airport,49.78390121459961,4.647079944610596
BES,Brest Bretagne Airport,48.447898864746094,-4.418540000915527
CER,Cherbourg-Maupertus Airport,49.65010070800781,-1.4702800512313843
DNR,Dinard-Pleurtuit-Saint-Malo Airport,48.58769989013672,-2.0799601078033447
LBY,La Baule-Escoublac Airport,47.289398193359375,-2.3463900089263916
GFR,Granville Airport,48.88309860229492,-1.564170002937317
DOL,Deauville-Saint-Gatien Airport,49.3652992249,0.154305994511
LRT,Lorient South Brittany (Bretagne Sud) Airport,47.76060104370117,-3.440000057220459
EDM,La Roche-sur-Yon Airport,46.701900482177734,-1.3786300420761108
LDV,Landivisiau Air Base,48.53030014038086,-4.151639938354492
CFR,Caen-Carpiquet Airport,49.173301696777344,-0.44999998807907104
LME,Le Mans-Arnage Airport,47.94860076904297,0.20166699588298798
RNS,Rennes-Saint-Jacques Airport,48.069499969499994,-1.73478996754
LAI,Lannion-Côte de Granit Airport,48.754398,-3.47166
UIP,Quimper-Cornouaille Airport,47.974998474121094,-4.167789936065674
NTE,Nantes Atlantique Airport,47.153198242200006,-1.61073005199
SBK,Saint-Brieuc-Armor Airport,48.5378,-2.85444
MXN,Morlaix-Ploujean Airport,48.6031990051,-3.81577992439
VNE,Vannes-Meucon Airport,47.72330093383789,-2.718559980392456
SNR,Saint-Nazaire-Montoir Airport,47.3105556,-2.1566667
BSL,EuroAirport Basel-Mulhouse-Freiburg Airport,47.59,7.5291667
DIJ,Dijon-Bourgogne Airport,47.268902,5.09
MZM,Metz-Frescaty (BA 128) Air Base,49.07170104980469,6.131669998168945
EPL,Épinal-Mirecourt Airport,48.325001,6.06998
ENC,Nancy-Essey Airport,48.692100524902344,6.230460166931152
RHE,Reims-Champagne (BA 112) Air Base,49.310001,4.05
SXB,Strasbourg Airport,48.538299560546875,7.628230094909668
TLN,Toulon-Hyères Airport,43.0973014832,6.14602994919
FNI,Nîmes-Arles-Camargue Airport,43.75740051269531,4.4163498878479
MQC,Miquelon Airport,47.095500946,-56.3802986145
FSP,St Pierre Airport,46.762901306152344,-56.173099517822266
PYR,Andravida Air Base,37.9207,21.292601
AGQ,Agrinion Air Base,38.602001,21.3512001
AXD,Dimokritos Airport,40.855899810791016,25.956300735473633
VOL,Nea Anchialos Airport,39.219600677490234,22.794300079345703
JKH,Chios Island National Airport,38.34320068359375,26.140600204467773
IOA,Ioannina Airport,39.6963996887207,20.822500228881836
HER,Heraklion International Nikos Kazantzakis Airport,35.3396987915,25.180299758900002
KSO,Kastoria National Airport,40.4463005066,21.2821998596
KIT,Kithira Airport,36.2742996216,23.0170001984
EFL,Kefallinia Airport,38.12009811401367,20.500499725341797
KLX,Kalamata Airport,37.06829833984375,22.02549934387207
KGS,Kos Airport,36.79330062866211,27.091699600219727
AOK,Karpathos Airport,35.4213981628418,27.145999908447266
CFU,Ioannis Kapodistrias International Airport,39.601898193359375,19.911699295043945
KSJ,Kasos Airport,35.4213981628,26.909999847399998
KVA,Alexander the Great International Airport,40.913299560546875,24.619199752807617
KZI,Filippos Airport,40.28609848022461,21.84079933166504
LRS,Leros Airport,37.184898,26.800301
LXS,Limnos Airport,39.917098999,25.236299514799995
LRA,Larisa Airport,39.650253,22.4655
JMK,Mikonos Airport,37.43510055541992,25.348100662231445
MJT,Mytilene International Airport,39.0567016602,26.5983009338
PVK,Aktion National Airport,38.925498962402344,20.765300750732422
RHO,Diagoras Airport,36.405399322509766,28.086200714111328
GPA,Araxos Airport,38.1511,21.4256
CHQ,Chania International Airport,35.531700134277344,24.149700164794922
JSI,Skiathos Island National Airport,39.177101135253906,23.503700256347656
SMI,Samos Airport,37.689998626708984,26.911699295043945
SPJ,Sparti Airport,36.973899841308594,22.52630043029785
JTR,Santorini Airport,36.399200439453125,25.479299545288086
JSH,Sitia Airport,35.21609878540039,26.101299285888672
SKU,Skiros Airport,38.9676017761,24.4871997833
SKG,Thessaloniki Macedonia International Airport,40.51969909667969,22.97089958190918
ZTH,"Zakynthos International Airport ""Dionysios Solomos""",37.7509,20.8843
BUD,Budapest Liszt Ferenc International Airport,47.42976,19.261093
DEB,Debrecen International Airport,47.48889923095703,21.615299224853516
CRV,Crotone Airport,38.9972,17.0802
BRI,Bari Karol Wojtyła Airport,41.138901,16.760599
FOG,"Foggia ""Gino Lisa"" Airport",41.432899,15.535
TAR,"Taranto-Grottaglie ""Marcello Arlotta"" Airport",40.517502,17.4032
LCC,Lecce Galatina Air Base,40.239201,18.133301
PSR,Pescara International Airport,42.431702,14.1811
BDS,Brindisi – Salento Airport,40.6576,17.947001
SUF,Lamezia Terme Airport,38.905399,16.2423
CTA,Catania-Fontanarossa Airport,37.466801,15.0664
LMP,Lampedusa Airport,35.497898,12.6181
PNL,Pantelleria Airport,36.816502,11.9689
PMO,Falcone–Borsellino Airport,38.175999,13.091
REG,Reggio Calabria Airport,38.071201,15.6516
TPS,Vincenzo Florio Airport Trapani-Birgi,37.9114,12.488
NSY,Sigonella Navy Air Base,37.401699,14.9224
AHO,Alghero-Fertilia Airport,40.632099,8.29077
DCI,Decimomannu Air Base,39.354198,8.97248
CAG,Cagliari Elmas Airport,39.251499,9.05428
OLB,Olbia Costa Smeralda Airport,40.898701,9.51763
TTB,Tortolì Airport,39.9188,9.68298
MXP,Malpensa International Airport,45.6306,8.72811
BGY,Il Caravaggio International Airport,45.673901,9.70417
TRN,Turin Airport,45.200802,7.64963
ALL,Villanova D'Albenga International Airport,44.050598,8.12743
GOA,Genoa Cristoforo Colombo Airport,44.4133,8.8375
LIN,Milano Linate Airport,45.445099,9.27674
PMF,Parma Airport,44.824501,10.2964
CUF,Cuneo International Airport,44.547001,7.62322
AVB,Aviano Air Base,46.031898,12.596503
BZO,Bolzano Airport,46.460201,11.3264
BLQ,Bologna Guglielmo Marconi Airport,44.5354,11.2887
TSF,Treviso-Sant'Angelo Airport,45.648399,12.1944
FRL,Forlì Airport,44.194801,12.0701
VBS,Brescia Airport,45.428902,10.3306
TRS,Trieste–Friuli Venezia Giulia Airport,45.827499,13.4722
RMI,Federico Fellini International Airport,44.020302,12.6117
VIC,Vicenza Airport,45.573399,11.5295
QPA,Padova Airport,45.395802,11.8479
VRN,Verona Villafranca Airport,45.395699,10.8885
VCE,Venice Marco Polo Airport,45.505299,12.3519
SAY,Siena-Ampugnano Airport,43.256302,11.255
CIA,Ciampino–G. B. Pastine International Airport,41.7994,12.5949
FCO,Leonardo da Vinci–Fiumicino Airport,41.8002778,12.2388889
EBA,Marina Di Campo Airport,42.7603,10.2394
QLT,Latina Air Base,41.5424,12.909
NAP,Naples International Airport,40.886002,14.2908
PSA,Pisa International Airport,43.683899,10.3927
FLR,Peretola Airport,43.810001,11.2051
GRS,Grosseto Air Base,42.759701,11.0719
PEG,Perugia San Francesco d'Assisi – Umbria International Airport,43.095901,12.5132
LJU,Ljubljana Jože Pučnik Airport,46.223701,14.4576
MBX,Maribor Airport,46.47990036010742,15.686100006103516
POW,Portoroz Airport,45.4734001159668,13.614999771118164
UHE,Kunovice Airport,49.02939987182617,17.439699172973633
KLV,Karlovy Vary International Airport,50.202999114990234,12.914999961853027
OSR,Ostrava Leos Janáček Airport,49.6963005065918,18.111099243164062
PED,Pardubice Airport,50.01340103149414,15.73859977722168
PRV,Přerov Air Base,49.42580032348633,17.404699325561523
PRG,Václav Havel Airport Prague,50.1008,14.26
BRQ,Brno-Tuřany Airport,49.15129852294922,16.694400787353516
VOD,Vodochody Airport,50.216599,14.3958
TLV,Ben Gurion International Airport,32.01139831542969,34.88669967651367
BEV,Beersheba (Teyman) Airport,31.287000656128,34.722999572754
ETH,Eilat Airport,29.56130027770996,34.96009826660156
EIY,Ein Yahav Airfield,30.621700286865234,35.20330047607422
HFA,Haifa International Airport,32.80939865112305,35.04309844970703
RPN,Ben Ya'akov Airport,32.98099899291992,35.5718994140625
MTZ,Bar Yehuda Airfield,31.32819938659668,35.38859939575195
VTM,Nevatim Air Base,31.208299636799996,35.012298584
VDA,Ovda International Airport,29.94029998779297,34.93579864501953
MIP,Ramon Air Base,30.776100158691406,34.66669845581055
SDV,Sde Dov Airport,32.11470031738281,34.78219985961914
MLA,Malta International Airport,35.857498,14.4775
GRZ,Graz Airport,46.9911003112793,15.439599990844727
INN,Innsbruck Airport,47.260201,11.344
LNZ,Linz Hörsching Airport,48.2332,14.1875
SZG,Salzburg Airport,47.793300628699996,13.0043001175
VIE,Vienna International Airport,48.110298156738,16.569700241089
AVR,Alverca Air Base,38.883301,-9.0301
SMA,Santa Maria Airport,36.97140121459961,-25.17060089111328
BGC,Bragança Airport,41.8578,-6.70713
BYJ,Beja Airport / Airbase,38.078899,-7.9324
BGZ,Braga Municipal Aerodrome,41.5871009827,-8.445139884949999
CAT,Cascais Airport,38.724998,-9.35523
FLW,Flores Airport,39.455299377441406,-31.131399154663086
FAO,Faro Airport,37.0144004822,-7.96590995789
GRW,Graciosa Airport,39.092201232910156,-28.029800415039062
HOR,Horta Airport,38.519901275634766,-28.715900421142578
TER,Lajes Airport,38.761799,-27.090799
QLR,Monte Real Air Base,39.828335,-8.8875
PDL,João Paulo II Airport,37.7411994934,-25.6979007721
PIX,Pico Airport,38.554298,-28.441299
PRM,Portimão Airport,37.1493,-8.58396
OPO,Francisco de Sá Carneiro Airport,41.2481002808,-8.68138980865
PXO,Porto Santo Airport,33.0733985901,-16.3500003815
LIS,Humberto Delgado Airport (Lisbon Portela Airport),38.7813,-9.13592
SJZ,São Jorge Airport,38.66550064086914,-28.175800323486328
VRL,Vila Real Airport,41.2743,-7.72047
VSE,Aerodromo Goncalves Lobato (Viseu Airport),40.725498,-7.88899
OMO,Mostar International Airport,43.282901763916016,17.84589958190918
SJJ,Sarajevo International Airport,43.82460021972656,18.331499099731445
ARW,Arad International Airport,46.17660140991211,21.261999130249023
BCM,Bacău Airport,46.52190017700195,26.91029930114746
BAY,Tautii Magheraus Airport,47.65840148925781,23.469999313354492
BBU,Băneasa International Airport,44.50320053100586,26.102100372314453
CND,Mihail Kogălniceanu International Airport,44.36220169067383,28.488300323486328
CLJ,Cluj-Napoca International Airport,46.78519821166992,23.686199188232422
CSB,Caransebeş Airport,45.41999816894531,22.253299713134766
CRA,Craiova Airport,44.31809997558594,23.888599395751953
IAS,Iaşi Airport,47.17850112915039,27.6205997467041
OMR,Oradea International Airport,47.025299072265625,21.90250015258789
OTP,Henri Coandă International Airport,44.5711111,26.085
SBZ,Sibiu International Airport,45.78559875488281,24.091299057006836
SUJ,Satu Mare Airport,47.70330047607422,22.885700225830078
SCV,Suceava Stefan cel Mare Airport,47.6875,26.35409927368164
TCE,Tulcea Airport,45.0625,28.71430015563965
TGM,Transilvania Târgu Mureş International Airport,46.46770095825195,24.412500381469727
TSR,Timişoara Traian Vuia Airport,45.809898376464844,21.337900161743164
GVA,Geneva Cointrin International Airport,46.23809814453125,6.108950138092041
SIR,Sion Airport,46.219600677500004,7.326759815220001
EML,Emmen Air Base,47.092444,8.305184
LUG,Lugano Airport,46.00429916379999,8.9105796814
BRN,Bern Belp Airport,46.914100647,7.497149944309999
ZHI,Grenchen Airport,47.181599,7.41719
ZRH,Zürich Airport,47.464699,8.54917
ACH,St Gallen Altenrhein Airport,47.4850006104,9.560770034789998
SMV,Samedan Airport,46.53409957885742,9.884110450744629
ESB,Esenboğa International Airport,40.128101348899996,32.995098114
ANK,Etimesgut Air Base,39.949798584,32.6885986328
ADA,Adana Airport,36.9822006226,35.280399322499996
UAB,İncirlik Air Base,37.002101898199996,35.4258995056
AFY,Afyon Airport,38.726398468,30.6011009216
AYT,Antalya International Airport,36.898701,30.800501
GZT,Gaziantep International Airport,36.9472007751,37.4786987305
KYA,Konya Airport,37.979,32.561901
MZH,Amasya Merzifon Airport,40.829399,35.521999
VAS,Sivas Nuri Demirağ Airport,39.813801,36.9035
MLX,Malatya Erhaç Airport,38.435298919699996,38.0909996033
ASR,Kayseri Erkilet Airport,38.770401001,35.4953994751
TJK,Tokat Airport,40.307430267333984,36.367408752441406
DNZ,Çardak Airport,37.7855987549,29.7012996674
ISL,Atatürk International Airport,40.976898,28.8146
BZI,Balıkesir Merkez Airport,39.619300842285156,27.926000595092773
BDM,Bandırma Airport,40.31800079345703,27.977699279785156
ESK,Eskişehir Air Base,39.7840995789,30.582099914599997
ADB,Adnan Menderes International Airport,38.2924003601,27.156999588
IGL,Çiğli Airport,38.513000488299994,27.010099411
KCO,Cengiz Topel Airport,40.73500061035156,30.08329963684082
DLM,Dalaman International Airport,36.7131004333,28.7924995422
BXN,Imsık Airport,37.140098571777344,27.669700622558594
EZS,Elazığ Airport,38.6068992615,39.2914009094
DIY,Diyarbakir Airport,37.893901825,40.201000213600004
ERC,Erzincan Airport,39.7102012634,39.527000427199994
ERZ,Erzurum International Airport,39.9565010071,41.17020034789999
TZX,Trabzon International Airport,40.99509811401367,39.78969955444336
VAN,Van Ferit Melen Airport,38.46820068359375,43.332298278808594
BAL,Batman Airport,37.929000854499996,41.1166000366
SXZ,Siirt Airport,37.97890090942383,41.84040069580078
BZY,Bălți International Airport,47.843056,27.777222
KIV,Chişinău International Airport,46.92770004272461,28.930999755859375
OHD,Ohrid St. Paul the Apostle Airport,41.18,20.7423
SKP,Skopje Alexander the Great Airport,41.961601,21.621401
GIB,Gibraltar Airport,36.1511993408,-5.3496599197400005
BEG,Belgrade Nikola Tesla Airport,44.8184013367,20.3090991974
INI,Nis Airport,43.337299,21.853701
TGD,Podgorica Airport,42.359402,19.2519
PRN,Priština International Airport,42.5728,21.035801
TIV,Tivat Airport,42.404701232910156,18.72330093383789
BTS,M. R. Štefánik Airport,48.17020034790039,17.21269989013672
KSC,Košice Airport,48.66310119628906,21.241100311279297
PZY,Piešťany Airport,48.62519836425781,17.828399658203125
SLD,Sliač Airport,48.63779830932617,19.13409996032715
TAT,Poprad-Tatry Airport,49.073600769,20.2411003113
NCA,North Caicos Airport,21.9175,-71.939598
PLS,Providenciales Airport,21.77359962463379,-72.26589965820312
XSC,South Caicos Airport,21.515699386599998,-71.528503418
BRX,Maria Montez International Airport,18.25149917602539,-71.12039947509766
CBJ,Cabo Rojo Airport,17.929000854492188,-71.6447982788086
LRM,Casa De Campo International Airport,18.450700759887695,-68.91179656982422
PUJ,Punta Cana International Airport,18.567399978599997,-68.36340332030001
POP,Gregorio Luperon International Airport,19.75790023803711,-70.56999969482422
SDQ,Las Américas International Airport,18.42970085144,-69.668899536133
STI,Cibao International Airport,19.406099319458008,-70.60469818115234
CBV,Coban Airport,15.468999862670898,-90.40670013427734
GUA,La Aurora Airport,14.5833,-90.527496
RER,Retalhuleu Airport,14.520999908447266,-91.69730377197266
GSJ,San José Airport,13.936200141899999,-90.83580017090001
LCE,Goloson International Airport,15.7425,-86.852997
SAP,Ramón Villeda Morales International Airport,15.4526,-87.923599
GJA,La Laguna Airport,16.4454,-85.906601
RTB,Juan Manuel Galvez International Airport,16.316799,-86.523003
TEA,Tela Airport,15.7759,-87.4758
TGU,Toncontín International Airport,14.06089973449707,-87.21720123291016
TJI,Trujillo Airport,15.9268,-85.938202
OCJ,Boscobel Aerodrome,18.404199600219727,-76.96900177001953
KIN,Norman Manley International Airport,17.935699462890625,-76.7874984741211
MBJ,Sangster International Airport,18.503700256347656,-77.91339874267578
POT,Ken Jones Airport,18.1987991333,-76.53450012210001
KTP,Tinson Pen Airport,17.98859977722168,-76.82379913330078
ACA,General Juan N Alvarez International Airport,16.757099151611328,-99.75399780273438
NTR,Del Norte International Airport,25.865601,-100.237
AGU,Jesús Terán Paredo International Airport,21.705601,-102.318001
HUX,Bahías de Huatulco International Airport,15.7753,-96.262604
CVJ,General Mariano Matamoros Airport,18.834800720214844,-99.26129913330078
ACN,Ciudad Acuña New International Airport,29.332899,-101.098998
CME,Ciudad del Carmen International Airport,18.65369987487793,-91.79900360107422
NCG,Nuevo Casas Grandes Airport,30.3974,-107.875
CUL,Bachigualato Federal International Airport,24.7644996643,-107.474998474
CTM,Chetumal International Airport,18.50469970703125,-88.32679748535156
CEN,Ciudad Obregón International Airport,27.39259910583496,-109.83300018310547
CPE,Ingeniero Alberto Acuña Ongay International Airport,19.816799163800003,-90.5002975464
CJS,Abraham González International Airport,31.63610076904297,-106.42900085449219
CUU,General Roberto Fierro Villalobos International Airport,28.702899932900003,-105.964996338
CVM,General Pedro Jose Mendez International Airport,23.7033004761,-98.9564971924
CZM,Cozumel International Airport,20.52239990234375,-86.92559814453125
DGO,General Guadalupe Victoria International Airport,24.1242008209,-104.527999878
TPQ,Amado Nervo National Airport,21.4195,-104.843002
ESE,Ensenada International Airport,31.7953,-116.602997
GDL,Don Miguel Hidalgo Y Costilla International Airport,20.521799087524414,-103.31099700927734
GYM,General José María Yáñez International Airport,27.9689998626709,-110.92500305175781
TCN,Tehuacan Airport,18.49720001220703,-97.4198989868164
HMO,General Ignacio P. Garcia International Airport,29.095899581900003,-111.047996521
CLQ,Licenciado Miguel de la Madrid Airport,19.277,-103.577002
ISJ,Isla Mujeres Airport,21.2450008392334,-86.73999786376953
SLW,Plan De Guadalupe International Airport,25.54949951171875,-100.92900085449219
IZT,Ixtepec Airport,16.449301,-95.093697
LZC,Lázaro Cárdenas Airport,18.0016994476,-102.221000671
LMM,Valle del Fuerte International Airport,25.6851997375,-109.081001282
BJX,Del Bajío International Airport,20.9935,-101.481003
LAP,Manuel Márquez de León International Airport,24.072700500499998,-110.361999512
LTO,Loreto International Airport,25.989200592041016,-111.3479995727539
MAM,General Servando Canales International Airport,25.7698993683,-97.5252990723
MID,Licenciado Manuel Crescencio Rejon Int Airport,20.937000274699997,-89.657699585
MXL,General Rodolfo Sánchez Taboada International Airport,32.6306,-115.241997
MLM,General Francisco J. Mujica International Airport,19.849899292,-101.025001526
MTT,Minatitlán/Coatzacoalcos National Airport,18.1033992767,-94.58070373540001
LOV,Monclova International Airport,26.9557,-101.470001
MEX,Licenciado Benito Juarez International Airport,19.4363,-99.072098
MTY,General Mariano Escobedo International Airport,25.7784996033,-100.107002258
MZT,General Rafael Buelna International Airport,23.1613998413,-106.26599884
NOG,Nogales International Airport,31.22610092163086,-110.97599792480469
NLD,Quetzalcóatl International Airport,27.4438991547,-99.5705032349
OAX,Xoxocotlán International Airport,16.9999008179,-96.726600647
PAZ,El Tajín National Airport,20.6026992798,-97.46080017090001
PBC,Hermanos Serdán International Airport,19.1581001282,-98.3713989258
PPE,Mar de Cortés International Airport,31.351987,-113.305177
PDS,Piedras Negras International Airport,28.627399,-100.535004
UPN,Licenciado y General Ignacio Lopez Rayon Airport,19.396699905395508,-102.03900146484375
PVR,Licenciado Gustavo Díaz Ordaz International Airport,20.680099487304688,-105.25399780273438
PXM,Puerto Escondido International Airport,15.8769,-97.089103
QRO,Querétaro Intercontinental Airport,20.6173,-100.185997
REX,General Lucio Blanco International Airport,26.0089,-98.2285
SJD,Los Cabos International Airport,23.15180015563965,-109.72100067138672
SFH,San Felipe International Airport,30.930200576782,-114.80899810791
SLP,Ponciano Arriaga International Airport,22.254299163800003,-100.930999756
TRC,Francisco Sarabia International Airport,25.568300247199996,-103.411003113
TGZ,Angel Albino Corzo International Airport,16.5636005402,-93.02249908450001
TIJ,General Abelardo L. Rodríguez International Airport,32.541099548339844,-116.97000122070312
TAM,General Francisco Javier Mina International Airport,22.2964000702,-97.8658981323
TSL,Tamuin Airport,22.0383,-98.806502
TLC,Licenciado Adolfo Lopez Mateos International Airport,19.3370990753,-99.56600189210002
TAP,Tapachula International Airport,14.7943000793,-92.3700027466
CUN,Cancún International Airport,21.036500930800003,-86.8770980835
VSA,Carlos Rovirosa Pérez International Airport,17.996999740600586,-92.81739807128906
VER,General Heriberto Jara International Airport,19.1459007263,-96.1873016357
ZCL,General Leobardo C. Ruiz International Airport,22.8971004486,-102.68699646
ZIH,Ixtapa Zihuatanejo International Airport,17.601600647,-101.460998535
ZMM,Zamora Airport,20.045,-102.276001
ZLO,Playa De Oro International Airport,19.144800186199998,-104.558998108
BEF,Bluefields Airport,11.991000175476074,-83.77410125732422
MGA,Augusto C. Sandino (Managua) International Airport,12.141500473022461,-86.16819763183594
PUZ,Puerto Cabezas Airport,14.047200202941895,-83.38670349121094
BOC,Bocas Del Toro International Airport,9.340849876403809,-82.25080108642578
CHX,Cap Manuel Niño International Airport,9.458962,-82.515062
DAV,Enrique Malek International Airport,8.390999794006348,-82.43499755859375
BLB,Panama Pacific International Airport,8.91479,-79.599602
PAC,Marcos A. Gelabert International Airport,8.973340034484863,-79.55560302734375
SYP,Ruben Cantu Airport,8.085599899291992,-80.94529724121094
PTY,Tocumen International Airport,9.0713596344,-79.3834991455
BAI,Buenos Aires Airport,9.163949,-83.330171
OTR,Coto 47 Airport,8.60155963897705,-82.96859741210938
JAP,Chacarita Airport,9.98141002655,-84.7726974487
GLF,Golfito Airport,8.654009819030762,-83.18219757080078
GPL,Guapiles Airport,10.2172002792,-83.79699707030001
LIR,Daniel Oduber Quiros International Airport,10.5933,-85.544403
LSL,Los Chiles Airport,11.035300254821777,-84.70610046386719
LIO,Limon International Airport,9.95796012878418,-83.02200317382812
NOB,Nosara Airport,9.976490020750001,-85.65299987790002
SJO,Juan Santamaria International Airport,9.993860244750977,-84.20880126953125
PMZ,Palmar Sur Airport,8.951029777526855,-83.46859741210938
XQP,Quepos Managua Airport,9.443160057067871,-84.12979888916016
TOO,San Vito De Java Airport,8.826109886169434,-82.95890045166016
SAL,Monseñor Óscar Arnulfo Romero International Airport,13.4409,-89.055702
CYA,Les Cayes Airport,18.271099090576172,-73.78829956054688
CAP,Cap Haitien International Airport,19.733,-72.194702
JAK,Jacmel Airport,18.241100311279297,-72.51850128173828
PAP,Toussaint Louverture International Airport,18.579999923706055,-72.2925033569336
BCA,Gustavo Rizo Airport,20.365299224853516,-74.5062026977539
BYM,Carlos Manuel de Cespedes Airport,20.396400451660156,-76.62139892578125
AVI,Maximo Gomez Airport,22.027099609375,-78.78959655761719
CCC,Jardines Del Rey Airport,22.461000442499998,-78.32839965820001
CFG,Jaime Gonzalez Airport,22.149999618530273,-80.41419982910156
CYO,Vilo Acuña International Airport,21.6165008545,-81.5459976196
CMW,Ignacio Agramonte International Airport,21.420299530029297,-77.84750366210938
SCU,Antonio Maceo International Airport,19.96980094909668,-75.83540344238281
NBW,Leeward Point Field,19.906499862671,-75.207099914551
GAO,Mariana Grajales Airport,20.08530044555664,-75.1583023071289
HAV,José Martí International Airport,22.989200592041016,-82.40910339355469
HOG,Frank Pais International Airport,20.785600662231445,-76.31510162353516
LCL,La Coloma Airport,22.33609962463379,-83.64189910888672
MOA,Orestes Acosta Airport,20.653900146484375,-74.92220306396484
MZO,Sierra Maestra Airport,20.28809928894043,-77.08920288085938
GER,Rafael Cabrera Airport,21.834699630737305,-82.78379821777344
UPB,Playa Baracoa Airport,23.032800674399997,-82.5793991089
QPD,Pinar Del Rio Airport,22.42140007019043,-83.67839813232422
SNU,Abel Santamaria Airport,22.49220085144043,-79.943603515625
SZJ,Siguanea Airport,21.642499923706055,-82.9551010131836
USS,Sancti Spiritus Airport,21.9704,-79.442703
VRA,Juan Gualberto Gomez International Airport,23.034400939941406,-81.435302734375
VTU,Hermanos Ameijeiras Airport,20.987600326538086,-76.93579864501953
CYB,Gerrard Smith International Airport,19.687000274658203,-79.88279724121094
GCM,Owen Roberts International Airport,19.292800903299998,-81.3576965332
MAY,Clarence A. Bain Airport,24.287700653076172,-77.68460083007812
ASD,Andros Town Airport,24.697900772094727,-77.79560089111328
MHH,Leonard M Thompson International Airport,26.5114,-77.083503
SAQ,San Andros Airport,25.053800582885742,-78.04900360107422
AXP,Spring Point Airport,22.441799163800003,-73.97090148930002
TCB,Treasure Cay Airport,26.745300293,-77.3912963867
CCZ,Chub Cay Airport,25.41710090637207,-77.88089752197266
GHC,Great Harbour Cay Airport,25.7383,-77.840103
BIM,South Bimini Airport,25.6998996735,-79.2647018433
GGT,Exuma International Airport,23.5625991821,-75.8779983521
ELH,North Eleuthera Airport,25.474899292,-76.6835021973
GHB,Governor's Harbour Airport,25.2847003937,-76.3310012817
NMC,Normans Cay Airport,24.59429931640625,-76.82019805908203
RSD,Rock Sound Airport,24.8950787333,-76.1768817902
TYM,Staniel Cay Airport,24.169099807739258,-76.43910217285156
FPO,Grand Bahama International Airport,26.5587005615,-78.695602417
IGA,Inagua Airport,20.975000381469727,-73.66690063476562
LGI,Deadman's Cay Airport,23.1790008545,-75.09359741210001
SML,Stella Maris Airport,23.582317,-75.268621
MYG,Mayaguana Airport,22.379499,-73.013494
NAS,Lynden Pindling International Airport,25.0389995575,-77.46620178219999
DCT,Duncan Town Airport,22.181800842285156,-75.72949981689453
RCY,Rum Cay Airport,23.68440055847168,-74.83619689941406
ZSA,San Salvador Airport,24.06329917907715,-74.52400207519531
BZE,Philip S. W. Goldson International Airport,17.539100646972656,-88.30819702148438
AIT,Aitutaki Airport,-18.830900192260742,-159.76400756835938
RAR,Rarotonga International Airport,-21.2026996613,-159.805999756
NAN,Nadi International Airport,-17.755399703979492,177.4429931640625
SUV,Nausori International Airport,-18.04330062866211,178.5590057373047
TBU,Fua'amotu International Airport,-21.241199493408203,-175.14999389648438
VAV,Vava'u International Airport,-18.58530044555664,-173.96200561523438
TRW,Bonriki International Airport,1.3816399574279785,173.14700317382812
TBF,Tabiteuea North Airport,-1.2244700193405151,174.7760009765625
WLS,Hihifo Airport,-13.2383003235,-176.199005127
APW,Faleolo International Airport,-13.829999923706055,-172.00799560546875
PPG,Pago Pago International Airport,-14.3310003281,-170.710006714
RUR,Rurutu Airport,-22.434099197387695,-151.36099243164062
TUB,Tubuai Airport,-23.365400314331055,-149.5240020751953
AAA,Anaa Airport,-17.35260009765625,-145.50999450683594
FGU,Fangatau Airport,-15.819899559020996,-140.88699340820312
TIH,Tikehau Airport,-15.119600296020508,-148.2310028076172
REA,Reao Airport,-18.465900421142578,-136.44000244140625
FAV,Fakarava Airport,-16.054100036621094,-145.65699768066406
XMH,Manihi Airport,-14.436800003051758,-146.07000732421875
GMR,Totegegie Airport,-23.07990074157715,-134.88999938964844
KKR,Kaukura Airport,-15.663299560546875,-146.88499450683594
MKP,Makemo Airport,-16.583900451660156,-143.6580047607422
PKP,Puka Puka Airport,-14.809499740600586,-138.81300354003906
TKP,Takapoto Airport,-14.709500312805176,-145.24600219726562
AXR,Arutua Airport,-15.248299598693848,-146.61700439453125
MVT,Mataiva Airport,-14.8681001663208,-148.7169952392578
TKX,Takaroa Airport,-14.45580005645752,-145.02499389648438
NHV,Nuku Hiva Airport,-8.795599937438965,-140.22900390625
BOB,Bora Bora Airport,-16.444400787353516,-151.75100708007812
RGI,Rangiroa Airport,-14.954299926757812,-147.66099548339844
HUH,Huahine-Fare Airport,-16.68720054626465,-151.02200317382812
MOZ,Moorea Airport,-17.49,-149.761993
HOI,Hao Airport,-18.074800491333008,-140.9459991455078
MAU,Maupiti Airport,-16.42650032043457,-152.24400329589844
RFP,Raiatea Airport,-16.7229,-151.466003
VLI,Bauerfield International Airport,-17.699300765991,168.32000732422
KNQ,Koné Airport,-21.05430030822754,164.83700561523438
KOC,Koumac Airport,-20.546300888061523,164.25599670410156
LIF,Lifou Airport,-20.774799346923828,167.24000549316406
GEA,Nouméa Magenta Airport,-22.25830078125,166.47300720214844
MEE,Maré Airport,-21.481700897216797,168.03799438476562
TOU,Touho Airport,-20.790000915527344,165.25900268554688
UVE,Ouvéa Airport,-20.640600204467773,166.572998046875
NOU,La Tontouta International Airport,-22.01460075378418,166.21299743652344
AKL,Auckland International Airport,-37.008098602299995,174.792007446
TUO,Taupo Airport,-38.73970031738281,176.08399963378906
AMZ,Ardmore Airport,-37.029701232910156,174.97300720214844
CHC,Christchurch International Airport,-43.48939895629883,172.53199768066406
CHT,Chatham Islands-Tuuta Airport,-43.810001373291016,-176.45700073242188
DUD,Dunedin Airport,-45.9281005859375,170.197998046875
GIS,Gisborne Airport,-38.663299560546875,177.97799682617188
GTN,Glentanner Airport,-43.906700134277344,170.1280059814453
HKK,Hokitika Airfield,-42.713600158691406,170.98500061035156
HLZ,Hamilton International Airport,-37.8666992188,175.332000732
KKE,Kerikeri Airport,-35.26279830932617,173.91200256347656
KAT,Kaitaia Airport,-35.06999969482422,173.28500366210938
ALR,Alexandra Airport,-45.211700439453125,169.3730010986328
MON,Mount Cook Airport,-43.76499938964844,170.13299560546875
TEU,Manapouri Airport,-45.53310012817383,167.64999389648438
MRO,Hood Airport,-40.97330093383789,175.63400268554688
NPL,New Plymouth Airport,-39.00859832763672,174.1790008544922
NSN,Nelson Airport,-41.298301696777344,173.2209930419922
IVC,Invercargill Airport,-46.41239929199219,168.31300354003906
OHA,RNZAF Base Ohakea,-40.20600128173828,175.38800048828125
OAM,Oamaru Airport,-44.970001220703125,171.08200073242188
PMR,Palmerston North Airport,-40.32059860229492,175.61700439453125
PPQ,Paraparaumu Airport,-40.904701232910156,174.98899841308594
ZQN,Queenstown International Airport,-45.0210990906,168.738998413
ROT,Rotorua Regional Airport,-38.10919952392578,176.31700134277344
TRG,Tauranga Airport,-37.67190170288086,176.1959991455078
TIU,Timaru Airport,-44.302799224853516,171.22500610351562
TWZ,Pukaki Airport,-44.2350006104,170.117996216
BHE,Woodbourne Airport,-41.5182991027832,173.8699951171875
WKA,Wanaka Airport,-44.722198486328,169.24600219727
WHK,Whakatane Airport,-37.92060089111328,176.91400146484375
WLG,Wellington International Airport,-41.3272018433,174.804992676
WIR,Wairoa Airport,-39.006900787353516,177.40699768066406
WRE,Whangarei Airport,-35.7682991027832,174.36500549316406
WSZ,Westport Airport,-41.73809814453125,171.58099365234375
WAG,Wanganui Airport,-39.96220016479492,175.02499389648438
HEA,Herat Airport,34.209999084472656,62.22829818725586
JAA,Jalalabad Airport,34.39979934692383,70.49859619140625
KBL,Hamid Karzai International Airport,34.565899,69.212303
KDH,Kandahar Airport,31.505800247192383,65.8478012084961
MMZ,Maimana Airport,35.93080139160156,64.76090240478516
MZR,Mazar I Sharif Airport,36.70690155029297,67.20970153808594
OAH,Shindand Airport,33.3913002014,62.2610015869
UND,Konduz Airport,36.66510009765625,68.91079711914062
BAH,Bahrain International Airport,26.27079963684082,50.63359832763672
AHB,Abha Regional Airport,18.240400314299997,42.65660095210001
HOF,Al Ahsa Airport,25.28529930114746,49.485198974609375
ABT,Al Baha Airport,20.2961006165,41.6343002319
BHH,Bisha Airport,19.984399795532227,42.62089920043945
DMM,King Fahd International Airport,26.471200942993164,49.79790115356445
DHA,King Abdulaziz Air Base,26.265399932900003,50.152000427199994
GIZ,Jizan Regional Airport,16.901100158691406,42.58580017089844
ELQ,Gassim Airport,26.302799224853516,43.77439880371094
URY,Gurayat Domestic Airport,31.412413,37.278898
HAS,Ha'il Airport,27.437901,41.686298
QJB,Jubail Airport,27.038999557495117,49.40510177612305
JED,King Abdulaziz International Airport,21.6796,39.156502
KMC,King Khaled Military City Airport,27.9009,45.528198
MED,Prince Mohammad Bin Abdulaziz Airport,24.5534,39.705101
EAM,Nejran Airport,17.611400604248047,44.4192008972168
AQI,Al Qaisumah/Hafr Al Batin Airport,28.335199,46.125099
RAH,Rafha Domestic Airport,29.626399993896484,43.4906005859375
RUH,King Khaled International Airport,24.957599639892578,46.69879913330078
RAE,Arar Domestic Airport,30.906600952148438,41.13819885253906
SHW,Sharurah Airport,17.466899871826172,47.12139892578125
SLF,Sulayel Airport,20.46470069885254,45.619598388671875
TUU,Tabuk Airport,28.3654,36.6189
TIF,Ta’if Regional Airport,21.483001,40.543442
TUI,Turaif Domestic Airport,31.692188,38.731544
EJH,Al Wajh Domestic Airport,26.19860076904297,36.47639846801758
YNB,Prince Abdulmohsin Bin Abdulaziz Airport,24.144199,38.0634
ABD,Abadan Airport,30.371099472,48.2282981873
DEF,Dezful Airport,32.434399,48.397598
AKW,Aghajari Airport,30.7444,49.6772
GCH,Gachsaran Airport,30.337600708,50.827999115
OMI,Omidiyeh Airport,30.8351993560791,49.5349006652832
MRX,Mahshahr Airport,30.55620002746582,49.15190124511719
AWZ,Ahwaz Airport,31.337400436399996,48.7620010376
AEU,Abu Musa Island Airport,25.8757,55.033001
BUZ,Bushehr Airport,28.9447994232,50.8345985413
KIH,Kish International Airport,26.5261993408,53.980201721200004
BDH,Bandar Lengeh Airport,26.531999588,54.824798584
KHK,Khark Island Airport,29.260299682617188,50.32389831542969
SXI,Sirri Island Airport,25.908899307250977,54.539398193359375
LVP,Lavan Island Airport,26.810300827026367,53.356300354003906
KSH,Shahid Ashrafi Esfahani Airport,34.3459014893,47.1581001282
SDG,Sanandaj Airport,35.24589920043945,47.00920104980469
IFH,Hesa Airport,32.92890167236328,51.561100006103516
KKS,Kashan Airport,33.895302,51.577
IFN,Esfahan Shahid Beheshti International Airport,32.75080108642578,51.86130142211914
RAS,Sardar-e-Jangal Airport,37.323333,49.617778
AJK,Arak Airport,34.138099670410156,49.8473014831543
THR,Mehrabad International Airport,35.68920135498047,51.31340026855469
GZW,Qazvin Airport,36.240101,50.0471
BND,Bandar Abbas International Airport,27.218299865722656,56.37779998779297
JYR,Jiroft Airport,28.726900100699996,57.67029953
KER,Kerman Airport,30.274400711099997,56.9510993958
HDR,Havadarya Airport,27.158300399780273,56.17250061035156
SYJ,Sirjan Airport,29.550899505615234,55.672698974609375
XBJ,Birjand Airport,32.898101806640625,59.2661018371582
CKT,Sarakhs Airport,36.50120162963867,61.06489944458008
RUD,Shahroud Airport,36.4253005981,55.104198455799995
TCX,Tabas Airport,33.6678009033,56.8927001953
KLM,Kalaleh Airport,37.3833007812,55.4519996643
RZR,Ramsar Airport,36.9099006652832,50.67959976196289
FAZ,Fasa Airport,28.891799926757812,53.72330093383789
JAR,Jahrom Airport,28.586700439499996,53.5791015625
LFM,Lamerd Airport,27.3726997375,53.18880081179999
SYZ,Shiraz Shahid Dastghaib International Airport,29.539199829101562,52.58980178833008
KHY,Khoy Airport,38.4275016784668,44.97359848022461
TBZ,Tabriz International Airport,38.1338996887207,46.23500061035156
JWN,Zanjan Airport,36.7737007141,48.3594017029
AZD,Shahid Sadooghi Airport,31.9048995972,54.2765007019
ACZ,Zabol Airport,31.09830093383789,61.54389953613281
ZBR,Konarak Airport,25.443300247199996,60.3820991516
ZAH,Zahedan International Airport,29.47570037841797,60.90620040893555
IHR,Iran Shahr Airport,27.2360992432,60.7200012207
AMM,Queen Alia International Airport,31.7226009369,35.9931983948
ADJ,Amman-Marka International Airport,31.972700119018555,35.991600036621094
AQJ,Aqaba King Hussein International Airport,29.611600875854492,35.01810073852539
OMF,King Hussein Air College,32.3564,36.259201
KWI,Kuwait International Airport,29.226600646972656,47.96889877319336
BEY,Beirut Rafic Hariri International Airport,33.820899963378906,35.488399505615234
KYE,Rene Mouawad Air Base,34.589298248291016,36.01129913330078
AUH,Abu Dhabi International Airport,24.433000564575195,54.651100158691406
AZI,Bateen Airport,24.428300857543945,54.458099365234375
DHF,Al Dhafra Air Base,24.248199462900004,54.547698974599996
DXB,Dubai International Airport,25.2527999878,55.3643989563
FJR,Fujairah International Airport,25.112199783325195,56.32400131225586
RKT,Ras Al Khaimah International Airport,25.613500595092773,55.93880081176758
SHJ,Sharjah International Airport,25.32859992980957,55.5172004699707
KHS,Khasab Air Base,26.17099952697754,56.2406005859375
MSH,Masirah Air Base,20.675399780273438,58.890499114990234
MCT,Muscat International Airport,23.593299865722656,58.284400939941406
SLL,Salalah Airport,17.038700103759766,54.09130096435547
TTH,Thumrait Air Base,17.666000366210938,54.024600982666016
BHW,Bhagatanwala Airport,32.056098938,72.94840240479999
LYP,Faisalabad International Airport,31.364999771118164,72.99479675292969
GWD,Gwadar International Airport,25.233299255371094,62.329498291015625
GIL,Gilgit Airport,35.918800354003906,74.33360290527344
JAG,Shahbaz Air Base,28.28420066833496,68.44969940185547
KHI,Jinnah International Airport,24.9065,67.160797
LHE,Alama Iqbal International Airport,31.5216007232666,74.40360260009766
XJM,Mangla Airport,33.05009841918945,73.63839721679688
MFG,Muzaffarabad Airport,34.3390007019043,73.50859832763672
MWD,Mianwali Air Base,32.5630989074707,71.5707015991211
MJD,Moenjodaro Airport,27.3351993560791,68.14309692382812
MUX,Multan International Airport,30.20319938659668,71.41909790039062
WNS,Shaheed Benazirabad Airport,26.2194,68.390099
PJG,Panjgur Airport,26.954500198364258,64.13249969482422
PSI,Pasni Airport,25.29050064086914,63.34510040283203
PEW,Peshawar International Airport,33.993900299072266,71.51460266113281
UET,Quetta International Airport,30.251399993896484,66.93779754638672
RYK,Shaikh Zaid Airport,28.383899688720703,70.27960205078125
RAZ,Rawalakot Airport,33.849700927734375,73.79810333251953
SKZ,Sukkur Airport,27.722000122070312,68.79170227050781
SDT,Saidu Sharif Airport,34.8135986328125,72.35279846191406
SUL,Sui Airport,28.645099639892578,69.1769027709961
BDN,Talhar Airport,24.84149932861328,68.8384017944336
WAF,Wana Airport,32.3046989440918,69.57039642333984
PZH,Zhob Airport,31.358400344848633,69.4636001586914
BSR,Basrah International Airport,30.549100875854492,47.66210174560547
ALP,Aleppo International Airport,36.18069839477539,37.22439956665039
DAM,Damascus International Airport,33.4114990234375,36.51559829711914
DEZ,Deir ez-Zor Air Base,35.2854,40.175999
LTK,Bassel Al-Assad International Airport,35.401100158691406,35.948699951171875
PMS,Palmyra Airport,34.5574,38.316898
DIA,Doha International Airport,25.261101,51.565102
CIS,Canton Island Airport,-2.7681200504300003,-171.710006714
ROP,Rota International Airport,14.174300193786621,145.2429962158203
SPN,Saipan International Airport,15.119,145.729004
UAM,Andersen Air Force Base,13.584,144.929998
GUM,Antonio B. Won Pat International Airport,13.4834003448,144.796005249
TIQ,Tinian International Airport,14.999199867248535,145.61900329589844
MAJ,Marshall Islands International Airport,7.064760208129883,171.27200317382812
KWA,Bucholz Army Air Field,8.720120429992676,167.73199462890625
CXI,Cassidy International Airport,1.9861600399017334,-157.35000610351562
MDY,Henderson Field,28.20170021057129,-177.38099670410156
TKK,Chuuk International Airport,7.461870193481445,151.84300231933594
PNI,Pohnpei International Airport,6.985099792480469,158.20899963378906
ROR,Babelthuap Airport,7.36731,134.544236
KSA,Kosrae International Airport,5.35698,162.957993
YAP,Yap International Airport,9.49891,138.082993
KNH,Kinmen Airport,24.4279,118.359001
TTT,Taitung Airport,22.7549991607666,121.10199737548828
GNI,Lyudao Airport,22.673900604248047,121.46600341796875
KHH,Kaohsiung International Airport,22.57710075378418,120.3499984741211
CYI,Chiayi Airport,23.46179962158203,120.39299774169922
KYD,Lanyu Airport,22.027000427246094,121.53500366210938
RMQ,Taichung Ching Chuang Kang Airport,24.264699935913086,120.62100219726562
TNN,Tainan Airport,22.95039939880371,120.20600128173828
HSZ,Hsinchu Air Base,24.8180007935,120.939002991
MZG,Makung Airport,23.568700790405273,119.62799835205078
PIF,Pingtung North Airport,22.700199127197266,120.48200225830078
TSA,Taipei Songshan Airport,25.069400787353516,121.552001953125
TPE,Taiwan Taoyuan International Airport,25.0777,121.233002
WOT,Wang-an Airport,23.367372512817383,119.50277709960938
HUN,Hualien Airport,24.023099899291992,121.61799621582031
NRT,Narita International Airport,35.7647018433,140.386001587
MMJ,Matsumoto Airport,36.16680145263672,137.92300415039062
IBR,Hyakuri Airport,36.181098938,140.414993286
MUS,Minami Torishima Airport,24.2896995544,153.979003906
IWO,Iwo Jima Airport,24.784000396728516,141.322998046875
SHM,Nanki Shirahama Airport,33.6622009277,135.363998413
OBO,Tokachi-Obihiro Airport,42.7332992554,143.216995239
CTS,New Chitose Airport,42.77519989013672,141.69200134277344
HKD,Hakodate Airport,41.7700004578,140.822006226
MMB,Memanbetsu Airport,43.8805999756,144.164001465
SHB,Nakashibetsu Airport,43.5774993896,144.960006714
WKJ,Wakkanai Airport,45.4042015076,141.800994873
IKI,Iki Airport,33.7490005493,129.785003662
UBJ,Yamaguchi Ube Airport,33.930000305200004,131.279006958
TSJ,Tsushima Airport,34.2849006653,129.330993652
MBE,Monbetsu Airport,44.303901672399995,143.404006958
AKJ,Asahikawa Airport,43.670799255371094,142.44700622558594
OIR,Okushiri Airport,42.0717010498,139.432998657
RIS,Rishiri Airport,45.2420005798,141.186004639
KUM,Yakushima Airport,30.3855991364,130.658996582
FUJ,Fukue Airport,32.66630172729492,128.83299255371094
FUK,Fukuoka Airport,33.585899353027344,130.4510040283203
TNE,New Tanegashima Airport,30.605100631699997,130.990997314
KOJ,Kagoshima Airport,31.80340003967285,130.718994140625
KMI,Miyazaki Airport,31.877199173,131.449005127
OIT,Oita Airport,33.479400634799994,131.736999512
KKJ,Kitakyūshū Airport,33.8459014893,131.035003662
KMJ,Kumamoto Airport,32.83729934692383,130.85499572753906
NGS,Nagasaki Airport,32.916900634799994,129.914001465
ASJ,Amami Airport,28.430599212646484,129.71299743652344
OKE,Okierabu Airport,27.4255008698,128.701004028
TKN,Tokunoshima Airport,27.83639907836914,128.88099670410156
FKJ,Fukui Airport,36.1427993774,136.223999023
QGU,Gifu Airport,35.394100189208984,136.8699951171875
KMQ,Komatsu Airport,36.39459991455078,136.40699768066406
OKI,Oki Airport,36.18109893798828,133.3249969482422
TOY,Toyama Airport,36.64830017089844,137.18800354003906
HIJ,Hiroshima Airport,34.4361000061,132.919006348
OKJ,Okayama Airport,34.7569007874,133.854995728
IZO,Izumo Airport,35.4136009216,132.88999939
YGJ,Miho Yonago Airport,35.4921989440918,133.23599243164062
KCZ,Kōchi Ryōma Airport,33.546101,133.669006
MYJ,Matsuyama Airport,33.82720184326172,132.6999969482422
ITM,Osaka International Airport,34.785499572753906,135.43800354003906
TTJ,Tottori Airport,35.5301017761,134.167007446
TKS,Tokushima Airport/JMSDF Air Base,34.132801,134.606995
TAK,Takamatsu Airport,34.214199066199996,134.01600647
AOJ,Aomori Airport,40.73469924926758,140.6909942626953
GAJ,Yamagata Airport,38.411899566699994,140.371002197
SDS,Sado Airport,38.0601997375,138.414001465
HHE,Hachinohe Airport,40.556400299072266,141.46600341796875
HNA,Hanamaki Airport,39.4286003112793,141.13499450683594
AXT,Akita Airport,39.6156005859375,140.218994140625
MSJ,Misawa Air Base,40.703201293899994,141.367996216
SDJ,Sendai Airport,38.1397018433,140.917007446
NJA,Atsugi Naval Air Facility,35.4546012878418,139.4499969482422
HAC,Hachijojima Airport,33.1150016785,139.785995483
OIM,Oshima Airport,34.782001495399996,139.36000061
HND,Tokyo Haneda International Airport,35.552299,139.779999
OKO,Yokota Air Base,35.74850082397461,139.34800720214844
KWJ,Gwangju Airport,35.123173,126.805444
CHN,Jeon Ju Airport (G-703),35.87808,127.119112
RSU,Yeosu Airport,34.84230041503906,127.61699676513672
KAG,Gangneung Airport (K-18),37.753601,128.943915
CJU,Jeju International Airport,33.51129913330078,126.49299621582031
CHF,Jinhae Airbase/Airport (G-813/K-10),35.140248,128.696229
PUS,Gimhae International Airport,35.1795005798,128.93800354
USN,Ulsan Airport,35.59349823,129.352005005
SSN,Seoul Air Base (K-16),37.444744,127.112718
OSN,Osan Air Base,37.090599,127.029999
GMP,Gimpo International Airport,37.5583,126.791
SWU,Suwon Airport,37.23939895629883,127.00700378417969
KPO,Pohang Airport (G-815/K-3),35.987955,129.420383
TAE,Daegu Airport,35.896872,128.65531
YEC,Yecheon Airbase,36.630373,128.34971
OKA,Naha Airport,26.1958007812,127.646003723
DNA,Kadena Air Base,26.3556,127.767998
ISG,New Ishigaki Airport,24.396389,124.245
UEO,Kumejima Airport,26.363500595092773,126.71399688720703
MMD,Minami-Daito Airport,25.8465003967,131.263000488
MMY,Miyako Airport,24.782800674399997,125.294998169
KTD,Kitadaito Airport,25.9447002411,131.32699585
SHI,Shimojishima Airport,24.8267002106,125.144996643
TRA,Tarama Airport,24.653900146499996,124.675003052
RNJ,Yoron Airport,27.0440006256,128.401992798
OGN,Yonaguni Airport,24.466899871826172,122.97799682617188
MNL,Ninoy Aquino International Airport,14.5086,121.019997
CBO,Awang Airport,7.1652398109436035,124.20999908447266
PAG,Pagadian Airport,7.83073144787,123.461179733
GES,General Santos International Airport,6.05800008774,125.096000671
ZAM,Zamboanga International Airport,6.922420024871826,122.05999755859375
BAG,Loakan Airport,16.375099182128906,120.62000274658203
DTE,Daet Airport,14.129199981689453,122.9800033569336
SJI,San Jose Airport,12.361499786399998,121.04699707
MBO,Mamburao Airport,13.208100318908691,120.6050033569336
BQA,Dr.Juan C. Angara Airport,15.729309,121.500034
TAC,Daniel Z. Romualdez Airport,11.228035,125.027761
BCD,Bacolod-Silay Airport,10.7764,123.014999
DGT,Sibulan Airport,9.3337097168,123.300003052
MPH,Godofredo P. Ramos Airport,11.9245,121.954002
ILO,Iloilo International Airport,10.833017,122.493358
KLO,Kalibo International Airport,11.679400444,122.375999451
PPS,Puerto Princesa Airport,9.742119789123535,118.75900268554688
EUQ,Evelio Javier Airport,10.765999794,121.932998657
COC,Comodoro Pierrestegui Airport,-31.2969,-57.9966
GHU,Gualeguaychu Airport,-33.0103,-58.6131
JNI,Junin Airport,-34.5459,-60.9306
PRA,General Urquiza Airport,-31.7948,-60.4804
ROS,Islas Malvinas Airport,-32.9036,-60.785
SFN,Sauce Viejo Airport,-31.7117,-60.8117
AEP,Jorge Newbery Airpark,-34.5592,-58.4156
COR,Ingeniero Ambrosio Taravella Airport,-31.323601,-64.208
FDO,San Fernando Airport,-34.4532,-58.5896
LPG,La Plata Airport,-34.9722,-57.8947
EPA,El Palomar Airport,-34.6099,-58.6126
HOS,Chos Malal Airport,-37.444698333699996,-70.2225036621
GNR,Dr. Arturo H. Illia Airport,-39.0007019043,-67.6204986572
MDZ,El Plumerillo Airport,-32.8316993713,-68.7929000854
LGS,Comodoro D.R. Salomón Airport,-35.493598938,-69.5743026733
AFA,Suboficial Ay Santiago Germano Airport,-34.588299,-68.4039
CTC,Catamarca Airport,-28.5956001282,-65.751701355
SDE,Vicecomodoro Angel D. La Paz Aragonés Airport,-27.765556335399996,-64.3099975586
IRJ,Capitan V A Almonacid Airport,-29.3815994263,-66.7957992554
TUC,Teniente Benjamin Matienzo Airport,-26.8409,-65.104897
UAQ,Domingo Faustino Sarmiento Airport,-31.571501,-68.418198
RCU,Area De Material Airport,-33.0850982666,-64.2612991333
VDR,Villa Dolores Airport,-31.9451999664,-65.1463012695
VME,Villa Reynolds Airport,-33.7299003601,-65.3873977661
LUQ,Brigadier Mayor D Cesar Raul Ojeda Airport,-33.2732009888,-66.3563995361
CNQ,Corrientes Airport,-27.4455,-58.7619
RES,Resistencia International Airport,-27.45,-59.0561
FMA,Formosa Airport,-26.2127,-58.2281
IGR,Cataratas Del Iguazú International Airport,-25.737301,-54.4734
AOL,Paso De Los Libres Airport,-29.6894,-57.1521
MCS,Monte Caseros Airport,-30.2719,-57.6402
PSS,Libertador Gral D Jose De San Martin Airport,-27.3858,-55.9707
PRQ,Termal Airport,-26.753611,-60.492222
SLA,Martin Miguel De Guemes International Airport,-24.856000900299996,-65.4861984253
JUJ,Gobernador Horacio Guzman International Airport,-24.392799,-65.097801
ORA,Orán Airport,-23.1527996063,-64.3292007446
ELO,El Dorado Airport,-26.3974990845,-54.5746994019
OYA,Goya Airport,-29.1058,-59.2189
RCQ,Reconquista Airport,-29.2103,-59.68
UZU,Curuzu Cuatia Airport,-29.7706,-57.9789
EHL,El Bolson Airport,-41.9431991577,-71.5323028564
CRD,General E. Mosconi Airport,-45.7853,-67.4655
EQS,Brigadier Antonio Parodi Airport,-42.908000946,-71.139503479
REL,Almirante Marco Andres Zar Airport,-43.2105,-65.2703
VDM,Gobernador Castello Airport,-40.8692,-63.0004
PMY,El Tehuelche Airport,-42.7592,-65.1027
PUD,Puerto Deseado Airport,-47.7353,-65.9041
RGA,Hermes Quijada International Airport,-53.7777,-67.7494
RGL,Piloto Civil N. Fernández Airport,-51.6089,-69.3126
USH,Malvinas Argentinas Airport,-54.8433,-68.2958
ULA,Capitan D Daniel Vazquez Airport,-49.3068,-67.8026
PMQ,Perito Moreno Airport,-46.537899,-70.978699
RZA,Santa Cruz Airport,-50.0165,-68.5792
BHI,Comandante Espora Airport,-38.725,-62.1693
CSZ,Brigadier D.H.E. Ruiz Airport,-37.446098,-61.889301
OVR,Olavarria Airport,-36.8899993896,-60.216598510699995
GPO,General Pico Airport,-35.6962013245,-63.7583007812
OYO,Tres Arroyos Airport,-38.3869,-60.3297
MDQ,Ástor Piazzola International Airport,-37.9342,-57.5733
NQN,Presidente Peron Airport,-38.949001,-68.155701
PEH,Comodoro Pedro Zanni Airport,-35.8446,-61.8576
RSA,Santa Rosa Airport,-36.588299,-64.275703
BRC,San Carlos De Bariloche Airport,-41.151199,-71.157501
TDL,Héroes De Malvinas Airport,-37.2374000549,-59.2279014587
VLG,Villa Gesell Airport,-37.2354,-57.0292
CUT,Cutral-Co Airport,-38.939701080300004,-69.2646026611
CPC,Aviador C. Campos Airport,-40.075401,-71.137299
CDJ,Conceição do Araguaia Airport,-8.348349571228027,-49.30149841308594
AQA,Araraquara Airport,-21.812000274699997,-48.1329994202
AJU,Santa Maria Airport,-10.984000206,-37.0703010559
AFL,Piloto Osvaldo Marques Dias Airport,-9.8663892746,-56.1049995422
ARU,Araçatuba Airport,-21.1413002014,-50.4247016907
BEL,Val de Cans/Júlio Cezar Ribeiro International Airport,-1.3792500495900002,-48.4762992859
BGX,Comandante Gustavo Kraemer Airport,-31.39049911499,-54.112201690674
PLU,Pampulha - Carlos Drummond de Andrade Airport,-19.851200103759766,-43.950599670410156
BFH,Bacacheri Airport,-25.4050998688,-49.23199844359999
BSB,Presidente Juscelino Kubistschek International Airport,-15.86916732788086,-47.920833587646484
BAU,Bauru Airport,-22.3449993134,-49.0537986755
BVB,Atlas Brasil Cantanhede Airport,2.84138894081,-60.6922225952
BPG,Barra do Garças Airport,-15.861300468400001,-52.3889007568
CAC,Cascavel Airport,-25.0002994537,-53.500801086399996
CNF,Tancredo Neves International Airport,-19.62444305419922,-43.97194290161133
CGR,Campo Grande Airport,-20.468700408900002,-54.6725006104
XAP,Serafin Enoss Bertaso Airport,-27.134199142456,-52.656600952148
CLN,Brig. Lysias Augusto Rodrigues Airport,-7.32043981552124,-47.45869827270508
CCM,Diomício Freitas Airport,-28.7244434357,-49.4213905334
CAW,Bartolomeu Lisandro Airport,-21.698299408,-41.301700592
CMG,Corumbá International Airport,-19.0119438171,-57.6713905334
CWB,Afonso Pena Airport,-25.5284996033,-49.1758003235
CRQ,Caravelas Airport,-17.652299880981,-39.253101348877
CXJ,Hugo Cantergiani Regional Airport,-29.197099685699996,-51.1875
CGB,Marechal Rondon Airport,-15.6528997421,-56.1166992188
CZS,Cruzeiro do Sul Airport,-7.59990978241,-72.7695007324
PPB,Presidente Prudente Airport,-22.1751003265,-51.4245986938
MAO,Eduardo Gomes International Airport,-3.0386099815368652,-60.04970169067383
JCR,Jacareacanga Airport,-6.233160018920898,-57.77690124511719
IGU,Cataratas International Airport,-25.600278854370117,-54.48500061035156
FLN,Hercílio Luz International Airport,-27.670278549194336,-48.5525016784668
FEN,Fernando de Noronha Airport,-3.85493,-32.423302
FOR,Pinto Martins International Airport,-3.776279926300049,-38.53260040283203
GIG,Rio Galeão – Tom Jobim International Airport,-22.8099994659,-43.2505569458
GJM,Guajará-Mirim Airport,-10.786399841308594,-65.28479766845703
GYN,Santa Genoveva Airport,-16.631999969482422,-49.220699310302734
GRU,Guarulhos - Governador André Franco Montoro International Airport,-23.435556411743164,-46.47305679321289
GUJ,Guaratinguetá Airport,-22.79159927368164,-45.20479965209961
ATM,Altamira Airport,-3.2539100646973,-52.254001617432
ITA,Itacoatiara Airport,-3.1272599697113037,-58.481201171875
ITB,Itaituba Airport,-4.2423400878906,-56.000701904297
IOS,Bahia - Jorge Amado Airport,-14.815999984741,-39.033199310303
IPN,Usiminas Airport,-19.470699310303,-42.487598419189
ITR,Francisco Vilela do Amaral Airport,-18.4447002411,-49.2134017944
IMP,Prefeito Renato Moreira Airport,-5.53129,-47.459999
JDF,Francisco de Assis Airport,-21.791500091552734,-43.38679885864258
JPA,Presidente Castro Pinto International Airport,-7.145833015440001,-34.9486122131
JOI,Lauro Carneiro de Loyola Airport,-26.22450065612793,-48.797401428222656
CPV,Presidente João Suassuna Airport,-7.26992,-35.8964
VCP,Viracopos International Airport,-23.0074005127,-47.1344985962
LAJ,Lages Airport,-27.782100677499997,-50.28150177
LIP,Lins Airport,-21.663999557495,-49.730499267578
LDB,Governador José Richa Airport,-23.333599090599996,-51.1301002502
LAZ,Bom Jesus da Lapa Airport,-13.2621002197,-43.4081001282
MAB,João Correa da Rocha Airport,-5.36858987808,-49.138000488299994
MEU,Monte Dourado Airport,-0.889839,-52.6022
MGF,Regional de Maringá - Sílvio Nane Junior Airport,-23.479444503799996,-52.01222229
MOC,Mário Ribeiro Airport,-16.706899642899998,-43.818901062
PLL,Ponta Pelada Airport,-3.1460399627685547,-59.98630142211914
MCZ,Zumbi dos Palmares Airport,-9.510809898376465,-35.79169845581055
MCP,Alberto Alcolumbre Airport,0.0506640002131,-51.0722007751
MVF,Dix-Sept Rosado Airport,-5.2019200324999995,-37.3642997742
MNX,Manicoré Airport,-5.8113799095154,-61.278301239014
NVT,Ministro Victor Konder International Airport,-26.879999,-48.651402
GEL,Santo Ângelo Airport,-28.2817,-54.169102
NAT,Governador Aluízio Alves International Airport,-5.768056,-35.376111
OYK,Oiapoque Airport,3.85548996925354,-51.79690170288086
POA,Salgado Filho Airport,-29.994400024414062,-51.1713981628418
PHB,Prefeito Doutor João Silva Filho Airport,-2.89374995232,-41.73199844359999
POO,Poços de Caldas - Embaixador Walther Moreira Salles Airport,-21.843000411987,-46.567901611328
PFB,Lauro Kurtz Airport,-28.243999,-52.326599
PET,João Simões Lopes Neto International Airport,-31.718399,-52.327702
PNZ,Senador Nilo Coelho Airport,-9.362409591674805,-40.56909942626953
PNB,Porto Nacional Airport,-10.719400405883789,-48.39970016479492
PMG,Ponta Porã Airport,-22.54960060119629,-55.702598571777344
PVH,Governador Jorge Teixeira de Oliveira Airport,-8.70928955078125,-63.90230178833008
RBR,Plácido de Castro Airport,-9.868888854980469,-67.89805603027344
REC,Guararapes - Gilberto Freyre International Airport,-8.126489639282227,-34.92359924316406
SDU,Santos Dumont Airport,-22.910499572799996,-43.1631011963
RAO,Leite Lopes Airport,-21.136388778686523,-47.776668548583984
SNZ,Santa Cruz Air Force Base,-22.9324,-43.719101
SJK,Professor Urbano Ernesto Stumpf Airport,-23.22920036315918,-45.86149978637695
SLZ,Marechal Cunha Machado International Airport,-2.585360050201416,-44.234100341796875
CGH,Congonhas Airport,-23.626110076904297,-46.65638732910156
SJP,Prof. Eribelto Manoel Reino State Airport,-20.816600799599996,-49.40650177
SSZ,Base Aérea de Santos Airport,-23.928056716918945,-46.299720764160156
SSA,Deputado Luiz Eduardo Magalhães International Airport,-12.9086112976,-38.3224983215
TMT,Trombetas Airport,-1.489599943161,-56.396800994873
THE,Senador Petrônio Portela Airport,-5.0599398613,-42.8235015869
TFF,Tefé Airport,-3.38294005394,-64.7240982056
TRQ,Tarauacá Airport,-8.1552600860596,-70.783302307129
TEC,Telêmaco Borba Airport,-24.317800521850586,-50.6515998840332
TBT,Tabatinga Airport,-4.2556700706482,-69.93579864502
TUR,Tucuruí Airport,-3.7860100269318,-49.72029876709
SJL,São Gabriel da Cachoeira Airport,-0.14835,-66.9855
PAV,Paulo Afonso Airport,-9.4008798599243,-38.250598907471
URG,Rubem Berta Airport,-29.7821998596,-57.0382003784
UDI,Ten. Cel. Aviador César Bombonato Airport,-18.883612,-48.225277
UBA,Mário de Almeida Franco Airport,-19.764722824097,-47.966110229492
VAG,Major Brigadeiro Trompowsky Airport,-21.5900993347,-45.4733009338
BVH,Brigadeiro Camarão Airport,-12.694399833679,-60.098300933838
VIX,Eurico de Aguiar Salles Airport,-20.258057,-40.286388
QPS,Campo Fontenelle Airport,-21.984600067138672,-47.334800720214844
ARI,Chacalluta Airport,-18.348499,-70.338699
BBA,Balmaceda Airport,-45.916099548339844,-71.68949890136719
CCH,Chile Chico Airport,-46.58330154418945,-71.6874008178711
CJC,El Loa Airport,-22.498199462890625,-68.90360260009766
YAI,Gral. Bernardo O´Higgins Airport,-36.58250045776367,-72.03140258789062
PUQ,Pdte. Carlos Ibañez del Campo Airport,-53.002602,-70.854599
GXQ,Teniente Vidal Airport,-45.594200134277344,-72.1061019897461
IQQ,Diego Aracena Airport,-20.535200119018555,-70.1812973022461
SCL,Comodoro Arturo Merino Benítez International Airport,-33.393001556396484,-70.78579711914062
ANF,Andrés Sabella Gálvez International Airport,-23.444501,-70.445099
WPR,Capitan Fuentes Martinez Airport Airport,-53.253700256347656,-70.31919860839844
FFU,Futaleufú Airport,-43.18920135498047,-71.8510971069336
LSQ,María Dolores Airport,-37.40169906616211,-72.42539978027344
WPU,Guardiamarina Zañartu Airport,-54.93109893798828,-67.62629699707031
CCP,Carriel Sur Airport,-36.772701,-73.063103
IPC,Mataveri Airport,-27.1648006439,-109.42199707
ZOS,Cañal Bajo Carlos - Hott Siebert Airport,-40.61119842529297,-73.06099700927734
VLR,Vallenar Airport,-28.596399307250977,-70.75599670410156
QRC,De La Independencia Airport,-34.17369842529297,-70.77570343017578
TNM,Teniente Rodolfo Marsh Martin Base,-62.1907997131,-58.9866981506
LSC,La Florida Airport,-29.916201,-71.199501
PZS,Maquehue Airport,-38.766799926758,-72.637100219727
PMC,El Tepual Airport,-41.438899993896484,-73.09400177001953
WCH,Chaitén Airport,-42.93280029296875,-72.6990966796875
ZAL,Pichoy Airport,-39.6500015259,-73.0860977173
ATF,Chachoán Airport,-1.2120699882507324,-78.57460021972656
OCC,Francisco De Orellana Airport,-0.4628860056400299,-76.98680114746094
CUE,Mariscal Lamar Airport,-2.88947,-78.984398
GPS,Seymour Airport,-0.45375800132751465,-90.26589965820312
GYE,José Joaquín de Olmedo International Airport,-2.1574199199699997,-79.88359832760001
LTX,Cotopaxi International Airport,-0.906833,-78.615799
MRR,Jose Maria Velasco Ibarra Airport,-4.37823009491,-79.94100189210002
XMS,Coronel E Carvajal Airport,-2.2991700172424316,-78.12079620361328
MCH,General Manuel Serrano Airport,-3.2689,-79.961601
MEC,Eloy Alfaro International Airport,-0.9460780024528503,-80.67880249023438
PVO,Reales Tamarindos Airport,-1.0416500568389893,-80.47219848632812
UIO,Mariscal Sucre International Airport,-0.129166666667,-78.3575
ETR,Santa Rosa International Airport,-3.441986,-79.996957
SNC,General Ulpiano Paez Airport,-2.20499,-80.988899
TPC,Tarapoa Airport,-0.12295600026845932,-76.33779907226562
TUA,Teniente Coronel Luis a Mantilla Airport,0.8095059990882874,-77.70809936523438
ASU,Silvio Pettirossi International Airport,-25.239999771118164,-57.52000045776367
AYO,Juan De Ayolas Airport,-27.370554,-56.854064
CIO,Teniente Col Carmelo Peralta Airport,-23.442363,-57.427253
ESG,Dr. Luis Maria Argaña International Airport,-22.049999237060547,-60.619998931884766
PIL,Carlos Miguel Gimenez Airport,-26.881224,-58.318026
AXM,El Eden Airport,4.45278,-75.7664
PUU,Tres De Mayo Airport,0.505228,-76.5008
ELB,Las Flores Airport,9.04554,-73.9749
BGA,Palonegro Airport,7.1265,-73.1848
BOG,El Dorado International Airport,4.70159,-74.1469
BAQ,Ernesto Cortissoz International Airport,10.8896,-74.7808
BSC,José Celestino Mutis Airport,6.20292,-77.3947
BUN,Gerardo Tobar López Airport,3.81963,-76.9898
CUC,Camilo Daza International Airport,7.92757,-72.5115
CTG,Rafael Nuñez International Airport,10.4424,-75.513
CLO,Alfonso Bonilla Aragon International Airport,3.54322,-76.3816
TCO,La Florida Airport,1.81442,-78.7492
CZU,Las Brujas Airport,9.33274,-75.2856
EJA,Yariguíes Airport,7.02433,-73.8068
FLA,Gustavo Artunduaga Paredes Airport,1.58919,-75.5644
GIR,Santiago Vila Airport,4.27624,-74.7967
GPI,Juan Casiano Airport,2.57013,-77.8986
IBE,Perales Airport,4.42161,-75.1333
IPI,San Luis Airport,0.861925,-77.6718
APO,Antonio Roldan Betancourt Airport,7.81196,-76.7164
MCJ,Jorge Isaac Airport,11.2325,-72.4901
LET,Alfredo Vásquez Cobo International Airport,-4.19355,-69.9432
EOH,Enrique Olaya Herrera Airport,6.220549,-75.590582
MGN,Baracoa Airport,9.28474,-74.8461
MTR,Los Garzones Airport,8.82374,-75.8258
MVP,Fabio Alberto Leon Bentley Airport,1.25366,-70.2339
MZL,La Nubia Airport,5.0296,-75.4647
NVA,Benito Salas Airport,2.95015,-75.294
OCV,Aguas Claras Airport,8.31506,-73.3583
OTU,Otu Airport,7.01037,-74.7155
PCR,German Olano Airport,6.18472,-67.4932
PEI,Matecaña International Airport,4.81267,-75.7395
PTX,Pitalito Airport,1.85777,-76.0857
PPN,Guillermo León Valencia Airport,2.4544,-76.6093
PSO,Antonio Narino Airport,1.39625,-77.2915
PVA,El Embrujo Airport,13.3569,-81.3583
MQU,Mariquita Airport,5.21256,-74.8836
MDE,Jose Maria Córdova International Airport,6.16454,-75.4231
RCH,Almirante Padilla Airport,11.5262,-72.926
SJE,Jorge E. Gonzalez Torres Airport,2.57969,-72.6394
SMR,Simón Bolívar International Airport,11.1196,-74.2306
ADZ,Gustavo Rojas Pinilla International Airport,12.5836,-81.7112
SVI,Eduardo Falla Solano Airport,2.15217,-74.7663
TME,Gustavo Vargas Airport,6.45108,-71.7603
AUC,Santiago Perez Airport,7.06888,-70.7369
UIB,El Caraño Airport,5.69076,-76.6412
ULQ,Heriberto Gíl Martínez Airport,4.08836,-76.2351
VUP,Alfonso López Pumarejo Airport,10.435,-73.2495
VVC,Vanguardia Airport,4.16787,-73.6138
BJO,Bermejo Airport,-22.7733001709,-64.31289672850001
CBB,Jorge Wilsterman International Airport,-17.421100616455078,-66.1771011352539
CCA,Chimore Airport,-16.976834,-65.145568
CIJ,Capitán Aníbal Arab Airport,-11.040399551400002,-68.7829971313
LPB,El Alto International Airport,-16.5132999420166,-68.19229888916016
ORU,Juan Mendoza Airport,-17.962600708,-67.0762023926
POI,Capitan Nicolas Rojas Airport,-19.5431003571,-65.72370147710001
PSZ,Capitán Av. Salvador Ogaya G. airport,-18.975301,-57.820599
SBL,Santa Ana Del Yacuma Airport,-13.762200355500001,-65.4352035522
SRE,Juana Azurduy De Padilla Airport,-19.007099151611328,-65.2886962890625
TJA,Capitan Oriel Lea Plaza Airport,-21.5557003021,-64.7013015747
TDD,Teniente Av. Jorge Henrich Arauz Airport,-14.8186998367,-64.9179992676
VLM,Teniente Coronel Rafael Pabón Airport,-21.255199432399998,-63.4056015015
VVI,Viru Viru International Airport,-17.6448,-63.135399
BYC,Yacuiba Airport,-21.960899353027344,-63.65169906616211
PBM,Johan Adolf Pengel International Airport,5.4528298377999995,-55.1878013611
CAY,Cayenne-Rochambeau Airport,4.819809913639999,-52.360401153599994
OYP,Saint-Georges-de-l'Oyapock Airport,3.89759993553,-51.8041000366
AOP,Alferez FAP Alfredo Vladimir Sara Bauer Airport,-2.79612994194,-76.46659851070001
IBP,Iberia Airport,-11.411600112915039,-69.48870086669922
PCL,Cap FAP David Abenzur Rengifo International Airport,-8.37794017791748,-74.57430267333984
CHM,Teniente FAP Jaime A De Montreuil Morales Airport,-9.149609565734863,-78.5238037109375
CIX,Capitan FAP Jose A Quinones Gonzales International Airport,-6.787479877471924,-79.8281021118164
AYP,Coronel FAP Alfredo Mendivil Duarte Airport,-13.154800415039062,-74.20439910888672
ANS,Andahuaylas Airport,-13.706399917602539,-73.35040283203125
ATA,Comandante FAP German Arias Graziani Airport,-9.347439765930176,-77.59839630126953
LIM,Jorge Chávez International Airport,-12.0219,-77.114305
JJI,Juanjui Airport,-7.169099807739258,-76.72859954833984
JAU,Francisco Carle Airport,-11.7831001282,-75.47339630130001
JUL,Inca Manco Capac International Airport,-15.467100143432617,-70.158203125
ILQ,Ilo Airport,-17.69499969482422,-71.34400177001953
TBP,Capitan FAP Pedro Canga Rodriguez Airport,-3.55253005027771,-80.38140106201172
YMS,Moises Benzaquen Rengifo Airport,-5.893770217895508,-76.11820220947266
CHH,Chachapoyas Airport,-6.201809883117676,-77.8561019897461
IQT,Coronel FAP Francisco Secada Vignetta International Airport,-3.7847399711608887,-73.30879974365234
AQP,Rodríguez Ballón International Airport,-16.3411006927,-71.5830993652
TRU,Capitan FAP Carlos Martinez De Pinillos International Airport,-8.08141040802002,-79.10880279541016
PIO,Capitán FAP Renán Elías Olivera International Airport,-13.74489974975586,-76.22029876708984
TPP,Cadete FAP Guillermo Del Castillo Paredes Airport,-6.508739948272705,-76.37319946289062
TCQ,Coronel FAP Carlos Ciriani Santa Rosa International Airport,-18.053300857500002,-70.2758026123
PEM,Padre Aldamiz International Airport,-12.6135997772,-69.2285995483
PIU,Capitán FAP Guillermo Concha Iberico International Airport,-5.20574998856,-80.61640167239999
TYL,Capitan Montes Airport,-4.5766401290894,-81.254096984863
CUZ,Alejandro Velasco Astete International Airport,-13.535699844400002,-71.9387969971
DZO,Santa Bernardina International Airport,-33.3588981628418,-56.49919891357422
MVD,Carrasco International /General C L Berisso Airport,-34.838402,-56.0308
STY,Nueva Hesperides International Airport,-31.438499450683594,-57.98529815673828
AGV,Oswaldo Guevara Mujica Airport,9.553375244140625,-69.23786926269531
AAO,Anaco Airport,9.430225372314453,-64.4707260131836
BLA,General José Antonio Anzoategui International Airport,10.111111,-64.692222
BNS,Barinas Airport,8.615,-70.21416667
BRM,Barquisimeto International Airport,10.042746543884277,-69.3586196899414
CBL,"Aeropuerto ""General Tomas de Heres"". Ciudad Bolivar",8.12216091156,-63.5369567871
CXA,Caicara del Orinoco Airport,7.625510215759277,-66.16280364990234
CLZ,Calabozo Airport,8.92465591430664,-67.4170913696289
CAJ,Canaima Airport,6.231988906860352,-62.85443115234375
VCR,Carora Airport,10.175602912902832,-70.06521606445312
CUP,General Francisco Bermúdez Airport,10.660014152526855,-63.261680603027344
CZE,José Leonardo Chirinos Airport,11.41494369506836,-69.68090057373047
CUM,Cumaná (Antonio José de Sucre) Airport,10.450332641601562,-64.1304702758789
EOR,El Dorado Airport,6.733333110809326,-61.58333206176758
EOZ,Elorza Airport,7.0833330154418945,-69.53333282470703
GDO,Guasdalito Airport,7.233333110809326,-70.80000305175781
GUI,Guiria Airport,10.574077606200001,-62.3126678467
GUQ,Guanare Airport,9.026944160461426,-69.7551498413086
HGE,Higuerote Airport,10.462474,-66.092779
ICC,Andrés Miguel Salazar Marcano Airport,10.794432,-63.98159
LSP,Josefa Camejo International Airport,11.78077507019043,-70.15149688720703
LFR,La Fria Airport,8.239167213439941,-72.27102661132812
MAR,La Chinita International Airport,10.5582084656,-71.7278594971
MRD,Alberto Carnevalli Airport,8.582078,-71.161041
PMV,Del Caribe Santiago Mariño International Airport,10.912603378295898,-63.96659851074219
CCS,Simón Bolívar International Airport,10.601194,-66.991222
MUN,Maturín Airport,9.75452995300293,-63.14739990234375
PYH,Cacique Aramare Airport,5.6199898719788,-67.606101989746
PBL,General Bartolome Salom International Airport,10.480500221252441,-68.072998046875
SCI,Paramillo Airport,7.8013200759887695,-72.2029037475586
PZO,General Manuel Carlos Piar International Airport,8.288530349731445,-62.760398864746094
PTM,Palmarito Airport,7.566669940948486,-70.18329620361328
SVZ,San Antonio Del Tachira Airport,7.840829849243164,-72.439697265625
SBB,Santa Bárbara de Barinas Airport,7.803514003753662,-71.16571807861328
SNV,Santa Elena de Uairen Airport,4.554999828338623,-61.150001525878906
STD,Mayor Buenaventura Vivas International Airport,7.56538,-72.035103
SNF,Sub Teniente Nestor Arias Airport,10.2787,-68.755203
SFD,San Fernando De Apure Airport,7.883319854736328,-67.44400024414062
SOM,San Tomé Airport,8.9451465606689,-64.151084899902
STB,Santa Bárbara del Zulia Airport,8.974550247192383,-71.94325256347656
TUV,Tucupita Airport,9.088994026184082,-62.094173431396484
TMO,Tumeremo Airport,7.24938,-61.52893
VLN,Arturo Michelena International Airport,10.14973258972168,-67.92839813232422
VLV,Dr. Antonio Nicolás Briceño Airport,9.34047794342041,-70.58406066894531
VDP,Valle de La Pascua Airport,9.22202777863,-65.9935836792
LTM,Lethem Airport,3.37276,-59.789398
ANU,V.C. Bird International Airport,17.1367,-61.792702
BGI,Sir Grantley Adams International Airport,13.0746002197,-59.4925003052
DCF,Canefield Airport,15.336700439453125,-61.3922004699707
DOM,Douglas-Charles Airport,15.547,-61.299999
FDF,Martinique Aimé Césaire International Airport,14.590999603271484,-61.00320053100586
SFG,L'Espérance Airport,18.099899291992,-63.047199249268
PTP,Pointe-à-Pitre Le Raizet,16.265301,-61.531799
GND,Point Salines International Airport,12.004199981689453,-61.78620147705078
STT,Cyril E. King Airport,18.337299346923828,-64.97339630126953
STX,Henry E Rohlsen Airport,17.701900482177734,-64.79859924316406
BQN,Rafael Hernandez Airport,18.49489974975586,-67.12940216064453
FAJ,Diego Jimenez Torres Airport,18.308900833129883,-65.66190338134766
SIG,Fernando Luis Ribas Dominicci Airport,18.45680046081543,-66.09809875488281
MAZ,Eugenio Maria De Hostos Airport,18.255699157714844,-67.14849853515625
PSE,Mercedita Airport,18.00830078125,-66.56300354003906
SJU,Luis Munoz Marin International Airport,18.4393997192,-66.0018005371
SKB,Robert L. Bradshaw International Airport,17.311199188232422,-62.71870040893555
SLU,George F. L. Charles Airport,14.0202,-60.992901
UVF,Hewanorra International Airport,13.7332,-60.952599
AUA,Queen Beatrix International Airport,12.5014,-70.015198
BON,Flamingo International Airport,12.130999565124512,-68.26850128173828
CUR,Hato International Airport,12.1889,-68.959801
EUX,F. D. Roosevelt Airport,17.49650001525879,-62.979400634765625
SXM,Princess Juliana International Airport,18.041000366200002,-63.1088981628
AXA,Clayton J Lloyd International Airport,18.2048,-63.055099
TAB,Tobago-Crown Point Airport,11.149700164794922,-60.83219909667969
POS,Piarco International Airport,10.595399856567383,-61.33720016479492
EIS,Terrance B. Lettsome International Airport,18.444799423217773,-64.54299926757812
CIW,Canouan Airport,12.699,-61.3424
MQS,Mustique Airport,12.887900352478027,-61.180198669433594
SVD,Argyle International Airport,13.156695,-61.149945
ALA,Almaty Airport,43.35210037231445,77.04049682617188
BXH,Balkhash Airport,46.8932991027832,75.00499725341797
TSE,Astana International Airport,51.02220153808594,71.46690368652344
DMB,Taraz Airport,42.853599548339844,71.30359649658203
FRU,Manas International Airport,43.0612983704,74.4776000977
OSS,Osh Airport,40.6090011597,72.793296814
CIT,Shymkent Airport,42.364200592041016,69.47889709472656
URA,Uralsk Airport,51.15079879760742,51.54309844970703
PWQ,Pavlodar Airport,52.19499969482422,77.07389831542969
PLX,Semipalatinsk Airport,50.351295,80.234398
AKX,Aktobe Airport,50.2458,57.206699
GYD,Heydar Aliyev International Airport,40.467498779296875,50.04669952392578
YKS,Yakutsk Airport,62.093299865722656,129.77099609375
MJZ,Mirny Airport,62.534698486328125,114.03900146484375
BQS,Ignatyevo Airport,50.42539978027344,127.41200256347656
KHV,Khabarovsk-Novy Airport,48.52799987793,135.18800354004
PVS,Provideniya Bay Airport,64.37809753417969,-173.2429962158203
GDX,Sokol Airport,59.9109992980957,150.72000122070312
PWE,Pevek Airport,69.783302307129,170.59700012207
PKC,Yelizovo Airport,53.16790008544922,158.45399475097656
UUS,Yuzhno-Sakhalinsk Airport,46.88869857788086,142.71800231933594
VVO,Vladivostok International Airport,43.39899826049805,132.1479949951172
HTA,Chita-Kadala Airport,52.026299,113.306
BTK,Bratsk Airport,56.370601654052734,101.697998046875
IKT,Irkutsk Airport,52.268001556396,104.38899993896
UUD,Ulan-Ude Airport (Mukhino),51.80780029296875,107.43800354003906
KBP,Boryspil International Airport,50.345001220703125,30.894699096679688
DOK,Donetsk International Airport,48.07360076904297,37.73970031738281
DNK,Dnipropetrovsk International Airport,48.357200622558594,35.10060119628906
SIP,Simferopol International Airport,45.05220031738281,33.975101470947266
IEV,Kiev Zhuliany International Airport,50.40194,30.45194
LWO,Lviv International Airport,49.8125,23.956100463867188
ODS,Odessa International Airport,46.42679977416992,30.67650032043457
LED,Pulkovo Airport,59.80030059814453,30.262500762939453
MMK,Murmansk Airport,68.78170013427734,32.75080108642578
GME,Gomel Airport,52.527000427246094,31.016700744628906
VTB,Vitebsk Vostochny Airport,55.126499176025,30.349599838257
KGD,Khrabrovo Airport,54.88999938964844,20.592599868774414
MHP,Minsk 1 Airport,53.864498138427734,27.53969955444336
MSQ,Minsk National Airport,53.882499694824,28.030700683594
ABA,Abakan Airport,53.7400016784668,91.38500213623047
BAX,Barnaul Airport,53.363800048828125,83.53849792480469
KEJ,Kemerovo Airport,55.27009963989258,86.1072006225586
OMS,Omsk Central Airport,54.96699905395508,73.31050109863281
KRR,Krasnodar Pashkovsky International Airport,45.034698486328,39.170501708984
MCX,Uytash Airport,42.81679916381836,47.65230178833008
MRV,Mineralnyye Vody Airport,44.225101470947266,43.08190155029297
STW,Stavropol Shpakovskoye Airport,45.10919952392578,42.11280059814453
ROV,Platov International Airport,47.493888,39.924722
AER,Sochi International Airport,43.449902,39.9566
ASF,Astrakhan Airport,46.2832984924,48.0063018799
VOG,Volgograd International Airport,48.782501220703125,44.34550094604492
CEK,Chelyabinsk Balandino Airport,55.305801,61.5033
MQF,Magnitogorsk International Airport,53.39310073852539,58.755699157714844
NJC,Nizhnevartovsk Airport,60.94929885864258,76.48359680175781
PEE,Bolshoye Savino Airport,57.914501190186,56.021198272705
SGC,Surgut Airport,61.34370040893555,73.40180206298828
SVX,Koltsovo Airport,56.743099212646,60.802700042725
ASB,Ashgabat International Airport,37.986801,58.361
KRW,Turkmenbashi Airport,40.063301,53.007198
CRZ,Turkmenabat Airport,39.08330154418945,63.61330032348633
DYU,Dushanbe Airport,38.543300628699996,68.8249969482
BHK,Bukhara Airport,39.775001525878906,64.4832992553711
SKD,Samarkand Airport,39.70050048828125,66.98380279541016
TAS,Tashkent International Airport,41.257900238,69.2811965942
BZK,Bryansk Airport,53.214199,34.176399
SVO,Sheremetyevo International Airport,55.972599,37.4146
KLD,Migalovo Air Base,56.82469940185547,35.7577018737793
VOZ,Voronezh International Airport,51.81420135498047,39.22959899902344
VKO,Vnukovo International Airport,55.5914993286,37.2615013123
SCW,Syktyvkar Airport,61.64699935913086,50.84510040283203
KZN,Kazan International Airport,55.606201171875,49.278701782227
REN,Orenburg Central Airport,51.795799255371094,55.45669937133789
UFA,Ufa International Airport,54.557498931885,55.874401092529
KUF,Kurumoch International Airport,53.504901885986,50.16429901123
AMD,Sardar Vallabhbhai Patel International Airport,23.0771999359,72.63469696039999
AKD,Akola Airport,20.698999,77.058601
IXU,Aurangabad Airport,19.862699508666992,75.39810180664062
BOM,Chhatrapati Shivaji International Airport,19.0886993408,72.8678970337
PAB,Bilaspur Airport,21.9884,82.111
BHJ,Bhuj Airport,23.2877998352,69.6701965332
IXG,Belgaum Airport,15.859299659700001,74.6183013916
BDQ,Vadodara Airport,22.336201,73.226303
BHO,Raja Bhoj International Airport,23.2875003815,77.3374023438
BHU,Bhavnagar Airport,21.752199173,72.1852035522
NMB,Daman Airport,20.43440055847168,72.84320068359375
GUX,Guna Airport,24.654699,77.347298
GOI,Dabolim Airport,15.3808002472,73.8313980103
IDR,Devi Ahilyabai Holkar Airport,22.7217998505,75.8011016846
JLR,Jabalpur Airport,23.177799224853516,80.052001953125
JGA,Jamnagar Airport,22.465499877929688,70.01260375976562
IXY,Kandla Airport,23.1127,70.100304
HJR,Khajuraho Airport,24.817199707,79.91860198970001
KLH,Kolhapur Airport,16.6646995544,74.2893981934
IXK,Keshod Airport,21.317100524902344,70.27040100097656
NAG,Dr. Babasaheb Ambedkar International Airport,21.092199325561523,79.04720306396484
ISK,Nashik Airport,20.119101,73.912903
PNQ,Pune Airport,18.58209991455078,73.9197006225586
PBD,Porbandar Airport,21.6487007141,69.65720367429999
RAJ,Rajkot Airport,22.3092002869,70.77950286869999
RPR,Raipur Airport,21.180401,81.7388
SSE,Solapur Airport,17.6280002594,75.93479919430001
STV,Surat Airport,21.1140995026,72.7417984009
UDR,Maharana Pratap Airport,24.617700576799997,73.89610290530001
CMB,Bandaranaike International Colombo Airport,7.180759906768799,79.88410186767578
ACJ,Anuradhapura Air Force Base,8.30148983002,80.42790222170001
BTC,Batticaloa Airport,7.70576,81.678802
RML,Colombo Ratmalana Airport,6.821990013122559,79.88619995117188
ADP,Ampara Airport,7.33776,81.62594
JAF,Kankesanturai Airport,9.792329788208008,80.07009887695312
TRR,China Bay Airport,8.5385103225708,81.18190002441406
KZC,Kampong Chhnang Airport,12.255200386,104.564002991
PNH,Phnom Penh International Airport,11.546600341796875,104.84400177001953
REP,Siem Reap International Airport,13.410699844400002,103.81300354
TNX,Stung Treng Airport,13.531900405883789,106.01499938964844
IXV,Along Airport,28.17530059814453,94.802001953125
IXA,Agartala Airport,23.8869991302,91.24040222170001
AJL,Lengpui Airport,23.840599060099997,92.6196975708
IXB,Bagdogra Airport,26.68120002746582,88.32859802246094
BBI,Biju Patnaik Airport,20.244400024399997,85.8178024292
CCU,Netaji Subhash Chandra Bose International Airport,22.654699325561523,88.44670104980469
COH,Cooch Behar Airport,26.330499649,89.4672012329
DBD,Dhanbad Airport,23.833999633789062,86.42530059814453
GAY,Gaya Airport,24.744300842285156,84.95120239257812
IMF,Imphal Airport,24.7600002289,93.896697998
IXW,Sonari Airport,22.8132,86.1688
JRH,Jorhat Airport,26.7315006256,94.1754989624
IXH,Kailashahar Airport,24.30820083618164,92.0072021484375
IXS,Silchar Airport,24.9129009247,92.97869873050001
IXI,North Lakhimpur Airport,27.295499801635742,94.09760284423828
DIB,Dibrugarh Airport,27.4839000702,95.0168991089
MZU,Muzaffarpur Airport,26.11910057067871,85.3136978149414
PAT,Lok Nayak Jayaprakash Airport,25.591299057,85.0879974365
IXR,Birsa Munda Airport,23.314300537100003,85.3217010498
RRK,Rourkela Airport,22.256701,84.814598
VTZ,Vishakhapatnam Airport,17.721200943,83.2245025635
ZER,Ziro Airport,27.588301,93.828102
CXB,Cox's Bazar Airport,21.452199935913086,91.96389770507812
CGP,Shah Amanat International Airport,22.24959945678711,91.81330108642578
IRD,Ishurdi Airport,24.15250015258789,89.04940032958984
JSR,Jessore Airport,23.183799743652344,89.16079711914062
RJH,Shah Mokhdum Airport,24.43720054626465,88.61650085449219
SPD,Saidpur Airport,25.759199142456055,88.90889739990234
ZYL,Osmany International Airport,24.963199615478516,91.8667984008789
DAC,Hazrat Shahjalal International Airport,23.843347,90.397783
HKG,Hong Kong International Airport,22.308901,113.915001
AGR,Agra Airport,27.155799865722656,77.96089935302734
IXD,Allahabad Airport,25.440099716186523,81.73390197753906
ATQ,Sri Guru Ram Dass Jee International Airport,31.7096004486,74.7973022461
BKB,Nal Airport,28.070600509643555,73.20719909667969
VNS,Lal Bahadur Shastri Airport,25.4524002075,82.8592987061
KUU,Kullu Manali Airport,31.876699447631836,77.15440368652344
BUP,Bhatinda Air Force Station,30.270099639892578,74.75579833984375
BEK,Bareilly Air Force Station,28.4221000671,79.45079803470001
IXC,Chandigarh Airport,30.673500061035156,76.78849792480469
KNU,Kanpur Airport,26.404301,80.410103
DED,Dehradun Airport,30.189699,78.180298
DEL,Indira Gandhi International Airport,28.5665,77.103104
GWL,Gwalior Airport,26.29330062866211,78.22779846191406
HSS,Hissar Airport,29.179399490356445,75.75530242919922
JDH,Jodhpur Airport,26.251100540161133,73.04889678955078
JAI,Jaipur International Airport,26.8242,75.812202
JSA,Jaisalmer Airport,26.888700485229492,70.86499786376953
IXJ,Jammu Airport,32.6890983582,74.8374023438
KTU,Kota Airport,25.160200119,75.84559631350001
LUH,Ludhiana Airport,30.854700088500977,75.95259857177734
IXL,Leh Kushok Bakula Rimpochee Airport,34.1358985901,77.5465011597
LKO,Chaudhary Charan Singh International Airport,26.7605991364,80.8892974854
IXP,Pathankot Airport,32.233611,75.634444
PGH,Pantnagar Airport,29.03339958190918,79.47370147705078
SXR,Sheikh ul Alam Airport,33.987098693847656,74.77420043945312
TNI,Satna Airport,24.5623,80.854897
LPQ,Luang Phabang International Airport,19.897300720214844,102.16100311279297
PKZ,Pakse International Airport,15.132100105285645,105.78099822998047
ZVK,Savannakhet Airport,16.55660057067871,104.76000213623047
NEU,Sam Neua Airport,20.418399810791016,104.06700134277344
VTE,Wattay International Airport,17.988300323500003,102.56300354
MFM,Macau International Airport,22.149599,113.592003
BWA,Gautam Buddha Airport,27.505685,83.416293
JKR,Janakpur Airport,26.708799362199997,85.9224014282
KTM,Tribhuvan International Airport,27.6966,85.3591
PKR,Pokhara Airport,28.200899124145508,83.98210144042969
SIF,Simara Airport,27.159500122070312,84.9801025390625
BIR,Biratnagar Airport,26.48150062561035,87.26399993896484
AGX,Agatti Airport,10.823699951171875,72.1760025024414
BLR,Kempegowda International Airport,13.1979,77.706299
BEP,Bellary Airport,15.162799835205078,76.88279724121094
VGA,Vijayawada Airport,16.530399322509766,80.79679870605469
CJB,Coimbatore International Airport,11.029999733,77.0434036255
COK,Cochin International Airport,10.152,76.401901
CCJ,Calicut International Airport,11.1367998123,75.95529937740001
CDP,Kadapa Airport,14.51,78.772778
CBD,Car Nicobar Air Force Station,9.152509689331055,92.8196029663086
BPM,Begumpet Airport,17.4531002045,78.4675979614
IXM,Madurai Airport,9.83450984955,78.09339904790001
IXE,Mangalore International Airport,12.9612998962,74.8900985718
MAA,Chennai International Airport,12.990005493164062,80.16929626464844
IXZ,Vir Savarkar International Airport,11.641200065612793,92.72969818115234
PNY,Pondicherry Airport,11.968,79.812
RJA,Rajahmundry Airport,17.1103992462,81.81819915770001
SXV,Salem Airport,11.78330039978,78.06559753418
TJV,Tanjore Air Force Base,10.722399711608887,79.10160064697266
TIR,Tirupati Airport,13.632499694800002,79.543296814
TRZ,Tiruchirapally Civil Airport Airport,10.765399932861328,78.70970153808594
TRV,Trivandrum International Airport,8.48211956024,76.9200973511
PBH,Paro Airport,27.403200149499998,89.42459869380001
MLE,Malé International Airport,4.191830158233643,73.52909851074219
DMK,Don Mueang International Airport,13.9125995636,100.607002258
KDT,Kamphaeng Saen Airport,14.1020002365,99.9171981812
UTP,U-Tapao International Airport,12.679900169372559,101.00499725341797
LPT,Lampang Airport,18.27090072631836,99.50420379638672
PRH,Phrae Airport,18.132200241088867,100.16500091552734
HHQ,Hua Hin Airport,12.6361999512,99.951499939
TKH,Takhli Airport,15.277299881,100.29599762
PHS,Phitsanulok Airport,16.782899856567383,100.27899932861328
NAW,Narathiwat Airport,6.5199198722839355,101.74299621582031
KBV,Krabi Airport,8.09912014008,98.9861984253
SGZ,Songkhla Airport,7.186560153961182,100.60800170898438
PAN,Pattani Airport,6.785459995269775,101.15399932861328
USM,Samui Airport,9.547789573669998,100.06199646
HKT,Phuket International Airport,8.1132,98.316902
UNN,Ranong Airport,9.777620315551758,98.58550262451172
HDY,Hat Yai International Airport,6.93320989609,100.392997742
TST,Trang Airport,7.508739948272705,99.6166000366211
UTH,Udon Thani Airport,17.386400222800003,102.788002014
SNO,Sakon Nakhon Airport,17.195100784301758,104.11900329589844
PXR,Surin Airport,14.868300437927,103.49800109863
LOE,Loei Airport,17.43910026550293,101.72200012207031
DAD,Da Nang International Airport,16.043899536132812,108.1989974975586
HAN,Noi Bai International Airport,21.221200942993164,105.80699920654297
NHA,Nha Trang Air Base,12.2275,109.192001
HUI,Phu Bai Airport,16.401500701899998,107.70300293
PQC,Phu Quoc International Airport,10.1698,103.9931
SGN,Tan Son Nhat International Airport,10.8187999725,106.652000427
VBA,Ann Airport,19.769199,94.0261
NYU,Bagan Airport,21.178800582885742,94.9301986694336
HEH,Heho Airport,20.746999740600586,96.79199981689453
HOX,Hommalinn Airport,24.899599075317383,94.91400146484375
KET,Kengtung Airport,21.301599502563477,99.63600158691406
KYP,Kyaukpyu Airport,19.42639923095703,93.53479766845703
LSH,Lashio Airport,22.9778995513916,97.752197265625
MDL,Mandalay International Airport,21.702199935913086,95.97789764404297
MGZ,Myeik Airport,12.439800262451172,98.62149810791016
MYT,Myitkyina Airport,25.38360023498535,97.35189819335938
MOE,Momeik Airport,23.092500686645508,96.64530181884766
MOG,Mong Hsat Airport,20.516799926757812,99.25679779052734
NMS,Namsang Airport,20.890499114990234,97.73590087890625
PAA,Hpa-N Airport,16.893699645996094,97.67459869384766
PBU,Putao Airport,27.32990074157715,97.42630004882812
PRU,Pyay Airport,18.824499130249023,95.26599884033203
AKY,Sittwe Airport,20.132699966430664,92.87259674072266
SNW,Thandwe Airport,18.4606990814209,94.30010223388672
THL,Tachileik Airport,20.483800888061523,99.9354019165039
RGN,Yangon International Airport,16.907300949099998,96.1332015991
UPG,Hasanuddin International Airport,-5.061629772186279,119.55400085449219
BIK,Frans Kaisiepo Airport,-1.190019965171814,136.10800170898438
NBX,Nabire Airport,-3.36818,135.496002
TIM,Moses Kilangin Airport,-4.528279781341553,136.88699340820312
DJJ,Sentani International Airport,-2.5769500733,140.5160064698
WMX,Wamena Airport,-4.10251,138.957001
MKQ,Mopah Airport,-8.52029037475586,140.41799926757812
GTO,Jalaluddin Airport,0.63711899519,122.849998474
PLW,Mutiara Airport,-0.9185420274734497,119.91000366210938
MDC,Sam Ratulangi Airport,1.5492600202560425,124.9260025024414
PSJ,Kasiguncu Airport,-1.41674995422,120.657997131
OTI,Pitu Airport,2.0459899902300003,128.324996948
TTE,Sultan Khairun Babullah Airport,0.831413984298706,127.38099670410156
LUW,Syukuran Aminuddin Amir Airport,-1.03892,122.772003
AMQ,"Pattimura Airport, Ambon",-3.7102599144,128.089004517
FKQ,Fakfak Airport,-2.9201900959014893,132.26699829101562
KNG,Kaimana Airport,-3.6445200443267822,133.6959991455078
BXB,Babo Airport,-2.5322399139404297,133.43899536132812
MKW,Rendani Airport,-0.8918330073356628,134.0489959716797
SOQ,Dominique Edward Osok Airport,-0.894,131.287
BTU,Bintulu Airport,3.12385010719,113.019996643
KCH,Kuching International Airport,1.4846999645233154,110.34700012207031
LMN,Limbang Airport,4.808300018310547,115.01000213623047
MUR,Marudi Airport,4.178979873657227,114.3290023803711
MYY,Miri Airport,4.322010040283203,113.98699951171875
SBW,Sibu Airport,2.2616000175476074,111.98500061035156
LDU,Lahad Datu Airport,5.032249927520752,118.3239974975586
BKI,Kota Kinabalu International Airport,5.9372100830078125,116.0510025024414
LBU,Labuan Airport,5.300680160522461,115.25
TWU,Tawau Airport,4.320159912109375,118.12799835205078
BWN,Brunei International Airport,4.944200038909912,114.9280014038086
PKU,Sultan Syarif Kasim Ii (Simpang Tiga) Airport,0.46078601479530334,101.44499969482422
DUM,Pinang Kampai Airport,1.60919,101.433998
CGK,Soekarno-Hatta International Airport,-6.1255698204,106.65599823
GNS,Binaka Airport,1.16638,97.704697
AEG,Aek Godang Airport,1.4001,99.430496
PDG,Minangkabau International Airport,-0.786917,100.280998
MES,Soewondo Air Force Base,3.559167,98.671111
FLZ,Dr Ferdinand Lumban Tobing Airport,1.55594,98.888901
NPO,Nanga Pinoh Airport,-0.34886899590492,111.74800109863
KTG,Ketapang(Rahadi Usman) Airport,-1.816640019416809,109.96299743652344
PNK,Supadio Airport,-0.15071099996566772,109.40399932861328
DJB,Sultan Thaha Airport,-1.6380200386047363,103.64399719238281
BKS,Fatmawati Soekarno Airport,-3.8637,102.338997
PLM,Sultan Mahmud Badaruddin II Airport,-2.8982501029968,104.69999694824
RGT,Japura Airport,-0.35280799865722656,102.33499908447266
LSX,Lhok Sukon Airport,5.069509983062744,97.25920104980469
BTJ,Sultan Iskandar Muda International Airport,5.522872024010001,95.42063713070002
AOR,Sultan Abdul Halim Airport,6.189670085906982,100.39800262451172
BWH,Butterworth Airport,5.4659199714660645,100.39099884033203
KBR,Sultan Ismail Petra Airport,6.1668500900268555,102.29299926757812
KUA,Kuantan Airport,3.7753899097442627,103.20899963378906
KTE,Kerteh Airport,4.537220001220703,103.427001953125
IPH,Sultan Azlan Shah Airport,4.567969799041748,101.09200286865234
JHB,Senai International Airport,1.64131,103.669998
KUL,Kuala Lumpur International Airport,2.745579957962,101.70999908447
LGK,Langkawi International Airport,6.329730033874512,99.72869873046875
MKZ,Malacca Airport,2.2633600235,102.251998901
TGG,Sultan Mahmud Airport,5.3826398849487305,103.10299682617188
PEN,Penang International Airport,5.297140121459961,100.2770004272461
UAI,Suai Airport,-9.30331039428711,125.28700256347656
DIL,Presidente Nicolau Lobato International Airport,-8.54640007019,125.526000977
BCH,Cakung Airport,-8.489029884339999,126.401000977
QPG,Paya Lebar Air Base,1.3604199886322021,103.91000366210938
TGA,Tengah Air Base,1.38725996017,103.708999634
XSP,Seletar Airport,1.416949987411499,103.86799621582031
SIN,Singapore Changi Airport,1.35019,103.994003
ACF,Brisbane Archerfield Airport,-27.5702991486,153.007995605
ABM,Northern Peninsula Airport,-10.9508,142.459
ASP,Alice Springs Airport,-23.806699752807617,133.90199279785156
BNE,Brisbane International Airport,-27.384199142456055,153.11700439453125
OOL,Gold Coast Airport,-28.1644001007,153.505004883
CNS,Cairns International Airport,-16.885799408,145.755004883
CTL,Charleville Airport,-26.4132995605,146.261993408
ISA,Mount Isa Airport,-20.663900375399997,139.488998413
MCY,Sunshine Coast Airport,-26.6033,153.091003
MKY,Mackay Airport,-21.171699523900003,149.179992676
PPP,Proserpine Whitsunday Coast Airport,-20.4950008392,148.552001953
ROK,Rockhampton Airport,-23.3819007874,150.475006104
TSV,Townsville Airport,-19.252500534057617,146.76499938964844
WEI,Weipa Airport,-12.6786003113,141.925003052
AVV,Avalon Airport,-38.039398,144.468994
ABX,Albury Airport,-36.06779861450195,146.95799255371094
MEB,Melbourne Essendon Airport,-37.7281,144.901993
HBA,Hobart International Airport,-42.836101532,147.509994507
LST,Launceston Airport,-41.54529953,147.214004517
MBW,Melbourne Moorabbin Airport,-37.975799560546875,145.1020050048828
MEL,Melbourne International Airport,-37.673302,144.843002
ADL,Adelaide International Airport,-34.945,138.531006
JAD,Perth Jandakot Airport,-32.09749984741211,115.88099670410156
KTA,Karratha Airport,-20.712200164799995,116.773002625
KGI,Kalgoorlie Boulder Airport,-30.789400100699996,121.461997986
KNX,Kununurra Airport,-15.7781000137,128.707992554
LEA,Learmonth Airport,-22.235599517799997,114.088996887
PHE,Port Hedland International Airport,-20.3777999878,118.625999451
PER,Perth International Airport,-31.94029998779297,115.96700286865234
UMR,Woomera Airfield,-31.14419937133789,136.81700134277344
XCH,Christmas Island Airport,-10.450599670410156,105.69000244140625
BWU,Sydney Bankstown Airport,-33.924400329589844,150.98800659179688
CBR,Canberra International Airport,-35.30690002441406,149.19500732421875
CFS,Coffs Harbour Airport,-30.3206005096,153.115997314
CDU,Camden Airport,-34.04029846191406,150.68699645996094
DBO,Dubbo City Regional Airport,-32.2167015076,148.574996948
NLK,Norfolk Island International Airport,-29.04159927368164,167.93899536132812
XRH,RAAF Base Richmond,-33.600601,150.781006
SYD,Sydney Kingsford Smith International Airport,-33.94609832763672,151.177001953125
TMW,Tamworth Airport,-31.0839004517,150.847000122
WGA,Wagga Wagga City Airport,-35.1652984619,147.466003418
PEK,Beijing Capital International Airport,40.080101013183594,116.58499908447266
HLD,Dongshan Airport,49.2050018311,119.824996948
TSN,Tianjin Binhai International Airport,39.124401092499994,117.346000671
TYN,Taiyuan Wusu Airport,37.74689865112305,112.62799835205078
CAN,Guangzhou Baiyun International Airport,23.39240074157715,113.29900360107422
CSX,Changsha Huanghua International Airport,28.189199447599997,113.220001221
KWL,Guilin Liangjiang International Airport,25.21809959411621,110.03900146484375
NNG,Nanning Wuxu Airport,22.608299255371094,108.1719970703125
SZX,Shenzhen Bao'an International Airport,22.639299392700195,113.81099700927734
CGO,Zhengzhou Xinzheng International Airport,34.519699096699995,113.841003418
WUH,Wuhan Tianhe International Airport,30.7838,114.208
FNJ,Pyongyang Sunan International Airport,39.224098,125.669998
LHW,Lanzhou Zhongchuan Airport,36.5152015686,103.620002747
XIY,Xi'an Xianyang International Airport,34.447102,108.751999
ULN,Chinggis Khaan International Airport,47.843102,106.766998
JHG,Xishuangbanna Gasa Airport,21.973899841308594,100.76000213623047
KMG,Kunming Changshui International Airport,25.1019444,102.9291667
XMN,Xiamen Gaoqi International Airport,24.54400062561035,118.12799835205078
KHN,Nanchang Changbei International Airport,28.864999771118164,115.9000015258789
FOC,Fuzhou Changle International Airport,25.935100555419922,119.66300201416016
HGH,Hangzhou Xiaoshan International Airport,30.22949981689453,120.43399810791016
NGB,Ningbo Lishe International Airport,29.82670021057129,121.46199798583984
NKG,Nanjing Lukou Airport,31.742000579833984,118.86199951171875
HFE,Hefei Luogang International Airport,31.780000686645508,117.2979965209961
TAO,Liuting Airport,36.2661018372,120.374000549
SHA,Shanghai Hongqiao International Airport,31.197900772094727,121.33599853515625
YNT,Yantai Laishan Airport,37.40169906616211,121.37200164794922
CKG,Chongqing Jiangbei International Airport,29.719200134277344,106.64199829101562
KWE,Longdongbao Airport,26.53849983215332,106.8010025024414
CTU,Chengdu Shuangliu International Airport,30.578500747680664,103.9469985961914
XIC,Xichang Qingshan Airport,27.989099502563477,102.18399810791016
KHG,Kashgar Airport,39.5429000854,76.0199966431
HTN,Hotan Airport,37.03850173950195,79.86489868164062
URC,Ürümqi Diwopu International Airport,43.907100677490234,87.47419738769531
HRB,Taiping Airport,45.6234016418457,126.25
MDG,Mudanjiang Hailang International Airport,44.5241012573,129.569000244
DLC,Zhoushuizi Airport,38.9656982421875,121.53900146484375
PVG,Shanghai Pudong International Airport,31.143400192260742,121.80500030517578
TOD,Pulau Tioman Airport,2.8181800842285156,104.16000366210938
SZB,Sultan Abdul Aziz Shah International Airport,3.130579948425293,101.54900360107422
NTQ,Noto Airport,37.2930984497,136.962005615
HBE,Borg El Arab International Airport,30.917699813842773,29.696399688720703
BTI,Barter Island LRRS Airport,70.1340026855,-143.582000732
LUR,Cape Lisburne LRRS Airport,68.87509918,-166.1100006
PIZ,Point Lay LRRS Airport,69.73290253,-163.0050049
ITO,Hilo International Airport,19.721399307250977,-155.04800415039062
ORL,Orlando Executive Airport,28.5455,-81.332901
BTT,Bettles Airport,66.91390228,-151.529007
UTO,Indian Mountain LRRS Airport,65.99279785,-153.7039948
FYU,Fort Yukon Airport,66.57150268554688,-145.25
SVW,Sparrevohn LRRS Airport,61.09740067,-155.5740051
FRN,Bryant Army Heliport,61.26639938,-149.6529999
TLJ,Tatalina LRRS Airport,62.894401550299996,-155.977005005
CZF,Cape Romanzof LRRS Airport,61.78030014,-166.0390015
BED,Laurence G Hanscom Field,42.47000122,-71.28900146
SNP,St Paul Island Airport,57.167301177978516,-170.22000122070312
EHM,Cape Newenham LRRS Airport,58.646400451699996,-162.06300354
STG,St George Airport,56.578300476100004,-169.662002563
ILI,Iliamna Airport,59.75439835,-154.9109955
PTU,Platinum Airport,59.01139831542969,-161.82000732421875
BMX,Big Mountain Airport,59.3611984253,-155.259002686
OSC,Oscoda Wurtsmith Airport,44.451599,-83.394096
OAR,Marina Municipal Airport,36.68190002,-121.762001
MHR,Sacramento Mather Airport,38.55390167,-121.2979965
BYS,Bicycle Lake Army Air Field,35.2804985046,-116.629997253
FSM,Fort Smith Regional Airport,35.33660125732422,-94.36740112304688
MRI,Merrill Field,61.2135009765625,-149.843994140625
GNT,Grants-Milan Municipal Airport,35.167301178,-107.902000427
PNC,Ponca City Regional Airport,36.73199844,-97.09980011
SVN,Hunter Army Air Field,32.00999832,-81.14569855
GFK,Grand Forks International Airport,47.949299,-97.176102
PBF,"Pine Bluff Regional Airport, Grider Field",34.1731,-91.9356
NSE,Whiting Field Naval Air Station - North,30.7241993,-87.02189636
HNM,Hana Airport,20.79560089111328,-156.01400756835938
PRC,Ernest A. Love Field,34.65449905,-112.4199982
TTN,Trenton Mercer Airport,40.27669906616211,-74.8134994506836
BOS,General Edward Lawrence Logan International Airport,42.36429977,-71.00520325
SUU,Travis Air Force Base,38.262699127197,-121.92700195312
RME,Griffiss International Airport,43.23379898,-75.40699768
ENV,Wendover Airport,40.7187004089,-114.03099823
BFM,Mobile Downtown Airport,30.626800537100003,-88.06809997559999
OAK,Metropolitan Oakland International Airport,37.721298,-122.221001
OMA,Eppley Airfield,41.3032,-95.894096
OGG,Kahului Airport,20.8986,-156.429993
ICT,Wichita Eisenhower National Airport,37.649899,-97.433098
MCI,Kansas City International Airport,39.2976,-94.713898
MSN,Dane County Regional Truax Field,43.13990020751953,-89.3375015258789
DLG,Dillingham Airport,59.04470062,-158.5050049
HRO,Boone County Airport,36.26150131225586,-93.15470123291016
PHX,Phoenix Sky Harbor International Airport,33.43429946899414,-112.01200103759766
BGR,Bangor International Airport,44.80739974975586,-68.8281021118164
FXE,Fort Lauderdale Executive Airport,26.1972999573,-80.1707000732
GGG,East Texas Regional Airport,32.38399887084961,-94.71150207519531
AND,Anderson Regional Airport,34.4945983887,-82.70939636230001
GEG,Spokane International Airport,47.61989974975586,-117.53399658203125
HWO,North Perry Airport,26.0012,-80.2407
SFO,San Francisco International Airport,37.61899948120117,-122.375
CTB,Cut Bank International Airport,48.6083984375,-112.375999451
ARA,Acadiana Regional Airport,30.0378,-91.883904
GNV,Gainesville Regional Airport,29.6900997162,-82.2717971802
MEM,Memphis International Airport,35.04240036010742,-89.97669982910156
DUG,Bisbee Douglas International Airport,31.4689998627,-109.603996277
BIG,Allen Army Airfield,63.9944992065,-145.722000122
CNW,TSTC Waco Airport,31.637800216699997,-97.0740966797
ANN,Annette Island Airport,55.04240036010742,-131.57200622558594
CAR,Caribou Municipal Airport,46.871498107899995,-68.0178985596
LRF,Little Rock Air Force Base,34.916900634799994,-92.14969635010002
HUA,Redstone Army Air Field,34.67869949,-86.68479919
POB,Pope Field,35.1708984375,-79.014503479004
DHT,Dalhart Municipal Airport,36.0225982666,-102.54699707
DLF,DLF Airport,29.359501,-100.778002
LAX,Los Angeles International Airport,33.94250107,-118.4079971
ANB,Anniston Regional Airport,33.5882,-85.8581
CLE,Cleveland Hopkins International Airport,41.4117012024,-81.8498001099
DOV,Dover Air Force Base,39.12950134,-75.46600342
CVG,Cincinnati Northern Kentucky International Airport,39.0488014221,-84.6678009033
FME,Tipton Airport,39.08539962769999,-76.7593994141
HON,Huron Regional Airport,44.38520050048828,-98.22850036621094
JNU,Juneau International Airport,58.35499954223633,-134.5760040283203
LFT,Lafayette Regional Airport,30.20529938,-91.98760223
EWR,Newark Liberty International Airport,40.692501068115234,-74.168701171875
BOI,Boise Air Terminal/Gowen Field,43.5644,-116.223
INS,Creech Air Force Base,36.587200164799995,-115.672996521
GCK,Garden City Regional Airport,37.9275016785,-100.723999023
MOT,Minot International Airport,48.2593994140625,-101.27999877929688
HHI,Wheeler Army Airfield,21.48349953,-158.0399933
MXF,Maxwell Air Force Base,32.3829,-86.365799
DAL,Dallas Love Field,32.847099,-96.851799
FCS,Butts AAF (Fort Carson) Air Field,38.67839813,-104.7570038
HLN,Helena Regional Airport,46.6068000793457,-111.98300170898438
NKX,Miramar Marine Corps Air Station - Mitscher Field,32.86840057,-117.1429977
LUF,Luke Air Force Base,33.534999847399995,-112.383003235
HHR,Jack Northrop Field Hawthorne Municipal Airport,33.922798,-118.334999
HUL,Houlton International Airport,46.1231002808,-67.792098999
END,Vance Air Force Base,36.339199066199996,-97.9164962769
NTD,Point Mugu Naval Air Station (Naval Base Ventura Co),34.120300293,-119.121002197
EDW,Edwards Air Force Base,34.905399,-117.884003
LCH,Lake Charles Regional Airport,30.126100540161133,-93.22329711914062
KOA,Ellison Onizuka Kona International At Keahole Airport,19.738783,-156.045603
MYR,Myrtle Beach International Airport,33.6796989441,-78.9282989502
NLC,Lemoore Naval Air Station (Reeves Field) Airport,36.33300018,-119.9520035
ACK,Nantucket Memorial Airport,41.25310135,-70.06020355
FAF,Felker Army Air Field,37.132499694799996,-76.60880279540001
HOP,Campbell AAF (Fort Campbell) Air Field,36.668598175,-87.49620056150002
DCA,Ronald Reagan Washington National Airport,38.8521,-77.037697
NHK,Patuxent River Naval Air Station (Trapnell Field),38.285999,-76.411797
PSX,Palacios Municipal Airport,28.727500915527,-96.250999450684
BYH,Arkansas International Airport,35.9642982483,-89.94400024410001
ACY,Atlantic City International Airport,39.45759963989258,-74.57720184326172
TIK,Tinker Air Force Base,35.414699554443,-97.386596679688
ECG,Elizabeth City Regional Airport & Coast Guard Air Station,36.26060104,-76.17459869
PUB,Pueblo Memorial Airport,38.289100646972656,-104.49700164794922
PQI,Northern Maine Regional Airport at Presque Isle,46.68899918,-68.0447998
GRF,Gray Army Air Field,47.07920074,-122.5810013
ADQ,Kodiak Airport,57.75,-152.4940033
UPP,Upolu Airport,20.265300750732422,-155.86000061035156
FLL,Fort Lauderdale Hollywood International Airport,26.072599,-80.152702
INL,Falls International Airport,48.566200256347656,-93.4030990600586
SLC,Salt Lake City International Airport,40.78839874267578,-111.97799682617188
CDS,Childress Municipal Airport,34.4337997437,-100.288002014
BIX,Keesler Air Force Base,30.4104003906,-88.92440032959999
LSF,Lawson Army Air Field (Fort Benning),32.337299346900004,-84.9913024902
NQI,Kingsville Naval Air Station,27.5072002411,-97.8097000122
FRI,Marshall Army Air Field,39.05530167,-96.76450348
MDT,Harrisburg International Airport,40.1935005188,-76.7633972168
LNK,Lincoln Airport,40.85100173950195,-96.75920104980469
LAN,Capital City Airport,42.77870178222656,-84.58740234375
MUE,Waimea Kohala Airport,20.001300811767578,-155.66799926757812
MSS,Massena International Richards Field,44.93579864501953,-74.84559631347656
HKY,Hickory Regional Airport,35.74110031,-81.38950348
SPG,Albert Whitted Airport,27.7651,-82.626999
FMY,Page Field,26.58659935,-81.86329650879999
IAH,George Bush Intercontinental Houston Airport,29.984399795532227,-95.34140014648438
ADW,Joint Base Andrews,38.810799,-76.866997
INT,Smith Reynolds Airport,36.13370132446289,-80.22200012207031
VCV,Southern California Logistics Airport,34.597499847399995,-117.383003235
CEW,Bob Sikes Airport,30.778799057,-86.522102356
PHN,St Clair County International Airport,42.9109993,-82.52890015
BFL,Meadows Field,35.43360138,-119.0569992
ELP,El Paso International Airport,31.80719948,-106.3779984
HRL,Valley International Airport,26.228500366210938,-97.65440368652344
CAE,Columbia Metropolitan Airport,33.93880081176758,-81.11949920654297
DMA,Davis Monthan Air Force Base,32.1665000916,-110.883003235
NPA,Pensacola Naval Air Station/Forrest Sherman Field,30.35269928,-87.31860352
PNS,Pensacola Regional Airport,30.473400115967,-87.186599731445
RDR,Grand Forks Air Force Base,47.961101532,-97.4011993408
HOU,William P Hobby Airport,29.64539909,-95.27890015
BFK,Buckley Air Force Base,39.701698303200004,-104.751998901
ORT,Northway Airport,62.9612999,-141.9290009
PAQ,"Warren ""Bud"" Woods Palmer Municipal Airport",61.594898,-149.08901
PIT,Pittsburgh International Airport,40.49150085,-80.23290253
BRW,Wiley Post Will Rogers Memorial Airport,71.285402,-156.766008
EFD,Ellington Airport,29.607299804700002,-95.1587982178
NUW,Whidbey Island Naval Air Station (Ault Field),48.351799,-122.655998
ALI,Alice International Airport,27.740900039699998,-98.02690124510002
VAD,Moody Air Force Base,30.9678001404,-83.1930007935
MIA,Miami International Airport,25.79319953918457,-80.29060363769531
SEA,Seattle Tacoma International Airport,47.449001,-122.308998
CHA,Lovell Field,35.035301208496094,-85.20379638671875
BDR,Igor I Sikorsky Memorial Airport,41.16350173950195,-73.1261978149414
JAN,Jackson-Medgar Wiley Evers International Airport,32.3111991882,-90.0758972168
GLS,Scholes International At Galveston Airport,29.265300750732422,-94.86039733886719
LGB,Long Beach /Daugherty Field/ Airport,33.81769943,-118.1520004
HDH,Dillingham Airfield,21.5795001984,-158.197006226
IPT,Williamsport Regional Airport,41.241798400878906,-76.92109680175781
IND,Indianapolis International Airport,39.7173,-86.294403
SZL,Whiteman Air Force Base,38.73030090332,-93.547897338867
AKC,Akron Fulton International Airport,41.0374984741,-81.4669036865
GWO,Greenwood–Leflore Airport,33.4943008423,-90.0847015381
HPN,Westchester County Airport,41.06700134277344,-73.70760345458984
FOK,Francis S Gabreski Airport,40.8437004089,-72.6317977905
JBR,Jonesboro Municipal Airport,35.83169937133789,-90.64640045166016
XSD,Tonopah Test Range Airport,37.7988014221,-116.78099823
LNA,Palm Beach County Park Airport,26.59300041,-80.08509827
NZY,North Island Naval Air Station-Halsey Field,32.69919968,-117.2149963
BIF,Biggs Army Air Field (Fort Bliss),31.84950066,-106.3799973
YUM,Yuma MCAS/Yuma International Airport,32.65660095,-114.6060028
CNM,Cavern City Air Terminal,32.337501525878906,-104.26300048828125
DLH,Duluth International Airport,46.8420982361,-92.19360351559999
BET,Bethel Airport,60.77980042,-161.8379974
LOU,Bowman Field,38.2280006409,-85.6636962891
FHU,Sierra Vista Municipal Libby Army Air Field,31.588499069213867,-110.34400177001953
LIH,Lihue Airport,21.97599983215332,-159.33900451660156
HUF,"Terre Haute Regional Airport, Hulman Field",39.4515,-87.307602
HVR,Havre City County Airport,48.54299927,-109.762001
MWH,Grant County International Airport,47.20769882,-119.3199997
MPV,Edward F Knapp State Airport,44.20349884,-72.56230164
RIC,Richmond International Airport,37.50519943237305,-77.3197021484375
SHV,Shreveport Regional Airport,32.446602,-93.8256
CDV,Merle K (Mudhole) Smith Airport,60.4917984,-145.4779968
ORF,Norfolk International Airport,36.89459991455078,-76.20120239257812
BPT,Southeast Texas Regional Airport,29.9507999420166,-94.02069854736328
SAV,Savannah Hilton Head International Airport,32.12760162,-81.20210266
HIF,Hill Air Force Base,41.12403,-111.973086
OME,Nome Airport,64.51219940185547,-165.44500732421875
PIE,St Petersburg Clearwater International Airport,27.91020012,-82.68740082
MNM,Menominee Regional Airport,45.126701,-87.638397
CXO,Conroe-North Houston Regional Airport,30.351801,-95.414497
SCC,Deadhorse Airport,70.19470215,-148.4649963
SAT,San Antonio International Airport,29.533700942993164,-98.46980285644531
ROC,Greater Rochester International Airport,43.118900299072266,-77.67240142822266
COF,Patrick Air Force Base,28.2348995209,-80.6100997925
TEB,Teterboro Airport,40.85010147089999,-74.060798645
RCA,Ellsworth Air Force Base,44.14500046,-103.1039963
RDU,Raleigh Durham International Airport,35.877601623535156,-78.7874984741211
DAY,James M Cox Dayton International Airport,39.902400970458984,-84.21939849853516
ENA,Kenai Municipal Airport,60.57310104370117,-151.2449951171875
MLC,Mc Alester Regional Airport,34.882401,-95.783501
IAG,Niagara Falls International Airport,43.1072998046875,-78.94619750976562
CFD,Coulter Field,30.715700149499998,-96.3313980103
LIY,Wright AAF (Fort Stewart)/Midcoast Regional Airport,31.889099,-81.562303
PHF,Newport News Williamsburg International Airport,37.13190079,-76.49299622
ESF,Esler Regional Airport,31.3948993683,-92.2957992554
LTS,Altus Air Force Base,34.667098999,-99.2667007446
TUS,Tucson International Airport,32.1161003112793,-110.94100189208984
MIB,Minot Air Force Base,48.4156,-101.358002
BAB,Beale Air Force Base,39.136100769,-121.43699646
IKK,Greater Kankakee Airport,41.07139968869999,-87.8462982178
GSB,Seymour Johnson Air Force Base,35.33940125,-77.96060181
PVD,Theodore Francis Green State Airport,41.732601,-71.420403
SBY,Salisbury Ocean City Wicomico Regional Airport,38.34049987792969,-75.51029968261719
BUR,Bob Hope Airport,34.20069885253906,-118.35900115966797
DTW,Detroit Metropolitan Wayne County Airport,42.212398529052734,-83.35340118408203
TPA,Tampa International Airport,27.975500106811523,-82.533203125
PMB,Pembina Municipal Airport,48.9425010681,-97.2407989502
POE,Polk Army Air Field,31.0447998,-93.1917038
EIL,Eielson Air Force Base,64.66570282,-147.102005
HIB,Range Regional Airport,47.38660049,-92.83899689
LFK,Angelina County Airport,31.2339992523,-94.75
MAF,Midland International Airport,31.9424991607666,-102.2020034790039
GRB,Austin Straubel International Airport,44.48509979248047,-88.12960052490234
ADM,Ardmore Municipal Airport,34.30301,-97.0196342
WRI,Mc Guire Air Force Base,40.0155983,-74.59169769
AGS,Augusta Regional At Bush Field,33.36989974975586,-81.9645004272461
ISN,Sloulin Field International Airport,48.177898407,-103.641998291
LIT,Bill & Hillary Clinton National Airport/Adams Field,34.729400634799994,-92.2242965698
SWF,Stewart International Airport,41.50410079956055,-74.10479736328125
BDE,Baudette International Airport,48.7284011841,-94.612197876
SAC,Sacramento Executive Airport,38.5125007629,-121.492996216
HOM,Homer Airport,59.645599365234375,-151.4770050048828
TBN,Waynesville-St. Robert Regional Forney field,37.74160004,-92.14070129
MGE,Dobbins Air Reserve Base,33.91540146,-84.51629639
SKA,Fairchild Air Force Base,47.6151008606,-117.65599823
HTL,Roscommon County - Blodgett Memorial Airport,44.359798,-84.671095
PAM,Tyndall Air Force Base,30.0695991516,-85.57540130619999
DFW,Dallas Fort Worth International Airport,32.896801,-97.038002
MLB,Melbourne International Airport,28.102800369262695,-80.64530181884766
TCM,McChord Air Force Base,47.1376991272,-122.475997925
AUS,Austin Bergstrom International Airport,30.194499969482422,-97.6698989868164
LCK,Rickenbacker International Airport,39.813801,-82.927803
MQT,Sawyer International Airport,46.353599548300004,-87.395401001
TYS,McGhee Tyson Airport,35.81100082,-83.9940033
HLR,Hood Army Air Field,31.138700485199998,-97.71450042720001
STL,St Louis Lambert International Airport,38.748697,-90.370003
MIV,Millville Municipal Airport,39.367802,-75.072197
SPS,Sheppard Air Force Base-Wichita Falls Municipal Airport,33.9888,-98.491898
LUK,Cincinnati Municipal Airport Lunken Field,39.10329819,-84.41860199
ATL,Hartsfield Jackson Atlanta International Airport,33.6367,-84.428101
MER,Castle Airport,37.38050079,-120.5680008
MCC,Mc Clellan Airfield,38.66759872,-121.401001
GRR,Gerald R. Ford International Airport,42.88079834,-85.52279663
INK,Winkler County Airport,31.779600143399996,-103.200996399
FAT,Fresno Yosemite International Airport,36.77619934082031,-119.71800231933594
VRB,Vero Beach Regional Airport,27.6556,-80.417901
IPL,Imperial County Airport,32.834201812699995,-115.57900238
BNA,Nashville International Airport,36.1245002746582,-86.6781997680664
LRD,Laredo International Airport,27.543800354003906,-99.46160125732422
EDF,Elmendorf Air Force Base,61.250999450683594,-149.8070068359375
OTZ,Ralph Wien Memorial Airport,66.88469696,-162.598999
AOO,Altoona Blair County Airport,40.29639816,-78.31999969
DYS,Dyess Air Force Base,32.4207992554,-99.854598999
ELD,South Arkansas Regional At Goodwin Field,33.22100067138672,-92.81330108642578
LGA,La Guardia Airport,40.77719879,-73.87259674
TLH,Tallahassee Regional Airport,30.396499633789062,-84.35030364990234
DPA,Dupage Airport,41.90779877,-88.24859619
ACT,Waco Regional Airport,31.611299514770508,-97.23049926757812
AUG,Augusta State Airport,44.320598602299995,-69.7973022461
NIP,Jacksonville Naval Air Station (Towers Field),30.2358,-81.680603
MKL,McKellar-Sipes Regional Airport,35.599899,-88.915604
MKK,Molokai Airport,21.15290069580078,-157.0959930419922
FTK,Godman Army Air Field,37.907100677500004,-85.9720993042
SJT,San Angelo Regional Mathis Field,31.35770034790039,-100.49600219726562
CXL,Calexico International Airport,32.6694984436,-115.513000488
CIC,Chico Municipal Airport,39.79539871,-121.8580017
BTV,Burlington International Airport,44.471900939899996,-73.15329742429999
JAX,Jacksonville International Airport,30.49410057067871,-81.68789672851562
DRO,Durango La Plata County Airport,37.1515007019,-107.753997803
IAD,Washington Dulles International Airport,38.94449997,-77.45580292
CLL,Easterwood Field,30.58860016,-96.36380005
SFF,Felts Field,47.682800292969,-117.32299804688
MKE,General Mitchell International Airport,42.947200775146484,-87.89659881591797
ABI,Abilene Regional Airport,32.4113006592,-99.68190002440001
COU,Columbia Regional Airport,38.81809997558594,-92.21959686279297
PDX,Portland International Airport,45.58869934,-122.5979996
TNT,Dade Collier Training and Transition Airport,25.861799240112,-80.897003173828
PBI,Palm Beach International Airport,26.68320083618164,-80.09559631347656
FTW,Fort Worth Meacham International Airport,32.819801,-97.362396
OGS,Ogdensburg International Airport,44.6819000244,-75.46549987790002
FMH,Cape Cod Coast Guard Air Station,41.6584014893,-70.5214004517
BFI,Boeing Field King County International Airport,47.529998779296875,-122.302001953125
SKF,Lackland Air Force Base,29.38419914,-98.58110046
HNL,Daniel K Inouye International Airport,21.32062,-157.924228
DSM,Des Moines International Airport,41.534000396728516,-93.66310119628906
EWN,Coastal Carolina Regional Airport,35.0730018616,-77.04290008539999
SAN,San Diego International Airport,32.7336006165,-117.190002441
MLU,Monroe Regional Airport,32.51089859008789,-92.0376968383789
SSC,Shaw Air Force Base,33.97269821,-80.47059631
ONT,Ontario International Airport,34.055999755859375,-117.60099792480469
GVT,Majors Airport,33.0677986145,-96.0652999878
ROW,Roswell International Air Center Airport,33.30160140991211,-104.53099822998047
DET,Coleman A. Young Municipal Airport,42.40919876,-83.00990295
BRO,Brownsville South Padre Island International Airport,25.90679931640625,-97.4259033203125
DHN,Dothan Regional Airport,31.321300506591797,-85.44960021972656
WWD,Cape May County Airport,39.008499145500004,-74.9083023071
NFL,Fallon Naval Air Station,39.41659927,-118.7009964
MTC,Selfridge Air National Guard Base Airport,42.613463,-82.836919
FMN,Four Corners Regional Airport,36.741199493399996,-108.230003357
CRP,Corpus Christi International Airport,27.77039909362793,-97.5011978149414
SYR,Syracuse Hancock International Airport,43.11119842529297,-76.1063003540039
NQX,Naval Air Station Key West/Boca Chica Field,24.57579994,-81.68890381
MDW,Chicago Midway International Airport,41.785999,-87.752403
SJC,Norman Y. Mineta San Jose International Airport,37.362598,-121.929001
HOB,Lea County Regional Airport,32.6875,-103.2170029
PNE,Northeast Philadelphia Airport,40.081902,-75.010597
DEN,Denver International Airport,39.861698150635,-104.672996521
PHL,Philadelphia International Airport,39.87189865112305,-75.24109649658203
SUX,Sioux Gateway Col. Bud Day Field,42.40259933,-96.38439941
MCN,Middle Georgia Regional Airport,32.69279861450195,-83.64920043945312
TCS,Truth Or Consequences Municipal Airport,33.2369003296,-107.272003174
PMD,Palmdale Regional/USAF Plant 42 Airport,34.62939835,-118.0849991
RND,Randolph Air Force Base,29.52969933,-98.27890015
NJK,El Centro NAF Airport (Vraciu Field),32.829201,-115.671996
CMH,John Glenn Columbus International Airport,39.998001,-82.891899
FYV,Drake Field,36.00510025024414,-94.17009735107422
FSI,Henry Post Army Air Field (Fort Sill),34.64979935,-98.40219879
FFO,Wright-Patterson Air Force Base,39.8260993958,-84.0483016968
GAL,Edward G. Pitka Sr Airport,64.73619843,-156.9369965
MWL,Mineral Wells Airport,32.7816009521,-98.0602035522
IAB,Mc Connell Air Force Base,37.62189865,-97.26820374
NBG,New Orleans NAS JRB/Alvin Callender Field,29.82530022,-90.03500366
BFT,Beaufort County Airport,32.4122009277,-80.6343994141
TXK,Texarkana Regional Webb Field,33.45370101928711,-93.99099731445312
PBG,Plattsburgh International Airport,44.650901794433594,-73.46810150146484
APG,Phillips Army Air Field,39.466202,-76.1688
TCC,Tucumcari Municipal Airport,35.182800293,-103.602996826
ANC,Ted Stevens Anchorage International Airport,61.174400329589844,-149.99600219726562
GRK,Robert Gray  Army Air Field Airport,31.067199707,-97.82890319820001
BLI,Bellingham International Airport,48.79280090332031,-122.53800201416016
NQA,Millington-Memphis Airport,35.356701,-89.8703
EKN,Elkins-Randolph Co-Jennings Randolph Field,38.88940048,-79.85710144
HFD,Hartford Brainard Airport,41.736698150635,-72.649398803711
SFZ,North Central State Airport,41.9207992554,-71.49140167239999
MOB,Mobile Regional Airport,30.691200256348,-88.242797851562
NUQ,Moffett Federal Airfield,37.4161,-122.049004
SAF,Santa Fe Municipal Airport,35.617099762,-106.088996887
BKH,Barking Sands Airport,22.022800445599998,-159.785003662
DRI,Beauregard Regional Airport,30.8316993713,-93.33989715579999
BSF,Bradshaw Army Airfield,19.760099411,-155.554000854
OLS,Nogales International Airport,31.4177,-110.848
MCF,Mac Dill Air Force Base,27.84930038,-82.52120209
BLV,Scott AFB/Midamerica Airport,38.5452,-89.835197
OPF,Opa-locka Executive Airport,25.907,-80.278397
DRT,Del Rio International Airport,29.3742008209,-100.927001953
RSW,Southwest Florida International Airport,26.53619956970215,-81.75520324707031
AKN,King Salmon Airport,58.67679977,-156.6490021
MUI,Muir Army Air Field (Fort Indiantown Gap) Airport,40.434799,-76.569397
JHM,Kapalua Airport,20.962900161743164,-156.67300415039062
JFK,John F Kennedy International Airport,40.63980103,-73.77890015
HST,Homestead ARB Airport,25.48859978,-80.38359833
RAL,Riverside Municipal Airport,33.95190048,-117.4449997
FLV,Sherman Army Air Field,39.3683013916,-94.9147033691
WAL,Wallops Flight Facility Airport,37.9402008057,-75.4664001465
HMN,Holloman Air Force Base,32.8525009155,-106.107002258
NXX,Willow Grove Naval Air Station/Joint Reserve Base,40.19979858,-75.14820099
CYS,Cheyenne Regional Jerry Olson Field,41.15570068,-104.8119965
SCK,Stockton Metropolitan Airport,37.894199371338,-121.2379989624
CHS,Charleston Air Force Base-International Airport,32.89860153,-80.04049683
RNO,Reno Tahoe International Airport,39.49909973144531,-119.76799774169922
KTN,Ketchikan International Airport,55.35559845,-131.7140045
YIP,Willow Run Airport,42.23789978,-83.53040314
VBG,Vandenberg Air Force Base,34.7373008728,-120.583999634
BHM,Birmingham-Shuttlesworth International Airport,33.56290054,-86.75350189
NEL,Lakehurst Maxfield Field Airport,40.03329849,-74.353302
SYA,Eareckson Air Station,52.71229935,174.1139984
LSV,Nellis Air Force Base,36.2361984253,-115.033996582
RIV,March ARB Airport,33.880699,-117.259003
MOD,Modesto City Co-Harry Sham Field,37.62580109,-120.9540024
SMF,Sacramento International Airport,38.69540023803711,-121.59100341796875
UGN,Waukegan National Airport,42.422199249268,-87.867897033691
COS,City of Colorado Springs Municipal Airport,38.805801,-104.700996
BUF,Buffalo Niagara International Airport,42.94049835,-78.73220062
SKY,Griffing Sandusky Airport,41.4333992004,-82.6522979736
PAE,Snohomish County (Paine Field) Airport,47.90629959,-122.2819977
MUO,Mountain Home Air Force Base,43.043598,-115.872002
CDC,Cedar City Regional Airport,37.70100021362305,-113.0989990234375
BDL,Bradley International Airport,41.9388999939,-72.68319702149999
MFE,Mc Allen Miller International Airport,26.17580032,-98.23860168
NGU,Norfolk Naval Station (Chambers Field),36.937599,-76.289299
CEF,Westover ARB/Metropolitan Airport,42.19400024,-72.53479767
LBB,Lubbock Preston Smith International Airport,33.663601,-101.822998
ORD,Chicago O'Hare International Airport,41.9786,-87.9048
BCT,Boca Raton Airport,26.3784999847,-80.1076965332
FAI,Fairbanks International Airport,64.81510162,-147.8560028
CVS,Cannon Air Force Base,34.3828010559,-103.321998596
NGF,Kaneohe Bay MCAS (Marion E. Carl Field) Airport,21.4505004883,-157.768005371
OFF,Offutt Air Force Base,41.118301391602,-95.912498474121
GKN,Gulkana Airport,62.1548996,-145.4570007
ART,Watertown International Airport,43.99190139770508,-76.02169799804688
PSP,Palm Springs International Airport,33.8297004699707,-116.50700378417969
AMA,Rick Husband Amarillo International Airport,35.219398,-101.706001
FOD,Fort Dodge Regional Airport,42.55149841,-94.19259644
BAD,Barksdale Air Force Base,32.5018005371,-93.6626968384
FOE,Topeka Regional Airport - Forbes Field,38.950901031499995,-95.66359710690001
COT,Cotulla-La Salle County Airport,28.45669937,-99.22029877
ILM,Wilmington International Airport,34.270599365234375,-77.90260314941406
BTR,Baton Rouge Metropolitan Airport,30.533199,-91.149597
TYR,Tyler Pounds Regional Airport,32.35409927368164,-95.40239715576172
BWI,Baltimore/Washington International Thurgood Marshall Airport,39.1754,-76.668297
HBR,Hobart Regional Airport,34.991317,-99.051313
LNY,Lanai Airport,20.785600662231445,-156.9510040283203
AEX,Alexandria International Airport,31.32740020751953,-92.54979705810547
WSD,Condron Army Air Field,32.34149933,-106.4029999
CDB,Cold Bay Airport,55.20610046386719,-162.72500610351562
TUL,Tulsa International Airport,36.19839859008789,-95.88809967041016
SIT,Sitka Rocky Gutierrez Airport,57.04710006713867,-135.36199951171875
ISP,Long Island Mac Arthur Airport,40.79520035,-73.10019684
MSP,Minneapolis-St Paul International/Wold-Chamberlain Airport,44.882,-93.221802
ILG,New Castle Airport,39.67869949,-75.60649872
DUT,Unalaska Airport,53.900100708,-166.544006348
MSY,Louis Armstrong New Orleans International Airport,29.99340057373047,-90.25800323486328
PWM,Portland International Jetport Airport,43.64619827,-70.30930328
OKC,Will Rogers World Airport,35.39310073852539,-97.60070037841797
ALB,Albany International Airport,42.74829864501953,-73.80169677734375
VDZ,Valdez Pioneer Field,61.13389969,-146.2480011
LFI,Langley Air Force Base,37.082901001,-76.360496521
SNA,John Wayne Airport-Orange County Airport,33.67570114,-117.8679962
CBM,Columbus Air Force Base,33.6437988281,-88.44380187990001
TMB,Kendall-Tamiami Executive Airport,25.6478996277,-80.432800293
NTU,Oceana Naval Air Station,36.820702,-76.033501
GUS,Grissom Air Reserve Base,40.648101806599996,-86.1520996094
CPR,Casper-Natrona County International Airport,42.908001,-106.463997
VPS,Destin-Ft Walton Beach Airport,30.4832,-86.525398
SEM,Craig Field,32.343898773193,-86.987800598145
EYW,Key West International Airport,24.556100845336914,-81.75959777832031
CLT,Charlotte Douglas International Airport,35.2140007019043,-80.94309997558594
LAS,McCarran International Airport,36.08010101,-115.1520004
MCO,Orlando International Airport,28.429399490356445,-81.30899810791016
FLO,Florence Regional Airport,34.18539810180664,-79.7238998413086
GTF,Great Falls International Airport,47.48199844,-111.3710022
YNG,Youngstown Warren Regional Airport,41.26070023,-80.67910004
FBK,Ladd AAF Airfield,64.83750153,-147.6139984
WRB,Robins Air Force Base,32.6400985718,-83.5919036865
BKK,Suvarnabhumi Airport,13.681099891662598,100.74700164794922
NAH,Naha Airport,3.6832098960876465,125.52799987792969
MXB,Andi Jemma Airport,-2.55803,120.323997
SQR,Soroako Airport,-2.5311999320983887,121.35800170898438
TTR,Pongtiku Airport,-3.0447399616241,119.82199859619
KDI,Wolter Monginsidi Airport,-4.081610202789307,122.41799926757812
SBG,Maimun Saleh Airport,5.87412977219,95.33969879150001
TSY,Cibeureum Airport,-7.346600055690001,108.246002197
MLG,Abdul Rachman Saleh Airport,-7.926559925079999,112.714996338
BDO,Husein Sastranegara International Airport,-6.900629997253418,107.57599639892578
CBN,Penggung Airport,-6.756140232090001,108.540000916
JOG,Adi Sutjipto International Airport,-7.788179874420166,110.43199920654297
CXP,Tunggul Wulung Airport,-7.645060062410001,109.033996582
PCB,Pondok Cabe Air Base,-6.3369598388671875,106.76499938964844
SRG,Achmad Yani Airport,-6.97273,110.375
BTH,Hang Nadim International Airport,1.12102997303,104.119003296
TJQ,Buluh Tumbang (H A S Hanandjoeddin) Airport,-2.74571990967,107.754997253
PGK,Pangkal Pinang (Depati Amir) Airport,-2.16219997406,106.138999939
TNJ,Raja Haji Fisabilillah International Airport,0.922683000565,104.531997681
SIQ,Dabo Airport,-0.47918900847435,104.5790023803711
BDJ,Syamsudin Noor Airport,-3.4423599243164062,114.76300048828125
BTW,Batu Licin Airport,-3.4124100208300003,115.995002747
PKN,Iskandar Airport,-2.70519995689,111.672996521
PKY,Tjilik Riwut Airport,-2.22513008118,113.943000793
MOF,Maumere(Wai Oti) Airport,-8.64064979553,122.236999512
ENE,Ende (H Hasan Aroeboesman) Airport,-8.8492898941,121.661003113
RTG,Frans Sales Lega Airport,-8.5970096588135,120.47699737549
KOE,El Tari Airport,-10.171600341796875,123.6709976196289
LBJ,Komodo Airport,-8.48666,119.889
BPN,Sultan Aji Muhamad Sulaiman Airport,-1.26827001572,116.893997192
TRK,Juwata Airport,3.326667,117.569444
SRI,Temindung Airport,-0.484530985355,117.156997681
TSX,Tanjung Santan Airport,-0.0929730013013,117.45300293
AMI,Selaparang Airport,-8.560709953309999,116.095001221
BMU,Muhammad Salahuddin Airport,-8.5396499633789,118.68699645996
WGP,Umbu Mehang Kunda Airport,-9.66922,120.302002
SUB,Juanda International Airport,-7.3798298835754395,112.78700256347656
SOC,Adi Sumarmo Wiryokusumo Airport,-7.516089916229248,110.75700378417969
ICN,Incheon International Airport,37.46910095214844,126.45099639892578
CNX,Chiang Mai International Airport,18.766799926799997,98.962600708
CEI,Chiang Rai International Airport,19.952299118,99.88289642330001
NST,Nakhon Si Thammarat Airport,8.539620399475098,99.9447021484375
NAK,Nakhon Ratchasima Airport,14.94950008392334,102.31300354003906
KOP,Nakhon Phanom Airport,17.383800506591797,104.64299774169922
UBP,Ubon Ratchathani Airport,15.2512998581,104.870002747
KKC,Khon Kaen Airport,16.466600418099997,102.783996582
THS,Sukhothai Airport,17.238000869750977,99.81819915771484
DPS,Ngurah Rai (Bali) International Airport,-8.7481698989868,115.16699981689
ATH,Eleftherios Venizelos International Airport,37.9364013672,23.9444999695
NGO,Chubu Centrair International Airport,34.8583984375,136.80499267578125
UKB,Kobe Airport,34.6328010559082,135.2239990234375
PUW,Pullman Moscow Regional Airport,46.7439,-117.110001
LWS,Lewiston Nez Perce County Airport,46.3745002746582,-117.01499938964844
ELM,Elmira Corning Regional Airport,42.1599006652832,-76.8916015625
ITH,Ithaca Tompkins Regional Airport,42.49100112915039,-76.4583969116211
MRY,Monterey Peninsula Airport,36.58700180053711,-121.84300231933594
SBA,Santa Barbara Municipal Airport,34.42620087,-119.8399963
DAB,Daytona Beach International Airport,29.179899,-81.058098
LPX,Liepāja International Airport,56.51750183105469,21.096900939941406
RIX,Riga International Airport,56.92359924316406,23.971099853515625
SQQ,Šiauliai International Airport,55.89390182495117,23.395000457763672
HLJ,Barysiai Airport,56.07059860229492,23.5580997467041
KUN,Kaunas International Airport,54.96390151977539,24.084800720214844
PLQ,Palanga International Airport,55.973201751708984,21.093900680541992
VNO,Vilnius International Airport,54.634102,25.285801
PNV,Panevėžys Air Base,55.729400634765625,24.460800170898438
EVN,Zvartnots International Airport,40.1473007202,44.3959007263
LWN,Gyumri Shirak Airport,40.7504005432,43.859298706100006
ASA,Assab International Airport,13.071800231933594,42.64500045776367
ASM,Asmara International Airport,15.291899681091309,38.910701751708984
MSW,Massawa International Airport,15.670000076293945,39.37009811401367
GZA,Yasser Arafat International Airport,31.24640083313,34.276100158691
BUS,Batumi International Airport,41.6102981567,41.5997009277
KUT,Kopitnari Airport,42.176700592,42.4826011658
TBS,Tbilisi International Airport,41.6692008972,44.95470047
RIY,Mukalla International Airport,14.662599563598633,49.375
TAI,Ta'izz International Airport,13.6859998703,44.139099121099996
HOD,Hodeidah International Airport,14.753000259399414,42.97629928588867
ADE,Aden International Airport,12.829500198364258,45.02880096435547
AXK,Ataq Airport,14.551300048828125,46.82619857788086
AAY,Al Ghaidah International Airport,16.191699981689453,52.17499923706055
SAH,Sana'a International Airport,15.476300239562988,44.21969985961914
BHN,Beihan Airport,14.781999588012695,45.72010040283203
SCT,Socotra International Airport,12.63070011138916,53.905799865722656
FMM,Memmingen Allgau Airport,47.988800048799995,10.2395000458
NAV,Nevşehir Kapadokya Airport,38.7719,34.5345
EZE,Ministro Pistarini International Airport,-34.8222,-58.5358
EBL,Erbil International Airport,36.23759841918945,43.963199615478516
EMD,Emerald Airport,-23.5674991608,148.179000854
HEW,Athen Helenikon Airport,37.893299,23.726101
KIX,Kansai International Airport,34.42729949951172,135.24400329589844
JRB,Downtown-Manhattan/Wall St Heliport,40.70119858,-74.00900269
TAG,Tagbilaran Airport,9.665442,123.853533
JAV,Ilulissat Airport,69.2432022095,-51.0570983887
JCH,Qasigiannguit Heliport,68.822815547,-51.1734473705
JEG,Aasiaat Airport,68.7218017578,-52.7846984863
PMI,Palma De Mallorca Airport,39.551700592,2.73881006241
DRW,Darwin International Airport,-12.41469955444336,130.8769989013672
URT,Surat Thani Airport,9.13259983063,99.135597229
TKA,Talkeetna Airport,62.320499420166,-150.09399414062
GZM,Xewkija Heliport,36.027199,14.2728
HVN,Tweed New Haven Airport,41.26369858,-72.88680267
AVL,Asheville Regional Airport,35.43619918823242,-82.54180145263672
GSO,Piedmont Triad International Airport,36.097801208496094,-79.93730163574219
FSD,Joe Foss Field Airport,43.582000732400004,-96.741897583
AYQ,Ayers Rock Connellan Airport,-25.1861,130.975998
MHT,Manchester-Boston Regional Airport,42.932598,-71.435699
APF,Naples Municipal Airport,26.1525993347,-81.7752990723
RDN,LTS Pulau Redang Airport,5.765279769897461,103.00700378417969
SDF,Louisville International Standiford Field,38.1744,-85.736
CHO,Charlottesville Albemarle Airport,38.13859939575195,-78.4529037475586
ROA,Roanoke–Blacksburg Regional Airport,37.3255,-79.975403
LEX,Blue Grass Airport,38.0364990234375,-84.60590362548828
EVV,Evansville Regional Airport,38.0369987488,-87.5324020386
ABQ,Albuquerque International Sunport,35.040199,-106.609001
BZN,Gallatin Field,45.77750015,-111.1529999
BIL,Billings Logan International Airport,45.807701110839844,-108.54299926757812
BTM,Bert Mooney Airport,45.95479965209961,-112.49700164794922
TVC,Cherry Capital Airport,44.74140167236328,-85.58219909667969
FRS,Mundo Maya International Airport,16.913799285899998,-89.86640167239999
BHB,Hancock County-Bar Harbor Airport,44.45000076,-68.3615036
RKD,Knox County Regional Airport,44.06010056,-69.09919739
JAC,Jackson Hole Airport,43.6072998046875,-110.73799896240234
RFD,Chicago Rockford International Airport,42.19540023803711,-89.09719848632812
DME,Domodedovo International Airport,55.40879821777344,37.90629959106445
SYX,Sanya Phoenix International Airport,18.302900314331055,109.41200256347656
MFN,Milford Sound Airport,-44.673301696777344,167.92300415039062
LJG,Lijiang Airport,26.6800003052,100.246002197
GSP,Greenville Spartanburg International Airport,34.8956985474,-82.2189025879
BMI,Central Illinois Regional Airport at Bloomington-Normal,40.47710037,-88.91590118
GPT,Gulfport Biloxi International Airport,30.40730094909668,-89.07009887695312
AZO,Kalamazoo Battle Creek International Airport,42.234901428222656,-85.5521011352539
TOL,Toledo Express Airport,41.58679962,-83.80780029
FWA,Fort Wayne International Airport,40.97850037,-85.19509888
DEC,Decatur Airport,39.834598541259766,-88.8656997680664
CID,The Eastern Iowa Airport,41.884700775146484,-91.71080017089844
LSE,La Crosse Municipal Airport,43.879002,-91.256699
CWA,Central Wisconsin Airport,44.7775993347,-89.6668014526
PIA,General Wayne A. Downing Peoria International Airport,40.664199829100006,-89.6932983398
ATW,Appleton International Airport,44.258098602299995,-88.5190963745
RST,Rochester International Airport,43.90829849243164,-92.5
CMI,University of Illinois Willard Airport,40.03919983,-88.27809906
MHK,Manhattan Regional Airport,39.14099884033203,-96.6707992553711
KGC,Kingscote Airport,-35.71390151977539,137.52099609375
HVB,Hervey Bay Airport,-25.3188991547,152.880004883
DLU,Dali Airport,25.649401,100.319
MZV,Mulu Airport,4.048329830169678,114.80500030517578
SSH,Sharm El Sheikh International Airport,27.9773006439,34.3950004578
FKL,Venango Regional Airport,41.3778991699,-79.8603973389
NBO,Jomo Kenyatta International Airport,-1.31923997402,36.9277992249
SEU,Seronera Airport,-2.45806,34.822498
FTE,El Calafate Airport,-50.2803,-72.053101
ARM,Armidale Airport,-30.528099060099997,151.617004395
GJT,Grand Junction Regional Airport,39.1223983765,-108.527000427
SGU,St George Municipal Airport,37.036389,-113.510306
DWH,David Wayne Hooks Memorial Airport,30.0618000031,-95.55280303960001
SRQ,Sarasota Bradenton International Airport,27.39539909362793,-82.55439758300781
BDA,L.F. Wade International International Airport,32.36399841308594,-64.67870330810547
VNY,Van Nuys Airport,34.209800720215,-118.48999786377
MLI,Quad City International Airport,41.44850158691406,-90.50749969482422
PFN,Panama City-Bay Co International Airport,30.212099,-85.6828
HIR,Honiara International Airport,-9.4280004501343,160.05499267578
PPT,Faa'a International Airport,-17.553699,-149.606995
INU,Nauru International Airport,-0.547458,166.919006
FUN,Funafuti International Airport,-8.525,179.195999
OVB,Tolmachevo Airport,55.012599945068,82.650703430176
XKH,Xieng Khouang Airport,19.450001,103.157997
BIS,Bismarck Municipal Airport,46.772701263427734,-100.74600219726562
TEX,Telluride Regional Airport,37.9538002,-107.9079971
HGN,Mae Hong Son Airport,19.301300048828125,97.97579956054688
RAP,Rapid City Regional Airport,44.0452995300293,-103.05699920654297
CLD,Mc Clellan-Palomar Airport,33.12829971,-117.2799988
FNT,Bishop International Airport,42.96540069580078,-83.74359893798828
DVO,Francisco Bangoy International Airport,7.1255202293396,125.64600372314453
FNC,Madeira Airport,32.697899,-16.7745
STM,Maestro Wilson Fonseca Airport,-2.4247219562530518,-54.785831451416016
KOS,Sihanoukville International Airport,10.57970047,103.637001038
YOA,Ekati Airport,64.6988983154,-110.614997864
NPE,Hawke's Bay Airport,-39.465801,176.869995
LEV,Levuka Airfield,-17.7110996246,178.759002686
LXA,Lhasa Gonggar Airport,29.2978000641,90.91190338130001
RDD,Redding Municipal Airport,40.50899887,-122.2929993
EUG,Mahlon Sweet Field,44.12459945678711,-123.21199798583984
IDA,Idaho Falls Regional Airport,43.514599,-112.070999
MFR,Rogue Valley International Medford Airport,42.37419891357422,-122.87300109863281
KBZ,Kaikoura Airport,-42.42499923706055,173.60499572753906
RDM,Roberts Field,44.2541008,-121.1500015
PCN,Picton Aerodrome,-41.346099853516,173.95599365234
WDH,Hosea Kutako International Airport,-22.4799,17.4709
YWH,Victoria Harbour Seaplane Base,48.4249858939,-123.388867378
TNA,Yaoqiang Airport,36.857200622558594,117.21600341796875
CZX,Changzhou Benniu Airport,31.919701,119.778999
YBP,Yibin Caiba Airport,28.8005555556,104.545
TJM,Roshchino International Airport,57.189601898199996,65.3243026733
CAK,Akron Canton Regional Airport,40.916099548339844,-81.44219970703125
HSV,Huntsville International Carl T Jones Field,34.637199401855,-86.775100708008
PKB,Mid Ohio Valley Regional Airport,39.34510040283203,-81.43920135498047
MGM,Montgomery Regional (Dannelly Field) Airport,32.30059814,-86.39399719
TRI,Tri-Cities Regional TN/VA Airport,36.475201,-82.407401
PAH,Barkley Regional Airport,37.06079864501953,-88.7738037109375
JIB,Djibouti-Ambouli Airport,11.547300338745117,43.15950012207031
HAK,Haikou Meilan International Airport,19.934900283813477,110.45899963378906
MFA,Mafia Island Airport,-7.917478,39.668502
PGA,Page Municipal Airport,36.92610168,-111.447998
UII,Utila Airport,16.1131,-86.880302
FCA,Glacier Park International Airport,48.31050109863281,-114.25599670410156
MBS,MBS International Airport,43.532901763916016,-84.07959747314453
BGM,Greater Binghamton/Edwin A Link field,42.20869827,-75.97979736
BGW,Baghdad International Airport,33.262500762900004,44.2346000671
NNT,Nan Airport,18.807899475097656,100.78299713134766
ROI,Roi Et Airport,16.11680030822754,103.77400207519531
BFV,Buri Ram Airport,15.229499816894531,103.25299835205078
TDX,Trat Airport,12.274600029,102.319000244
BLH,Blythe Airport,33.6192016602,-114.717002869
IQA,Al Asad Air Base,33.7855987549,42.4412002563
TQD,Al Taqaddum Air Base,33.33810043335,43.597099304199
XQC,Joint Base Balad,33.940200805699995,44.361598968500005
CRK,Diosdado Macapagal International Airport,15.186,120.559998
SDK,Sandakan Airport,5.900899887084961,118.05899810791016
LXG,Luang Namtha Airport,20.966999,101.400002
ODY,Oudomsay Airport,20.68269920349121,101.99400329589844
SHE,Taoxian Airport,41.639801025390625,123.48300170898438
DOY,Dongying Shengli Airport,37.5085983276,118.788002014
MNI,John A. Osborne Airport,16.791400909423828,-62.19329833984375
PSG,Petersburg James A Johnson Airport,56.80170059,-132.9450073
LYA,Luoyang Airport,34.741100311299995,112.388000488
XUZ,Xuzhou Guanyin Airport,34.059056,117.555278
MWQ,Magway Airport,20.1656,94.941399
KHM,Kanti Airport,25.988300323486328,95.67440032958984
DLI,Lien Khuong Airport,11.75,108.366997
VDH,Dong Hoi Airport,17.515,106.590556
VKG,Rach Gia Airport,9.95802997234,105.132379532
CAH,Cà Mau Airport,9.177667,105.177778
VCL,Chu Lai International Airport,15.403300285299999,108.706001282
TBB,Dong Tac Airport,13.049599647500001,109.333999634
PYY,Mae Hong Son Airport,19.3719997406,98.43699646
BWK,Bol Airport,43.285701751708984,16.67970085144043
NSI,Yaoundé Nsimalen International Airport,3.722559928894043,11.553299903869629
CKY,Conakry International Airport,9.57689,-13.612
AAH,Aachen-Merzbrück Airport,50.823055267333984,6.186388969421387
FKB,Karlsruhe Baden-Baden Airport,48.7793998718,8.08049964905
SFB,Orlando Sanford International Airport,28.777599334716797,-81.23750305175781
JST,John Murtha Johnstown Cambria County Airport,40.31610107421875,-78.83390045166016
LUA,Lukla Airport,27.686899185180664,86.72969818115234
BHP,Bhojpur Airport,27.14739990234375,87.05079650878906
LDN,Lamidanda Airport,27.25309944152832,86.66999816894531
JMO,Jomsom Airport,28.780426,83.723
NGX,Manang Airport,28.641399,84.089203
PPL,Phaplu Airport,27.517787,86.584454
RUM,Rumjatar Airport,27.303499221801758,86.55039978027344
DNP,Tulsipur Airport,28.111099243164062,82.29419708251953
RUK,Rukum Chaurjahari Airport,28.627001,82.195
JUM,Jumla Airport,29.2742,82.193298
TPJ,Taplejung Airport,27.3509,87.69525
TMI,Tumling Tar Airport,27.315001,87.193298
SKH,Surkhet Airport,28.586,81.636002
IMK,Simikot Airport,29.971099853515625,81.81890106201172
DOP,Dolpa Airport,28.985700607299805,82.81909942626953
BJH,Bajhang Airport,29.538999557495117,81.1854019165039
DHI,Dhangarhi Airport,28.753299713134766,80.58190155029297
MWX,Muan International Airport,34.991406,126.382814
JTY,Astypalaia Airport,36.5798988342,26.3757991791
JIK,Ikaria Airport,37.6827011108,26.3470993042
JKL,Kalymnos Airport,36.9632987976,26.9405994415
MLO,Milos Airport,36.696899,24.4769
JNX,Naxos Airport,37.0811004639,25.3680992126
PAS,Paros National Airport,37.020495,25.113195
KZS,Kastelorizo Airport,36.1417007446,29.576400756799995
RMF,Marsa Alam International Airport,25.557100296,34.5836982727
NRN,Weeze Airport,51.6024017334,6.14216995239
USU,Francisco B. Reyes Airport,12.1215000153,120.099998474
BXU,Bancasi Airport,8.9515,125.4788
DPL,Dipolog Airport,8.60198349877,123.341875076
LAO,Laoag International Airport,18.1781005859375,120.53199768066406
LGP,Legazpi City International Airport,13.1575,123.735
OZC,Labo Airport,8.178509712219238,123.84200286865234
CEB,Mactan Cebu International Airport,10.307499885559,123.97899627686
NOD,Norden-Norddeich Airport,53.633056640599996,7.19027805328
JUI,Juist Airport,53.68111038208008,7.055832862854004
BPS,Porto Seguro Airport,-16.438601,-39.080898
QIG,Iguatu Airport,-6.346640110015869,-39.293800354003906
PMW,Brigadeiro Lysias Rodrigues Airport,-10.291500091600001,-48.35699844359999
CLV,Nelson Ribeiro Guimarães Airport,-17.725299835205,-48.607498168945
MSO,Missoula International Airport,46.91630173,-114.0910034
BKQ,Blackall Airport,-24.427799224900003,145.429000854
BDB,Bundaberg Airport,-24.903900146499996,152.319000244
GCN,Grand Canyon National Park Airport,35.95240020751953,-112.14700317382812
SGR,Sugar Land Regional Airport,29.622299194336,-95.65650177002
APA,Centennial Airport,39.57009888,-104.848999
CVN,Clovis Municipal Airport,34.4250984192,-103.07900238
FST,Fort Stockton Pecos County Airport,30.9157009125,-102.916000366
LVS,Las Vegas Municipal Airport,35.6542015076,-105.141998291
IWS,West Houston Airport,29.818199157699997,-95.67259979250001
LRU,Las Cruces International Airport,32.289398193359375,-106.9219970703125
BKD,Stephens County Airport,32.71900177,-98.89099884030001
TPL,Draughon Miller Central Texas Regional Airport,31.15250015258789,-97.40779876708984
OZA,Ozona Municipal Airport,30.735300064087,-101.20300292969
KDM,Kaadedhdhoo Airport,0.48813098669052124,72.99690246582031
LAK,Aklavik/Freddie Carmichael Airport,68.223297,-135.00599
YWJ,Déline Airport,65.21109771728516,-123.43599700927734
ZFN,Tulita Airport,64.909697,-125.572998
YGH,Fort Good Hope Airport,66.24079895019531,-128.6510009765625
TAH,Tanna Airport,-19.45509910583496,169.2239990234375
YPC,Paulatuk (Nora Aliqatchialuk Ruben) Airport,69.3608381154,-124.075469971
SRZ,El Trompillo Airport,-17.8115997314,-63.1715011597
SAB,Juancho E. Yrausquin Airport,17.645000457763672,-63.220001220703125
EGE,Eagle County Regional Airport,39.64260101,-106.9179993
SKN,Stokmarknes Skagen Airport,68.578826904297,15.033416748047
CGF,Cuyahoga County Airport,41.5651016235,-81.4863967896
MFD,Mansfield Lahm Regional Airport,40.82139968869999,-82.5166015625
CSG,Columbus Metropolitan Airport,32.516300201416016,-84.93890380859375
LAW,Lawton Fort Sill Regional Airport,34.5676994324,-98.4166030884
FNL,Northern Colorado Regional Airport,40.451804,-105.011
FLG,Flagstaff Pulliam Airport,35.13850021,-111.6709976
TVL,Lake Tahoe Airport,38.89390182495117,-119.99500274658203
TWF,Joslin Field Magic Valley Regional Airport,42.4818,-114.487999
MVY,Martha's Vineyard Airport,41.3931007385,-70.6143035889
CON,Concord Municipal Airport,43.20270157,-71.50229645
GON,Groton New London Airport,41.330101013183594,-72.04509735107422
STC,St Cloud Regional Airport,45.546600341796875,-94.05989837646484
BPE,Qinhuangdao Beidaihe Airport,39.666389,119.058889
GTR,Golden Triangle Regional Airport,33.450298309299995,-88.5914001465
GOJ,Nizhny Novgorod Strigino International Airport,56.230098724365,43.784000396729
HQM,Bowerman Airport,46.971199035599994,-123.93699646
ERI,Erie International Tom Ridge Field,42.0831270134,-80.1738667488
HYA,Barnstable Municipal Boardman Polando Field,41.66930008,-70.28040314
SPR,San Pedro Airport,17.9139,-87.9711
SDX,Sedona Airport,34.848598480225,-111.78800201416
MGW,Morgantown Municipal Walter L. Bill Hart Field,39.64289856,-79.91629791
CRW,Yeager Airport,38.37310028076172,-81.59320068359375
AVP,Wilkes Barre Scranton International Airport,41.338500976599995,-75.72339630130001
BJI,Bemidji Regional Airport,47.50939941,-94.93370056
THG,Thangool Airport,-24.493900299072266,150.5760040283203
FGI,Fagali'i Airport,-13.848699569699999,-171.740005493
BNK,Ballina Byron Gateway Airport,-28.8339004517,153.56199646
FAR,Hector International Airport,46.92070007324219,-96.81580352783203
MKC,Charles B. Wheeler Downtown Airport,39.123199462890625,-94.5927963256836
RBE,Ratanakiri Airport,13.729999542236328,106.98699951171875
GCC,Gillette Campbell County Airport,44.348899841299996,-105.539001465
TOF,Bogashevo Airport,56.380298614502,85.208297729492
NZJ,El Toro Marine Corps Air Station,33.67610168457031,-117.73100280761719
PHY,Phetchabun Airport,16.6760005951,101.194999695
CJM,Chumphon Airport,10.711199760437012,99.36170196533203
JZH,Jiuzhai Huanglong Airport,32.8533333333,103.682222222
SWA,Jieyang Chaoshan International Airport,23.552,116.5033
GEO,Cheddi Jagan International Airport,6.498549938201904,-58.25410079956055
AGT,Guarani International Airport,-25.454516,-54.842682
OGL,Eugene F. Correira International Airport,6.80628,-58.1059
KAI,Kaieteur International Airport,5.17275476456,-59.491481781
DNH,Dunhuang Airport,40.16109848022461,94.80919647216797
AOI,Ancona Falconara Airport,43.616299,13.3623
TCP,Taba International Airport,29.587799072299998,34.7780990601
LYB,Edward Bodden Airfield,19.660161,-80.088826
BJV,Milas Bodrum International Airport,37.25059890749999,27.6643009186
TBJ,Tabarka 7 Novembre Airport,36.97999954223633,8.87693977355957
SAW,Sabiha Gökçen International Airport,40.898601532,29.3092002869
SCE,University Park Airport,40.8493003845,-77.84870147710001
BME,Broome International Airport,-17.944700241088867,122.23200225830078
NTL,Newcastle Airport,-32.79499816894531,151.83399963378906
KLU,Klagenfurt Airport,46.642502,14.3377
HFT,Hammerfest Airport,70.679702758789,23.668600082397
HVG,Valan Airport,71.009696960449,25.983600616455
MEH,Mehamn Airport,71.02970123291,27.826700210571
VDS,Vadsø Airport,70.065299987793,29.844699859619
IKA,Imam Khomeini International Airport,35.416099548339844,51.152198791503906
MHD,Mashhad International Airport,36.235198974609375,59.64099884033203
UIK,Ust-Ilimsk Airport,58.13610076904297,102.56500244140625
MEI,Key Field,32.33259963989258,-88.75189971923828
SPI,Abraham Lincoln Capital Airport,39.84410095,-89.67790222
CEZ,Cortez Municipal Airport,37.3030014038,-108.627998352
HDN,Yampa Valley Airport,40.48120117,-107.2180023
GUP,Gallup Municipal Airport,35.511100769,-108.789001465
LBL,Liberal Mid-America Regional Airport,37.0442009,-100.9599991
LAA,Lamar Municipal Airport,38.069698333699996,-102.68800354
GLD,Renner Field-Goodland Municipal Airport,39.37060165,-101.6989975
COD,Yellowstone Regional Airport,44.520198822,-109.024002075
HOV,"Ørsta-Volda Airport, Hovden",62.180000305176,6.0741000175476
ISC,St. Mary's Airport,49.913299560546875,-6.291669845581055
SGF,Springfield Branson National Airport,37.24570084,-93.38860321
NVK,Narvik Framnes Airport,68.436897277832,17.386699676514
BVG,Berlevåg Airport,70.871399,29.034201
FBU,"Oslo, Fornebu Airport",59.89580154418945,10.617199897766113
NSK,Norilsk-Alykel Airport,69.31109619140625,87.33219909667969
AAQ,Anapa Vityazevo Airport,45.002101898193,37.347301483154
JLN,Joplin Regional Airport,37.151798248291016,-94.49829864501953
ABE,Lehigh Valley International Airport,40.652099609375,-75.44080352783203
XNA,Northwest Arkansas Regional Airport,36.281898,-94.306801
GUW,Atyrau Airport,47.12189865112305,51.8213996887207
KZO,Kzyl-Orda Southwest Airport,44.706902,65.592499
SBN,South Bend Regional Airport,41.70869827270508,-86.31729888916016
BKA,Bykovo Airport,55.6171989441,38.0600013733
ARH,Talagi Airport,64.60030364990234,40.71670150756836
RTW,Saratov Central Airport,51.564998626708984,46.04669952392578
NUX,Novy Urengoy Airport,66.06939697265625,76.52030181884766
NOJ,Noyabrsk Airport,63.18330001831055,75.2699966430664
SCO,Aktau Airport,43.8601,51.091999
UCT,Ukhta Airport,63.566898345947266,53.8046989440918
USK,Usinsk Airport,66.00469970703125,57.3671989440918
PEX,Pechora Airport,65.12110137939453,57.13079833984375
NNM,Naryan Mar Airport,67.63999938964844,53.12189865112305
PKV,Pskov Airport,57.78390121459961,28.395599365234375
KGP,Kogalym International Airport,62.190399169921875,74.53379821777344
KJA,Yemelyanovo Airport,56.172901,92.493301
KGF,Sary-Arka Airport,49.670799255371094,73.33439636230469
URJ,Uray Airport,60.10329818725586,64.82669830322266
IWA,Ivanovo South Airport,56.93939971923828,40.940799713134766
CGQ,Longjia Airport,43.9962005615,125.684997559
KIJ,Niigata Airport,37.9558982849,139.121002197
JON,Johnston Atoll Airport,16.7285995483,-169.533996582
SMD,Smith Field,41.14339828,-85.15280151
ACV,California Redwood Coast-Humboldt County Airport,40.978101,-124.109
OAJ,Albert J Ellis Airport,34.8292007446,-77.61209869380001
TCL,Tuscaloosa Regional Airport,33.220600128174,-87.611396789551
DBQ,Dubuque Regional Airport,42.40200043,-90.70950317
HHP,Shun Tak Heliport,22.2893714905,114.152153015
ATD,Uru Harbour Airport,-8.87333,161.011002
AKS,Gwaunaru'u Airport,-8.70257,160.682007
BAS,Ballalae Airport,-6.990745,155.886656
FRE,Fera/Maringe Airport,-8.1075,159.576996
MBU,Babanakira Airport,-9.7475004196167,159.83900451660156
IRA,Ngorangora Airport,-10.449700355500001,161.897994995
SCZ,Santa Cruz/Graciosa Bay/Luova Airport,-10.72029972076416,165.7949981689453
MUA,Munda Airport,-8.327969551086426,157.26300048828125
GZO,Nusatupe Airport,-8.09778022766,156.863998413
MNY,Mono Airport,-7.416940212249756,155.56500244140625
RNL,Rennell/Tingoa Airport,-11.533900260925293,160.06300354003906
RUS,Marau Airport,-9.861669540409999,160.824996948
VAO,Suavanao Airport,-7.585559844970703,158.7310028076172
KGE,Kaghau Airport,-7.3305,157.585
RBV,Ramata Airport,-8.168060302734375,157.64300537109375
BUA,Buka Airport,-5.4223198890686035,154.67300415039062
CMU,Chimbu Airport,-6.024290084838867,144.9709930419922
DAU,Daru Airport,-9.08675956726,143.207992554
GUR,Gurney Airport,-10.3114995956,150.333999634
PNP,Girua Airport,-8.80453968048,148.309005737
HKN,Kimbe Airport,-5.462170124053955,150.40499877929688
UNG,Kiunga Airport,-6.1257100105285645,141.28199768066406
KRI,Kikori Airport,-7.424379825592041,144.2500762939453
KMA,Kerema Airport,-7.96361017227,145.770996094
KVG,Kavieng Airport,-2.57940006256,150.807998657
MDU,Mendi Airport,-6.14774,143.656998
MAS,Momote Airport,-2.06189,147.423996
MXH,Moro Airport,-6.36332988739,143.238006592
MIS,Misima Island Airport,-10.689200401299999,152.837997437
TIZ,Tari Airport,-5.84499979019,142.947998047
TBG,Tabubil Airport,-5.27861,141.225998
RAB,Tokua Airport,-4.34045982361,152.380004883
VAI,Vanimo Airport,-2.6926,141.3028
WBM,Wapenamanda Airport,-5.6433000564575195,143.89500427246094
LLU,Alluitsup Paa Heliport,60.46445,-45.56917
CNP,Neerlerit Inaat Airport,70.7431030273,-22.6504993439
JFR,Paamiut Heliport,61.9921989441,-49.6624984741
JGO,Qeqertarsuaq Heliport,69.251181993,-53.5148763657
JJU,Qaqortoq Heliport,60.715684155299996,-46.0299186409
JSU,Maniitsoq Airport,65.4124984741,-52.9393997192
JNN,Nanortalik Heliport,60.141883975899994,-45.232976675
JNS,Narsaq Heliport,60.9172827256,-46.059923172
NAQ,Qaanaaq Airport,77.4886016846,-69.3887023926
JHS,Sisimiut Airport,66.9513015747,-53.7293014526
JUV,Upernavik Airport,72.7901992798,-56.1305999756
JQA,Qaarsut Airport,70.7341995239,-52.6962013245
GRY,Grímsey Airport,66.5458,-18.0173
THO,Thorshofn Airport,66.21849822998047,-15.335599899291992
VPN,Vopnafjörður Airport,65.72059631347656,-14.850600242614746
YWS,Whistler/Green Lake Water Aerodrome,50.1436004639,-122.948997498
YAA,Anahim Lake Airport,52.45249938964844,-125.3030014038086
YWM,Williams Harbour Airport,52.566898345947266,-55.784698486328125
YFX,St. Lewis (Fox Harbour) Airport,52.372798919677734,-55.67390060424805
YHA,Port Hope Simpson Airport,52.528099060058594,-56.28609848022461
YRG,Rigolet Airport,54.1796989440918,-58.45750045776367
YCK,Colville Lake Airport,67.0392,-126.08
YLE,Whatì Airport,63.13169860839844,-117.24600219726562
SUR,Summer Beaver Airport,52.70859909057617,-88.54190063476562
YAX,Wapekeka Airport,53.84920120239258,-89.57939910888672
WNN,Wunnumin Lake Airport,52.89390182495117,-89.28919982910156
YNO,North Spirit Lake Airport,52.4900016784668,-92.97109985351562
XBE,Bearskin Lake Airport,53.965599060058594,-91.0271987915039
KIF,Kingfisher Lake Airport,53.01250076293945,-89.85530090332031
YOG,Ogoki Post Airport,51.6585998535,-85.9017028809
YHP,Poplar Hill Airport,52.1133,-94.2556
YKU,Chisasibi Airport,53.805599212646484,-78.91690063476562
ZTB,Tête-à-la-Baleine Airport,50.674400329589844,-59.38359832763672
ZLT,La Tabatière Airport,50.8307991027832,-58.97560119628906
YAC,Cat Lake Airport,51.72719955444336,-91.82440185546875
YAG,Fort Frances Municipal Airport,48.65420150756836,-93.439697265625
XKS,Kasabonika Airport,53.52470016479492,-88.6427993774414
YKG,Kangirsuk Airport,60.027198791503906,-69.99919891357422
YAT,Attawapiskat Airport,52.9275016784668,-82.43190002441406
YBE,Uranium City Airport,59.5614013671875,-108.48100280761719
YBX,Lourdes de Blanc Sablon Airport,51.443599700899995,-57.185298919699996
YRF,Cartwright Airport,53.68280029296875,-57.041900634765625
YCS,Chesterfield Inlet Airport,63.346900939899996,-90.73110198970001
YDP,Nain Airport,56.549198150634766,-61.680301666259766
YER,Fort Severn Airport,56.01890182495117,-87.67610168457031
YFA,Fort Albany Airport,52.20140075683594,-81.6968994140625
YFH,Fort Hope Airport,51.5619010925293,-87.90779876708984
YMN,Makkovik Airport,55.076900482177734,-59.1864013671875
YGB,Texada Gillies Bay Airport,49.69419860839844,-124.51799774169922
YGO,Gods Lake Narrows Airport,54.55889892578125,-94.49140167236328
YGT,Igloolik Airport,69.3647003174,-81.8161010742
YGW,Kuujjuarapik Airport,55.281898498535156,-77.76529693603516
YGX,Gillam Airport,56.35749816894531,-94.71060180664062
YGZ,Grise Fiord Airport,76.4261016846,-82.90920257570001
YQC,Quaqtaq Airport,61.0463981628418,-69.6177978515625
CXH,Vancouver Harbour Water Aerodrome,49.2943992615,-123.111000061
YNS,Nemiscau Airport,51.69110107421875,-76.1355972290039
YHO,Hopedale Airport,55.448299407958984,-60.228599548339844
YHR,Chevery Airport,50.46889877319336,-59.63669967651367
YIK,Ivujivik Airport,62.417301177978516,-77.92530059814453
YIV,Island Lake Airport,53.857200622558594,-94.65360260009766
AKV,Akulivik Airport,60.818599700927734,-78.14859771728516
YKQ,Waskaganish Airport,51.47330093383789,-78.75830078125
YPJ,Aupaluk Airport,59.29669952392578,-69.59970092773438
YLC,Kimmirut Airport,62.8499984741,-69.88330078119999
YLH,Lansdowne House Airport,52.19559860229492,-87.93419647216797
XGR,Kangiqsualujjuaq (Georges River) Airport,58.71139907836914,-65.9927978515625
YMH,Mary's Harbour Airport,52.302799224853516,-55.847198486328125
YMT,Chapais Airport,49.77190017700195,-74.5280990600586
YUD,Umiujaq Airport,56.53609848022461,-76.51830291748047
YNC,Wemindji Airport,53.01060104370117,-78.83110046386719
YNE,Norway House Airport,53.95830154418945,-97.84420013427734
YNL,Points North Landing Airport,58.27669906616211,-104.08200073242188
YOH,Oxford House Airport,54.93330001831055,-95.27890014648438
YPH,Inukjuak Airport,58.471900939941406,-78.07689666748047
YPM,Pikangikum Airport,51.819698333740234,-93.97329711914062
YPO,Peawanuck Airport,54.98809814453125,-85.44329833984375
YPW,Powell River Airport,49.83420181274414,-124.5
YQD,The Pas Airport,53.97140121459961,-101.09100341796875
YQN,Nakina Airport,50.18280029296875,-86.69640350341797
YRA,Rae Lakes Airport,64.11609649658203,-117.30999755859375
YRL,Red Lake Airport,51.066898345947266,-93.79309844970703
YSF,Stony Rapids Airport,59.250301361083984,-105.84100341796875
YSK,Sanikiluaq Airport,56.5377998352,-79.2466964722
YST,St. Theresa Point Airport,53.84560012817383,-94.85189819335938
YTL,Big Trout Lake Airport,53.81779861450195,-89.89689636230469
YVZ,Deer Lake Airport,52.655799865722656,-94.0614013671875
YWP,Webequie Airport,52.9593933975,-87.3748683929
YXN,Whale Cove Airport,62.24000167849999,-92.59809875490001
YZG,Salluit Airport,62.17940139770508,-75.66719818115234
ZAC,York Landing Airport,56.08940124511719,-96.08920288085938
ILF,Ilford Airport,56.0614013672,-95.613899231
ZBF,Bathurst Airport,47.629699707,-65.738899231
ZEM,Eastmain River Airport,52.22639846801758,-78.52249908447266
ZFD,Fond-Du-Lac Airport,59.33440017700195,-107.18199920654297
ZGI,Gods River Airport,54.839698791503906,-94.07859802246094
ZJN,Swan River Airport,52.120601654052734,-101.23600006103516
ZKE,Kashechewan Airport,52.282501220703125,-81.67780303955078
MSA,Muskrat Dam Airport,53.44139862060547,-91.76280212402344
ZMT,Masset Airport,54.02750015258789,-132.125
ZPB,Sachigo Lake Airport,53.8911018371582,-92.19640350341797
ZRJ,Round Lake (Weagamow Lake) Airport,52.943599700927734,-91.31279754638672
ZSJ,Sandy Lake Airport,53.06420135498047,-93.34439849853516
ZTM,Shamattawa Airport,55.8656005859375,-92.0813980102539
ZUM,Churchill Falls Airport,53.5619010925293,-64.10639953613281
ZWL,Wollaston Lake Airport,58.10689926147461,-103.1719970703125
BLJ,Batna Airport,35.752101898199996,6.308589935300001
CBH,Béchar Boudghene Ben Ali Lotfi Airport,31.645700454711914,-2.269860029220581
BMW,Bordj Badji Mokhtar Airport,21.375,0.923888981342
ELU,Guemar Airport,33.5113983154,6.77679014206
KMS,Kumasi Airport,6.714560031890869,-1.5908199548721313
HDF,Heringsdorf Airport,53.8787002563,14.152299881
HEI,Heide-Büsum Airport,54.153331756600004,8.90166664124
HGL,Helgoland-Düne Airport,54.185279846200004,7.91583299637
SJY,Seinäjoki Airport,62.692101,22.8323
NQT,Nottingham Airport,52.91999816894531,-1.0791699886322021
DSA,Robin Hood Doncaster Sheffield Airport,53.4805378105,-1.01065635681
CAL,Campbeltown Airport,55.437198638916016,-5.686389923095703
EOI,Eday Airport,59.19060134887695,-2.7722198963165283
FIE,Fair Isle Airport,59.53580093383789,-1.628059983253479
NRL,North Ronaldsay Airport,59.3675003052,-2.43443989754
PPW,Papa Westray Airport,59.351699829100006,-2.9002799987800003
SOY,Stronsay Airport,59.1553001404,-2.64139008522
NDY,Sanday Airport,59.250301361083984,-2.576669931411743
LWK,Lerwick / Tingwall Airport,60.192199707,-1.24361002445
WRY,Westray Airport,59.3502998352,-2.95000004768
LEQ,Land's End Airport,50.102798,-5.67056
PZE,Penzance Heliport,50.128101,-5.51845
VLY,Anglesey Airport,53.2481002808,-4.53533983231
BRR,Barra Airport,57.0228,-7.44306
CFN,Donegal Airport,55.0442008972168,-8.340999603271484
CNL,Sindal Airport,57.503502,10.2294
LKN,Leknes Airport,68.152496337891,13.609399795532
OSY,Namsos Høknesøra Airport,64.472198486328,11.57859992981
MQN,"Mo i Rana Airport, Røssvoll",66.363899230957,14.301400184631
RVK,"Rørvik Airport, Ryum",64.838302612305,11.14610004425
RET,Røst Airport,67.527801513672,12.103300094604
SDN,Sandane Airport (Anda),61.830001831055,6.1058301925659
SOG,Sogndal Airport,61.156101,7.13778
SVJ,Svolvær Helle Airport,68.243301391602,14.669199943542
SOJ,Sørkjosen Airport,69.786796569824,20.959400177002
VAW,"Vardø Airport, Svartnes",70.355400085449,31.044900894165
VRY,Værøy Heliport,67.654555,12.727257
BZG,Bydgoszcz Ignacy Jan Paderewski Airport,53.096801757799994,17.9776992798
LCJ,Łódź Władysław Reymont Airport,51.721900939899996,19.3980998993
OSD,Åre Östersund Airport,63.194400787354,14.50030040741
HFS,Hagfors Airport,60.02009963989258,13.578900337219238
KSD,Karlstad Airport,59.444698333699996,13.337400436400001
TYF,Torsby Airport,60.1576004028,12.991299629199998
AGH,Ängelholm-Helsingborg Airport,56.29610061645508,12.847100257873535
SQO,Storuman Airport,64.96089935302734,17.69659996032715
HMV,Hemavan Airport,65.80609893798828,15.082799911499023
VNT,Ventspils International Airport,57.35779953,21.5442008972
QRA,Rand Airport,-26.2425003052,28.1511993408
MQP,Kruger Mpumalanga International Airport,-25.3831996918,31.1056003571
AAM,Malamala Airport,-24.818099975585938,31.544599533081055
MBD,Mmabatho International Airport,-25.798400878900004,25.548000335699996
GNZ,Ghanzi Airport,-21.6924991607666,21.658100128173828
ORP,Orapa Airport,-21.266701,25.3167
SWX,Shakawe Airport,-18.373899459838867,21.832599639892578
TLD,Limpopo Valley Airport,-22.189199447599997,29.126899719199997
DIS,Ngot Nzoungou Airport,-4.20635,12.6599
CIP,Chipata Airport,-13.558300018310547,32.58720016479492
YVA,Iconi Airport,-11.710800170899999,43.2439002991
WAQ,Antsalova Airport,-18.701273,44.614921
JVA,Ankavandra Airport,-18.80501,45.273467
BMD,Belo sur Tsiribihina Airport,-19.6867008209,44.541900634799994
MXT,Maintirano Airport,-18.049999,44.033001
TVA,Morafenobe Airport,-17.850083,44.920467
WTA,Tambohorano Airport,-17.47610092163086,43.972801208496094
WTS,Tsiroanomandidy Airport,-18.759677,46.054065
WAM,Ambatondrazaka Airport,-17.795378,48.442583
WPB,Port Bergé Airport,-15.584286,47.623587
DWB,Soalala Airport,-16.10169,45.358837
WMP,Mampikony Airport,-16.0722693402,47.644164562200004
WMA,Mandritsara Airport,-15.833049,48.833284
MJA,Manja Airport,-21.426105,44.316509
CBT,Catumbela Airport,-12.4792,13.4869
DUE,Dundo Airport,-7.400889873504639,20.818500518798828
VPE,Ngjiva Pereira Airport,-17.0435009003,15.683799743700002
MSZ,Namibe Airport,-15.261199951171875,12.14680004119873
KOU,Koulamoutou Mabimbi Airport,-1.1846100091934,12.441300392151
MJL,Mouilla Ville Airport,-1.845139980316162,11.056699752807617
TCH,Tchibanga Airport,-2.8499999046325684,11.017000198364258
VPY,Chimoio Airport,-19.15130043029785,33.42900085449219
SRH,Sarh Airport,9.14444,18.374399
CMK,Club Makokola Airport,-14.306900024414062,35.13249969482422
LUD,Luderitz Airport,-26.687400817871094,15.242899894714355
OND,Ondangwa Airport,-17.878201,15.9526
OMD,Oranjemund Airport,-28.5847,16.446699
SWP,Swakopmund Airport,-22.66189956665,14.568099975586
ERS,Eros Airport,-22.612199783325195,17.080400466918945
BOA,Boma Airport,-5.854000091552734,13.064000129699707
MAT,Tshimpi Airport,-5.799610137939453,13.440400123596191
INO,Inongo Airport,-1.947219967842102,18.28580093383789
NIO,Nioki Airport,-2.7174999713897705,17.68470001220703
KRZ,Basango Mboliasa Airport,-1.434999942779541,19.02400016784668
BSU,Basankusu Airport,1.2247200012207031,19.78890037536621
TSH,Tshikapa Airport,-6.43833,20.794701
LJA,Lodja Airport,-3.4170000553131104,23.450000762939453
PFR,Ilebo Airport,-4.329919,20.590124
OUK,Outer Skerries Airport,60.4252,-0.75
GMZ,La Gomera Airport,28.029600143432617,-17.214599609375
BTE,Sherbro International Airport,7.5324201583862305,-12.518899917602539
KBS,Bo Airport,7.944399833679199,-11.76099967956543
KEN,Kenema Airport,7.891290187835693,-11.176600456237793
OXB,Osvaldo Vieira International Airport,11.894800186157227,-15.65369987487793
SMW,Smara Airport,26.7318,-11.6847
VIL,Dakhla Airport,23.7183,-15.932
ESU,Mogador Airport,31.3974990845,-9.6816701889
EUN,Hassan I Airport,27.151699,-13.2192
NDR,Nador International Airport,34.988800048799995,-3.0282099247
RAI,Praia International Airport,14.924500465393066,-23.493499755859375
SFL,São Filipe Airport,14.8850002289,-24.4799995422
BCO,Baco Airport,5.78287,36.562
BEI,Beica Airport,9.38638973236084,34.52190017700195
DSE,Combolcha Airport,11.082500457763672,39.71139907836914
DEM,Dembidollo Airport,8.553999900817871,34.858001708984375
GDE,Gode Airport,5.93513011932,43.5786018372
GOR,Gore Airport,8.1614,35.5529
ABK,Kabri Dehar Airport,6.734,44.252998
MTF,Mizan Teferi Airport,6.9571,35.5547
TIE,Tippi Airport,7.2024,35.415
ALU,Alula Airport,11.9582,50.748
BSA,Bosaso Airport,11.275300025939941,49.14939880371094
MGQ,Aden Adde International Airport,2.0144400596618652,45.3046989440918
GLK,Galcaio Airport,6.78082990646,47.45470047
BUO,Burao Airport,9.5275,45.5549
AAC,El Arish International Airport,31.073299408,33.8358001709
ATZ,Assiut International Airport,27.0464992523,31.0119991302
ASV,Amboseli Airport,-2.645050048828125,37.25310134887695
LKG,Lokichoggio Airport,4.20412015914917,34.348201751708984
MYD,Malindi Airport,-3.2293100357055664,40.10169982910156
NYK,Nanyuki Airport,-0.06239889934659004,37.04100799560547
SRX,Gardabya Airport,31.063499450699997,16.5949993134
TOB,Gamal Abdel Nasser Airport,31.861,23.907
MJI,Mitiga Airport,32.894100189208984,13.276000022888184
LAQ,La Abraq Airport,32.788700103759766,21.96430015563965
ATB,Atbara Airport,17.710344314575195,34.0570182800293
UYL,Nyala Airport,12.053500175476074,24.956199645996094
PZU,Port Sudan New International Airport,19.4335994720459,37.234100341796875
BKZ,Bukoba Airport,-1.332,31.8212
TKQ,Kigoma Airport,-4.8862,29.6709
LDI,Lindi Airport,-9.85111,39.757801
MUZ,Musoma Airport,-1.503,33.8021
SHY,Shinyanga Airport,-3.6093,33.5035
TBO,Tabora Airport,-5.076389789581299,32.83330154418945
RUA,Arua Airport,3.049999952316284,30.91699981689453
ULU,Gulu Airport,2.8055601119995117,32.27180099487305
DIU,Diu Airport,20.71310043334961,70.92109680175781
ABR,Aberdeen Regional Airport,45.449100494384766,-98.42179870605469
ABY,Southwest Georgia Regional Airport,31.535499572753906,-84.19450378417969
AHN,Athens Ben Epps Airport,33.94860076904297,-83.32630157470703
ALM,Alamogordo White Sands Regional Airport,32.8399009705,-105.990997314
ALO,Waterloo Regional Airport,42.557098388671875,-92.40029907226562
ALW,Walla Walla Regional Airport,46.09489822,-118.288002
APN,Alpena County Regional Airport,45.0780983,-83.56030273
ATY,Watertown Regional Airport,44.91400146,-97.15470123
BFD,Bradford Regional Airport,41.8031005859375,-78.64009857177734
BFF,Western Neb. Rgnl/William B. Heilig Airport,41.87400055,-103.5960007
BKW,Raleigh County Memorial Airport,37.787300109899995,-81.1241989136
BQK,Brunswick Golden Isles Airport,31.258800506591797,-81.46649932861328
BRL,Southeast Iowa Regional Airport,40.783199310302734,-91.12550354003906
CEC,Jack Mc Namara Field Airport,41.78020096,-124.2369995
CGI,Cape Girardeau Regional Airport,37.22529983520508,-89.57080078125
CIU,Chippewa County International Airport,46.25080108642578,-84.47239685058594
CKB,North Central West Virginia Airport,39.2966003418,-80.2281036377
CLM,William R Fairchild International Airport,48.120201110839844,-123.5
CMX,Houghton County Memorial Airport,47.168399810791016,-88.48909759521484
DDC,Dodge City Regional Airport,37.76340103149414,-99.9655990600586
DUJ,DuBois Regional Airport,41.17829895,-78.8986969
EAU,Chippewa Valley Regional Airport,44.86579895019531,-91.48429870605469
EKO,Elko Regional Airport,40.82490158081055,-115.79199981689453
EWB,New Bedford Regional Airport,41.67610168457031,-70.95690155029297
FAY,Fayetteville Regional Grannis Field,34.9911994934082,-78.88030242919922
GGW,Wokal Field Glasgow International Airport,48.212502,-106.614998
GRI,Central Nebraska Regional Airport,40.967498779296875,-98.30960083007812
HOT,Memorial Field,34.47800064086914,-93.09619903564453
HTS,Tri-State/Milton J. Ferguson Field,38.36669922,-82.55799866
KIO,Kili Airport,5.644515,169.119507
IRK,Kirksville Regional Airport,40.09349822998047,-92.5448989868164
JMS,Jamestown Regional Airport,46.92969894,-98.67819977
LAR,Laramie Regional Airport,41.31209945678711,-105.67500305175781
LBE,Arnold Palmer Regional Airport,40.27590179,-79.40480042
LBF,North Platte Regional Airport Lee Bird Field,41.12620163,-100.6839981
LEB,Lebanon Municipal Airport,43.626098632799994,-72.30419921880001
LMT,Crater Lake-Klamath Regional Airport,42.156101,-121.733002
LNS,Lancaster Airport,40.121700286865234,-76.29609680175781
LWT,Lewistown Municipal Airport,47.04930114746094,-109.46700286865234
LYH,Lynchburg Regional Preston Glenn Field,37.326698303222656,-79.20040130615234
MKG,Muskegon County Airport,43.16949844,-86.23819733
MLS,Frank Wiley Field,46.428001403808594,-105.88600158691406
MSL,Northwest Alabama Regional Airport,34.74530029,-87.61019897
OTH,Southwest Oregon Regional Airport,43.41709899902344,-124.24600219726562
OWB,Owensboro Daviess County Airport,37.74010086,-87.16680145
PIB,Hattiesburg Laurel Regional Airport,31.467100143432617,-89.33709716796875
PIH,Pocatello Regional Airport,42.9098014831543,-112.59600067138672
PIR,Pierre Regional Airport,44.38270187,-100.2860031
PLN,Pellston Regional Airport of Emmet County Airport,45.57089996,-84.79669952
PSM,Portsmouth International at Pease Airport,43.0778999329,-70.8233032227
RDG,Reading Regional Carl A Spaatz Field,40.378501892089844,-75.96520233154297
RHI,Rhinelander Oneida County Airport,45.63119888305664,-89.46749877929688
RKS,Southwest Wyoming Regional Airport,41.5942,-109.065001
RUT,Rutland - Southern Vermont Regional Airport,43.52939987,-72.94960022
SBP,San Luis County Regional Airport,35.236801147499996,-120.641998291
SHR,Sheridan County Airport,44.76919937133789,-106.9800033569336
SLK,Adirondack Regional Airport,44.38529968261719,-74.2061996459961
SLN,Salina Municipal Airport,38.79100036621094,-97.6521987915039
SMX,Santa Maria Pub/Capt G Allan Hancock Field,34.89889908,-120.4570007
TUP,Tupelo Regional Airport,34.26810073852539,-88.7698974609375
UIN,Quincy Regional Baldwin Field,39.94269943,-91.19460297
VCT,Victoria Regional Airport,28.85260009765625,-96.91850280761719
VLD,Valdosta Regional Airport,30.782499313354492,-83.27670288085938
WRL,Worland Municipal Airport,43.9656982421875,-107.95099639892578
YKM,Yakima Air Terminal McAllister Field,46.56819916,-120.5439987
ECN,Ercan International Airport,35.154701232910156,33.49610137939453
RJL,Logroño-Agoncillo Airport,42.4609534888,-2.32223510742
IDY,Île d'Yeu Airport,46.71860122680664,-2.3911099433898926
ANE,Angers-Loire Airport,47.560299,-0.312222
LTT,La Môle Airport,43.205399,6.482
JSY,Syros Airport,37.4227981567,24.950899124099998
PEV,Pécs-Pogány Airport,45.990898,18.240996
SOB,Sármellék International Airport,46.686391,17.159084
AOT,Aosta Airport,45.738499,7.36872
QSR,Salerno Costa d'Amalfi Airport,40.620399,14.9113
CVU,Corvo Airport,39.671501,-31.1136
BNX,Banja Luka International Airport,44.94139862060547,17.297500610351562
USQ,Uşak Airport,38.68149948120117,29.47170066833496
KSY,Kars Airport,40.562198638916016,43.1150016784668
SFQ,Şanlıurfa Airport,37.09429931640625,38.84709930419922
KCM,Kahramanmaraş Airport,37.5388259888,36.9535217285
AJI,Ağrı Airport,39.654541015625,43.025978088378906
ADF,Adıyaman Airport,37.7313995361,38.4688987732
ISE,Süleyman Demirel International Airport,37.8554000854,30.368400573699997
EDO,Balıkesir Körfez Airport,39.554599762,27.0137996674
SZF,Samsun Çarşamba Airport,41.254501,36.567101
ILZ,Žilina Airport,49.231498718299996,18.6135005951
GDT,JAGS McCartney International Airport,21.444499969482422,-71.14230346679688
MDS,Middle Caicos Airport,21.82602,-71.8025
SLX,Salt Cay Airport,21.333000183099998,-71.1999969482
AZS,Samaná El Catey International Airport,19.2670001984,-69.7419967651
JBQ,La Isabela International Airport,18.572500228881836,-69.98560333251953
PBR,Puerto Barrios Airport,15.7309,-88.583801
AAZ,Quezaltenango Airport,14.8656,-91.501999
UTK,Utirik Airport,11.222,169.852005
AHS,Ahuas Airport,15.4722,-84.352203
PEU,Puerto Lempira Airport,15.2622,-83.781197
MIJ,Mili Island Airport,6.08333,171.733002
CYW,Captain Rogelio Castillo National Airport,20.546,-100.887001
CUA,Ciudad Constitución Airport,25.053800582886,-111.61499786377
GUB,Guerrero Negro Airport,28.0261,-114.024002
JAL,El Lencero Airport,19.4750995636,-96.7975006104
CTD,Alonso Valderrama Airport,7.987840175628662,-80.40969848632812
ONX,Enrique Adolfo Jimenez Airport,9.356639862060547,-79.86740112304688
JQE,Jaqué Airport,7.51777982711792,-78.1572036743164
PLP,Captain Ramon Xatruch Airport,8.406669616699219,-78.1417007446289
TTQ,Aerotortuguero Airport,10.42,-83.6095
BCL,Barra del Colorado Airport,10.768699645996094,-83.58560180664062
PBP,Islita Airport,9.856109619140625,-85.37079620361328
PJM,Puerto Jimenez Airport,8.533329963684082,-83.30000305175781
SYQ,Tobias Bolanos International Airport,9.957050323486328,-84.13980102539062
JEE,Jérémie Airport,18.66309928894043,-74.17030334472656
PAX,Port-de-Paix Airport,19.9335994720459,-72.84860229492188
TND,Alberto Delgado Airport,21.788299560546875,-79.99720001220703
COX,Congo Town Airport,24.158701,-77.589798
ATC,Arthur's Town Airport,24.6294,-75.673797
TBI,New Bight Airport,24.3153,-75.452301
CRI,Colonel Hill Airport,22.745599746699998,-74.1824035645
PID,Nassau Paradise Island Airport,25.08300018310547,-77.30000305175781
AIU,Enua Airport,-19.96780014038086,-158.11900329589844
MGS,Mangaia Island Airport,-21.895986557006836,-157.9066619873047
MHX,Manihiki Island Airport,-10.376700401306152,-161.0019989013672
MUK,Mauke Airport,-20.13610076904297,-157.34500122070312
MOI,Mitiaro Island Airport,-19.842500686645508,-157.7030029296875
PYE,Tongareva Airport,-9.01436996459961,-158.03240966796875
ICI,Cicia Airport,-17.7432994843,-179.341995239
PTF,Malolo Lailai Island Airport,-17.7779006958,177.197006226
KDV,Vunisea Airport,-19.058099746699998,178.156997681
MNF,Mana Island Airport,-17.6730995178,177.098007202
MFJ,Moala Airport,-18.566699981699998,179.951004028
NGI,Ngau Airport,-18.115600585899998,179.339996338
LKB,Lakeba Island Airport,-18.1991996765,-178.817001343
LBS,Labasa Airport,-16.466699600219727,179.33999633789062
TVU,Matei Airport,-16.6905994415,-179.876998901
KXF,Koro Island Airport,-17.3458003998,179.42199707
RTA,Rotuma Airport,-12.482500076293945,177.0709991455078
SVU,Savusavu Airport,-16.8027992249,179.341003418
EUA,Kaufana Airport,-21.378299713100002,-174.957992554
HPA,Lifuka Island Airport,-19.777000427246094,-174.34100341796875
NFO,Mata'aho Airport,-15.5707998276,-175.632995605
NTT,Kuini Lavenia Airport,-15.977297,-173.791089
VBV,Vanua Balavu Airport,-17.268999099731445,-178.9759979248047
IUE,Niue International Airport,-19.079030990600586,-169.92559814453125
FUT,Pointe Vele Airport,-14.3114004135,-178.065994263
MXS,Maota Airport,-13.742300033569336,-172.25799560546875
APK,Apataki Airport,-15.5736,-146.414993
AHE,Ahe Airport,-14.428099632263184,-146.2570037841797
AUQ,Hiva Oa-Atuona Airport,-9.76879024506,-139.011001587
UAP,Ua Pou Airport,-9.35167,-140.078003
UAH,Ua Huka Airport,-8.93611,-139.552002
MTV,Mota Lava Airport,-13.6660003662,167.712005615
SLH,Sola Airport,-13.8516998291,167.537002563
TOH,Torres Airstrip,-13.3280000687,166.638000488
EAE,Siwo Airport,-17.0902996063,168.343002319
CCV,Craig Cove Airport,-16.264999,167.923996
LOD,Longana Airport,-15.3066997528,167.966995239
SSR,Sara Airport,-15.4708003998,168.151992798
PBJ,Tavie Airport,-16.438999176,168.257003784
LPM,Lamap Airport,-16.4611228,167.829253
LNB,Lamen Bay Airport,-16.584199905400002,168.158996582
MWF,Maewo-Naone Airport,-15.0,168.082992554
LNE,Lonorore Airport,-15.865599632299999,168.17199707
NUS,Norsup Airport,-16.0797,167.401001
ZGU,Gaua Island Airport,-14.218099594099998,167.587005615
RCL,Redcliffe Airport,-15.472000122099999,167.835006714
SON,Santo Pekoa International Airport,-15.505000114399998,167.220001221
TGH,Tongoa Airport,-16.8910999298,168.550994873
ULB,Uléi Airport,-16.3297,168.3011
VLS,Valesdir Airport,-16.796100616500002,168.177001953
SWJ,Southwest Bay Airport,-16.4864,167.4472
OLJ,North West Santo Airport,-14.881699562099998,166.557998657
AUY,Aneityum Airport,-20.2492008209,169.770996094
AWD,Aniwa Airport,-19.2346,169.6009
DLY,Dillon's Bay Airport,-18.7693996429,169.00100708
FTA,Futuna Airport,-19.516399383499998,170.231994629
IPA,Ipota Airport,-18.856389,169.283333
TGJ,Tiga Airport,-21.096099853515625,167.8040008544922
BMY,Île Art - Waala Airport,-19.720600128173828,163.66099548339844
ILP,Île des Pins Airport,-22.588899612426758,167.45599365234375
FBD,Fayzabad Airport,37.121101,70.518097
AJF,Al-Jawf Domestic Airport,29.78510093688965,40.099998474121094
WAE,Wadi Al Dawasir Airport,20.504299163800003,45.199600219699995
KHD,Khoram Abad Airport,33.43539810180664,48.282901763916016
BXR,Bam Airport,29.084199905395508,58.45000076293945
RJN,Rafsanjan Airport,30.297700881958008,56.05110168457031
BJB,Bojnord Airport,37.49300003051758,57.30820083618164
AFZ,Sabzevar National Airport,36.16809844970703,57.59519958496094
NSH,Noshahr Airport,36.663299560546875,51.464698791503906
SRY,Dasht-e Naz Airport,36.635799408,53.193599700899995
LRR,Lar Airport,27.6746997833,54.3833007812
ADU,Ardabil Airport,38.3256988525,48.4244003296
OMH,Urmia Airport,37.6680984497,45.0686988831
AAN,Al Ain International Airport,24.261699676513672,55.60919952392578
BNP,Bannu Airport,32.9729,70.527901
BHV,Bahawalpur Airport,29.348100662231445,71.71800231933594
CJL,Chitral Airport,35.886600494384766,71.80059814453125
DBA,Dalbandin Airport,28.878299713100002,64.3998031616
DEA,Dera Ghazi Khan Airport,29.961000442504883,70.48590087890625
DSK,Dera Ismael Khan Airport,31.909400939941406,70.89659881591797
JIW,Jiwani Airport,25.067800521900004,61.8054008484
HDD,Hyderabad Airport,25.3181,68.366096
KDD,Khuzdar Airport,27.790599823,66.6473007202
ORW,Ormara Airport,25.274700164799995,64.58599853519999
PAJ,Parachinar Airport,33.902099609400004,70.0716018677
KDU,Skardu Airport,35.33549880981445,75.53600311279297
SYW,Sehwan Sharif Airport,26.473100662231445,67.71720123291016
TUK,Turbat International Airport,25.986400604248047,63.03020095825195
ISU,Sulaymaniyah International Airport,35.5617485046,45.316738128699996
KAC,Kamishly Airport,37.020599365234375,41.19139862060547
GXF,Sayun International Airport,15.9660997391,48.78829956049999
ADK,Adak Airport,51.87799835205078,-176.64599609375
GST,Gustavus Airport,58.4253006,-135.7070007
SGY,Skagway Airport,59.46009826660156,-135.3159942626953
HCR,Holy Cross Airport,62.18830108642578,-159.77499389648438
HNS,Haines Airport,59.24380111694336,-135.5240020751953
KLG,Kalskag Airport,61.53630065917969,-160.34100341796875
MCG,McGrath Airport,62.95289993,-155.6060028
MOU,Mountain Village Airport,62.095401763916016,-163.6820068359375
ANI,Aniak Airport,61.581600189208984,-159.54299926757812
VAK,Chevak Airport,61.5409,-165.6005
WRG,Wrangell Airport,56.48429871,-132.3699951
OPU,Balimo Airport,-8.05000019073,142.932998657
VMU,Baimuru Airport,-7.49686002731,144.819900513
LUP,Kalaupapa Airport,21.21100044,-156.973999
ENT,Eniwetok Airport,11.340700149536133,162.3280029296875
LZN,Matsu Nangan Airport,26.1598,119.958
HCN,Hengchun Airport,22.041099548339844,120.7300033569336
MFK,Matsu Beigan Airport,26.224199,120.002998
KUH,Kushiro Airport,43.041000366199995,144.192993164
OKD,Okadama Airport,43.117447,141.38134
HSG,Saga Airport,33.149700164799995,130.302001953
NKM,Nagoya Airport,35.255001068115234,136.9239959716797
IWJ,Iwami Airport,34.676399231,131.789993286
FKS,Fukushima Airport,37.22740173339844,140.43099975585938
ONJ,Odate Noshiro Airport,40.1918983459,140.371002197
SYO,Shonai Airport,38.81219863889999,139.787002563
MYE,Miyakejima Airport,34.073600769,139.559997559
KUV,Kunsan Air Base,35.90380096435547,126.61599731445312
MPK,Mokpo Heliport,34.7588996887,126.379997253
WJU,Wonju/Hoengseong Air Base (K-38/K-46),37.441201,127.963858
YNY,Yangyang International Airport,38.061298,128.669006
HIN,Sacheon Air Base/Airport,35.088591,128.071747
CJJ,Cheongju International Airport/Cheongju Air Base (K-59/G-513),36.717008,127.498741
SFS,Subic Bay International Airport,14.794400215148926,120.27100372314453
CYU,Cuyo Airport,10.858099937438965,121.06900024414062
CGM,Camiguin Airport,9.253520011901855,124.70700073242188
JOL,Jolo Airport,6.0536699295043945,121.01100158691406
TWT,Sanga Sanga Airport,5.046991,119.742996
SUG,Surigao Airport,9.755838325629998,125.480947495
TDG,Tandag Airport,9.072110176086426,126.1709976196289
WNP,Naga Airport,13.58489990234375,123.2699966430664
BSO,Basco Airport,20.4513,121.980003
SFE,San Fernando Airport,16.595600128173828,120.3030014038086
TUG,Tuguegarao Airport,17.6433676823,121.733150482
VRC,Virac Airport,13.576399803161621,124.20600128173828
CYP,Calbayog Airport,12.072699546813965,124.54499816894531
CRM,Catarman National Airport,12.502400398254395,124.63600158691406
MBT,Moises R. Espinosa Airport,12.369682,123.630095
RXS,Roxas Airport,11.597700119018555,122.75199890136719
TTG,General Enrique Mosconi Airport,-22.619600296,-63.7937011719
LHS,Las Heras Airport,-46.53829956049999,-68.9653015137
OES,Antoine de Saint Exupéry Airport,-40.7512,-65.0343
ING,Lago Argentino Airport,-50.336102,-72.248596
GGS,Gobernador Gregores Airport,-48.7831,-70.150002
SST,Santa Teresita Airport,-36.5423,-56.7218
NEC,Necochea Airport,-38.4831,-58.8172
JDO,Orlando Bezerra de Menezes Airport,-7.21895980835,-39.270099639899996
LEC,Coronel Horácio de Mattos Airport,-12.4822998047,-41.2770004272
MEA,Macaé Airport,-22.343000412,-41.7659988403
MII,Frank Miloye Milenkowichi–Marília State Airport,-22.1968994141,-49.926399231
VDC,Vitória da Conquista Airport,-14.8627996445,-40.8630981445
RIA,Santa Maria Airport,-29.711399,-53.688202
TOW,Toledo Airport,-24.6863,-53.697498
ESR,Ricardo García Posada Airport,-26.311100006103516,-69.76519775390625
ZPC,Pucón Airport,-39.29280090332031,-71.91590118408203
SOD,Sorocaba Airport,-23.478001,-47.490002
SCY,San Cristóbal Airport,-0.910206,-89.617401
LOH,Camilo Ponce Enriquez Airport,-3.99589,-79.371902
ESM,General Rivadeneira Airport,0.9785190224647522,-79.62660217285156
PSY,Port Stanley Airport,-51.685699462891,-57.777599334717
CRC,Santa Ana Airport,4.75818,-75.9557
LQM,Caucaya Airport,-0.182278,-74.7708
LPD,La Pedrera Airport,-1.32861,-69.5797
NQU,Reyes Murillo Airport,5.6964,-77.2806
PDA,Obando Airport,3.85353,-67.9062
EYP,El Yopal Airport,5.31911,-72.384
GYA,Capitán de Av. Emilio Beltrán Airport,-10.820599556,-65.3455963135
PUR,Puerto Rico Airport,-11.107663,-67.551155
RIB,Capitán Av. Selin Zeitun Lopez Airport,-11.0,-66.0
REY,Reyes Airport,-14.3044,-67.353401
SRJ,Capitán Av. German Quiroga G. Airport,-14.859199523925781,-66.73750305175781
ORG,Zorg en Hoop Airport,5.81108,-55.190701
MVS,Mucuri Airport,-18.048900604248047,-39.864200592041016
CJA,Mayor General FAP Armando Revoredo Iglesias Airport,-7.1391801834106445,-78.4894027709961
HUU,Alferez Fap David Figueroa Fernandini Airport,-9.878809928894043,-76.20480346679688
NZC,Maria Reiche Neuman Airport,-14.854000091600001,-74.9615020752
SRA,Santa Rosa Airport,-27.9067,-54.520401
MYC,Escuela Mariscal Sucre Airport,10.249978065490723,-67.64942169189453
VIG,Juan Pablo Pérez Alfonso Airport,8.624139,-71.672668
JPR,Ji-Paraná Airport,-10.870800018299999,-61.8465003967
BBQ,Codrington Airport,17.635799,-61.828602
DSD,La Désirade Airport,16.296902,-61.0844
BBR,Baillif Airport,16.0132999420166,-61.7421989440918
SFC,St-François Airport,16.25779914855957,-61.26250076293945
GBJ,Les Bases Airport,15.86870002746582,-61.27000045776367
NEV,Vance W. Amory International Airport,17.205699920654297,-62.589900970458984
VIJ,Virgin Gorda Airport,18.446399688720703,-64.42749786376953
BQU,J F Mitchell Airport,12.9884004593,-61.2620010376
UNI,Union Island International Airport,12.60013484954834,-61.41194534301758
KOV,Kokshetau Airport,53.329102,69.594597
PPK,Petropavlosk South Airport,54.77470016479492,69.18389892578125
DZN,Zhezkazgan Airport,47.708302,67.733299
UKK,Ust-Kamennogorsk Airport,50.036598205566406,82.49420166015625
KSN,Kostanay West Airport,53.20690155029297,63.55030059814453
KVD,Ganja Airport,40.737701416015625,46.31760025024414
NAJ,Nakhchivan Airport,39.18880081176758,45.45840072631836
NER,Chulman Airport,56.913898468018,124.91400146484
PYJ,Polyarny Airport,66.4003982544,112.029998779
CKH,Chokurdakh Airport,70.62310028076172,147.90199279785156
CYX,Cherskiy Airport,68.7406005859375,161.33799743652344
IKS,Tiksi Airport,71.697700500488,128.90299987793
KXK,Komsomolsk-on-Amur Airport,50.409000396728516,136.9340057373047
DYR,Ugolny Airport,64.734902,177.740997
OHO,Okhotsk Airport,59.410064697265625,143.05650329589844
UJE,Ujae Atoll Airport,8.92805957794,165.761993408
MPW,Mariupol International Airport,47.07609939575195,37.44960021972656
VSG,Luhansk International Airport,48.4174003601,39.3740997314
OZH,Zaporizhzhia International Airport,47.867000579833984,35.31570053100586
KWG,Kryvyi Rih International Airport,48.04330062866211,33.209999084472656
HRK,Kharkiv International Airport,49.924800872802734,36.290000915527344
IFO,Ivano-Frankivsk International Airport,48.88420104980469,24.686100006103516
CWC,Chernivtsi International Airport,48.259300231933594,25.98080062866211
RWN,Rivne International Airport,50.60710144042969,26.141599655151367
UDJ,Uzhhorod International Airport,48.634300231933594,22.263399124145508
CSH,Solovki Airport,65.0299987793,35.7333335876
CEE,Cherepovets Airport,59.273601532,38.015800476100004
AMV,Amderma Airport,69.76329803466797,61.556400299072266
KSZ,Kotlas Airport,61.235801696777344,46.6974983215332
PES,Petrozavodsk Airport,61.88520050048828,34.154701232910156
GNA,Hrodna Airport,53.60200119018555,24.053800582885742
MVQ,Mogilev Airport,53.954898834228516,30.09510040283203
EIE,Yeniseysk Airport,58.47420120239258,92.11250305175781
KYZ,Kyzyl Airport,51.66939926147461,94.40059661865234
NOZ,Spichenkovo Airport,53.811401,86.877197
HTG,Khatanga Airport,71.97810363769531,102.49099731445312
IAA,Igarka Airport,67.43720245361328,86.62190246582031
NAL,Nalchik Airport,43.512901306152344,43.636600494384766
OGZ,Beslan Airport,43.2051010132,44.6066017151
ESL,Elista Airport,46.3739013671875,44.33089828491211
WKK,Aleknagik / New Airport,59.2826004028,-158.617996216
BLF,Mercer County Airport,37.295799255371094,-81.20770263671875
GLH,Mid Delta Regional Airport,33.4828987121582,-90.98560333251953
PSC,Tri Cities Airport,46.26470184326172,-119.11900329589844
KQA,Akutan Seaplane Base,54.1337704415,-165.778895617
LPS,Lopez Island Airport,48.4838981628418,-122.93800354003906
SLY,Salekhard Airport,66.5907974243164,66.61100006103516
HMA,Khanty Mansiysk Airport,61.028499603271484,69.08609771728516
NYA,Nyagan Airport,62.110001,65.614998
OVS,Sovetskiy Airport,61.326622009277344,63.60191345214844
IJK,Izhevsk Airport,56.82809829711914,53.45750045776367
KVX,Pobedilovo Airport,58.503299713135,49.348300933838
NYM,Nadym Airport,65.48090362548828,72.69889831542969
RAT,Raduzhny Airport,62.1585998535,77.32890319820001
NFG,Nefteyugansk Airport,61.108299255371094,72.6500015258789
KRO,Kurgan Airport,55.47529983520508,65.41560363769531
LBD,Khudzhand Airport,40.21540069580078,69.6947021484375
AZN,Andizhan Airport,40.7276992798,72.2939987183
FEG,Fergana International Airport,40.358798980699994,71.7450027466
NMA,Namangan Airport,40.9846000671,71.5567016602
NCU,Nukus Airport,42.488399505615234,59.62329864501953
UGC,Urgench Airport,41.58430099487305,60.641700744628906
KSQ,Karshi Khanabad Airport,38.8335990906,65.9215011597
TMJ,Termez Airport,37.28670120239258,67.30999755859375
RYB,Staroselye Airport,58.10419845581055,38.92940139770508
EGO,Belgorod International Airport,50.643798828125,36.5900993347168
URS,Kursk East Airport,51.7505989074707,36.29560089111328
LPK,Lipetsk Airport,52.70280075073242,39.53779983520508
VKT,Vorkuta Airport,67.48860168457031,63.993099212646484
UUA,Bugulma Airport,54.63999938964844,52.801700592041016
JOK,Yoshkar-Ola Airport,56.700599670410156,47.904701232910156
CSY,Cheboksary Airport,56.090301513671875,47.3473014831543
ULY,Ulyanovsk East Airport,54.4010009765625,48.80270004272461
OSW,Orsk Airport,51.0724983215332,58.59560012817383
PEZ,Penza Airport,53.110599517822266,45.02109909057617
SKX,Saransk Airport,54.12512969970703,45.212257385253906
BWO,Balakovo Airport,51.8582992554,47.7456016541
HBX,Hubli Airport,15.361700058,75.08489990230001
KCT,Koggala Airport,5.993680000305176,80.32029724121094
WRZ,Weerawila Airport,6.25448989868,81.23519897460001
BBM,Battambang Airport,13.095600128173828,103.2239990234375
SHL,Shillong Airport,25.70359992980957,91.97869873046875
GAU,Lokpriya Gopinath Bordoloi International Airport,26.10610008239746,91.58589935302734
DMU,Dimapur Airport,25.883899688699998,93.77110290530001
TEZ,Tezpur Airport,26.7091007232666,92.78469848632812
BZL,Barisal Airport,22.801000595092773,90.30120086669922
HOE,Ban Huoeisay Airport,20.2572994232,100.43699646
BHR,Bharatpur Airport,27.678101,84.429398
BDP,Bhadrapur Airport,26.5708007812,88.07959747310001
MEY,Meghauli Airport,27.5774,84.22875
KEP,Nepalgunj Airport,28.103599548339844,81.66699981689453
GAN,Gan International Airport,-0.693342,73.155602
HAQ,Hanimaadhoo Airport,6.744229793548584,73.17050170898438
KDO,Kadhdhoo Airport,1.8591699600219727,73.52189636230469
MAQ,Mae Sot Airport,16.699899673461914,98.54509735107422
BMV,Buon Ma Thuot Airport,12.668299675,108.120002747
HPH,Cat Bi International Airport,20.819400787353516,106.7249984741211
CXR,Cam Ranh Airport,11.998200416564941,109.21900177001953
VCS,Co Ong Airport,8.73183,106.633003
VCA,Can Tho International Airport,10.085100174,105.711997986
DIN,Dien Bien Phu Airport,21.3974990845,103.008003235
UIH,Phu Cat Airport,13.955,109.042
PXU,Pleiku Airport,14.004500389099121,108.01699829101562
VII,Vinh Airport,18.7376003265,105.67099762
BMO,Banmaw Airport,24.268999099731445,97.24620056152344
TVY,Dawei Airport,14.103899955749512,98.20359802246094
KAW,Kawthoung Airport,10.049300193786621,98.53800201416016
LIW,Loikaw Airport,19.691499710083008,97.21479797363281
MNU,Mawlamyine Airport,16.444700241088867,97.66069793701172
BSX,Pathein Airport,16.815201,94.7799
PKK,Pakhokku Airport,21.4043,95.11125
SWQ,Sumbawa Besar Airport,-8.48904037475586,117.41200256347656
TMC,Tambolaka Airport,-9.40972,119.244003
BUI,Bokondini Airport,-3.6822,138.6755
SEH,Senggeh Airport,-3.45,140.779
TJS,Tanjung Harapan Airport,2.83583333333,117.373611111
DTD,Datadawai Airport,0.8106,114.5306
BEJ,Kalimarau Airport,2.1555,117.431999
TJG,Warukin Airport,-2.21655988693,115.435997009
SMQ,Sampit(Hasan) Airport,-2.49919009209,112.974998474
LUV,Dumatumbun Airport,-5.661620140075684,132.7310028076172
ARD,Mali Airport,-8.132340431213379,124.59700012207031
BLG,Belaga Airport,2.65000009537,113.766998291
LGL,Long Lellang Airport,3.4210000038099997,115.153999329
ODN,Long Seridan Airport,3.9670000076293945,115.05000305175781
MKM,Mukah Airport,2.90639,112.080002
BKM,Bakalalan Airport,3.9739999771118164,115.61799621582031
LWY,Lawas Airport,4.84917,115.407997
BBN,Bario Airport,3.7338900566101074,115.47899627685547
TMG,Tomanggong Airport,5.40257,118.65763
KUD,Kudat Airport,6.922500133514404,116.83599853515625
TKG,Radin Inten II (Branti) Airport,-5.240556,105.175556
HLP,Halim Perdanakusuma International Airport,-6.266610145568848,106.89099884033203
NTX,Ranai Airport,3.90871,108.388
PSU,Pangsuma Airport,0.8355780243873596,112.93699645996094
SQG,Sintang(Susilo) Airport,0.06361900269985199,111.4729995727539
PDO,Pendopo Airport,-3.2860701084136963,103.87999725341797
LSW,Malikus Saleh Airport,5.226679801940918,96.95030212402344
PKG,Pulau Pangkor Airport,4.244719982147217,100.5530014038086
LBW,Long Bawan Airport,3.9028,115.6921
NNX,Nunukan Airport,4.13333333333,117.666666667
LPU,Long Apung Airport,1.704486,114.970297
ALH,Albany Airport,-34.94329833984375,117.80899810791016
GYL,Argyle Airport,-16.6369,128.451004
AUU,Aurukun Airport,-13.354067,141.72065
BCI,Barcaldine Airport,-23.5652999878,145.307006836
BDD,Badu Island Airport,-10.149999618499999,142.1734
BVI,Birdsville Airport,-25.897499084472656,139.34800720214844
BHQ,Broken Hill Airport,-32.0013999939,141.472000122
HTI,Hamilton Island Airport,-20.3581008911,148.95199585
BEU,Bedourie Airport,-24.346099853515625,139.4600067138672
BRK,Bourke Airport,-30.039199829101562,145.95199584960938
BUC,Burketown Airport,-17.748600006103516,139.53399658203125
GIC,Boigu Airport,-9.23278045654,142.218002319
OKY,Oakey Airport,-27.411399841308594,151.73500061035156
BQL,Boulia Airport,-22.913299560546875,139.89999389648438
BHS,Bathurst Airport,-33.4094009399,149.651992798
BLT,Blackwater Airport,-23.603099822998047,148.8070068359375
CVQ,Carnarvon Airport,-24.880211,113.67174
CAZ,Cobar Airport,-31.538299560546875,145.79400634765625
CPD,Coober Pedy Airport,-29.040000915527344,134.7209930419922
CNC,Coconut Island Airport,-10.050000190734863,143.07000732421875
CNJ,Cloncurry Airport,-20.668600082399998,140.503997803
CED,Ceduna Airport,-32.13059997558594,133.7100067138672
CTN,Cooktown Airport,-15.444700241088867,145.1840057373047
CMA,Cunnamulla Airport,-28.030000686645508,145.6219940185547
CNB,Coonamble Airport,-30.983299255371094,148.37600708007812
CUQ,Coen Airport,-13.761133,143.113311
OOM,Cooma Snowy Mountains Airport,-36.3005981445,148.973999023
DMD,Doomadgee Airport,-17.9403,138.822006
NLF,Darnley Island Airport,-9.583330154418945,143.76699829101562
DPO,Devonport Airport,-41.1697006226,146.429992676
ELC,Elcho Island Airport,-12.019399642899998,135.570999146
EPR,Esperance Airport,-33.684399,121.822998
FLS,Flinders Island Airport,-40.0917015076,147.992996216
GET,Geraldton Airport,-28.796101,114.707001
GLT,Gladstone Airport,-23.869699,151.223007
GTE,Groote Eylandt Airport,-13.975000381500001,136.460006714
GFF,Griffith Airport,-34.2508010864,146.067001343
HID,Horn Island Airport,-10.586400032,142.289993286
HOK,Hooker Creek Airport,-18.3367004395,130.638000488
MHU,Mount Hotham Airport,-37.0475006104,147.333999634
HGD,Hughenden Airport,-20.815000534057617,144.22500610351562
JCK,Julia Creek Airport,-20.66830062866211,141.72300720214844
KAX,Kalbarri Airport,-27.692813,114.259169
KNS,King Island Airport,-39.877498626708984,143.8780059814453
KFG,Kalkgurung Airport,-17.431900024414062,130.80799865722656
KRB,Karumba Airport,-17.45669937133789,140.8300018310547
KWM,Kowanyama Airport,-15.485600471496582,141.75100708007812
KUG,Kubin Airport,-10.225000381500001,142.218002319
LNO,Leonora Airport,-28.87809944152832,121.31500244140625
LEL,Lake Evella Airport,-12.498900413513184,135.80599975585938
LDH,Lord Howe Island Airport,-31.5382995605,159.07699585
IRG,Lockhart River Airport,-12.7869,143.304993
LSY,Lismore Airport,-28.8302993774,153.259994507
LHG,Lightning Ridge Airport,-29.45669937133789,147.98399353027344
LRE,Longreach Airport,-23.4342002869,144.279998779
LER,Leinster Airport,-27.843299865722656,120.7030029296875
LVO,Laverton Airport,-28.61359977722168,122.42400360107422
UBB,Mabuiag Island Airport,-9.949999809265137,142.18299865722656
MKR,Meekatharra Airport,-26.6117000579834,118.5479965209961
MIM,Merimbula Airport,-36.9085998535,149.901000977
MGT,Milingimbi Airport,-12.0944004059,134.893997192
MNG,Maningrida Airport,-12.0560998917,134.23399353
MCV,McArthur River Mine Airport,-16.4424991608,136.083999634
MQL,Mildura Airport,-34.229198455799995,142.085998535
MMG,Mount Magnet Airport,-28.116100311279297,117.84200286865234
MRZ,Moree Airport,-29.498899459799997,149.845001221
MOV,Moranbah Airport,-22.057800293,148.07699585
MYA,Moruya Airport,-35.8978004456,150.143997192
MGB,Mount Gambier Airport,-37.745601654052734,140.78500366210938
ONG,Mornington Island Airport,-16.662500381469727,139.17799377441406
MYI,Murray Island Airport,-9.91666984558,144.054992676
MBH,Maryborough Airport,-25.5133,152.714996
NRA,Narrandera Airport,-34.7022018433,146.511993408
NAA,Narrabri Airport,-30.3192005157,149.82699585
NTN,Normanton Airport,-17.68409,141.069664
ZNE,Newman Airport,-23.417800903299998,119.803001404
OLP,Olympic Dam Airport,-30.485000610399997,136.876998901
PUG,Port Augusta Airport,-32.506900787353516,137.7169952392578
PMK,Palm Island Airport,-18.755300521850586,146.58099365234375
PBO,Paraburdoo Airport,-23.1711006165,117.745002747
CCK,Cocos (Keeling) Islands Airport,-12.1883001328,96.8339004517
GOV,Gove Airport,-12.269399642899998,136.817993164
PKE,Parkes Airport,-33.131401062,148.238998413
PLO,Port Lincoln Airport,-34.6053009033,135.880004883
EDR,Pormpuraaw Airport,-14.896451,141.60908
PQQ,Port Macquarie Airport,-31.4358005524,152.863006592
PTJ,Portland Airport,-38.31809997558594,141.4709930419922
ULP,Quilpie Airport,-26.612199783325195,144.2530059814453
RAM,Ramingining Airport,-12.356399536132812,134.8979949951172
RMA,Roma Airport,-26.545000076300003,148.774993896
SGO,St George Airport,-28.049699783325195,148.59500122070312
MJK,Shark Bay Airport,-25.8938999176,113.577003479
SBR,Saibai Island Airport,-9.378330230710002,142.625
SRN,Strahan Airport,-42.154998779296875,145.29200744628906
XTG,Thargomindah Airport,-27.986400604248047,143.81100463867188
TCA,Tennant Creek Airport,-19.6343994140625,134.18299865722656
VCD,Victoria River Downs Airport,-16.402124404907227,131.00497436523438
SYU,Warraber Island Airport,-10.20829963684082,142.8249969482422
WNR,Windorah Airport,-25.41309928894043,142.66700744628906
WYA,Whyalla Airport,-33.05889892578125,137.51400756835938
WUN,Wiluna Airport,-26.629199981689453,120.22100067138672
WOL,Wollongong Airport,-34.561100006103516,150.78900146484375
WIN,Winton Airport,-22.36359977722168,143.08599853515625
BWT,Wynyard Airport,-40.9989013671875,145.7310028076172
OKR,Yorke Island Airport,-9.752801,143.405673
XMY,Yam Island Airport,-9.90110969543457,142.7760009765625
NAY,Beijing Nanyuan Airport,39.782798767089844,116.38800048828125
CIF,Chifeng Airport,42.23500061035156,118.90799713134766
CIH,Changzhi Airport,36.247501,113.125999
DAT,Datong Airport,40.060299,113.482002
HET,Baita International Airport,40.851398,111.823997
BAV,Baotou Airport,40.560001373291016,109.99700164794922
SJW,Shijiazhuang Daguocun International Airport,38.28070068359375,114.6969985961914
TGO,Tongliao Airport,43.556702,122.199997
HLH,Ulanhot Airport,46.195333,122.008333
XIL,Xilinhot Airport,43.91559982299805,115.96399688720703
BHY,Beihai Airport,21.5394,109.293999
CGD,Changde Airport,28.9188995361,111.63999939
DYG,Dayong Airport,29.1028,110.443001
MXZ,Meixian Airport,24.350000381469727,116.13300323486328
ZUH,Zhuhai Jinwan Airport,22.006399,113.375999
LZH,Liuzhou Bailian Airport,24.2075,109.390999
ZHA,Zhanjiang Airport,21.214399,110.358002
ENH,Enshi Airport,30.3202991486,109.48500061
NNY,Nanyang Jiangying Airport,32.980801,112.614998
XFN,Xiangyang Liuji Airport,32.1506,112.291
YIH,Yichang Sanxia Airport,30.55655,111.479988
AKA,Ankang Wulipu Airport,32.708099,108.931
GOQ,Golmud Airport,36.4006,94.786102
HZG,Hanzhong Chenggu Airport,33.134136,107.206014
IQN,Qingyang Airport,35.799702,107.602997
XNN,Xining Caojiabu Airport,36.5275,102.042999
ENY,Yan'an Ershilipu Airport,36.636902,109.554001
UYN,Yulin Yuyang Airport,38.35971,109.590927
AVK,Arvaikheer Airport,46.250301361083984,102.802001953125
LTI,Altai Airport,46.376399993896484,96.22109985351562
BYN,Bayankhongor Airport,46.163299560546875,100.7040023803711
DLZ,Dalanzadgad Airport,43.59170150756836,104.43000030517578
HVD,Khovd Airport,47.9541015625,91.6281967163086
MXV,Mörön Airport,49.663299560546875,100.0989990234375
DIG,Diqing Airport,27.7936,99.6772
LUM,Mangshi Airport,24.4011,98.5317
SYM,Pu'er Simao Airport,22.793301,100.959
ZAT,Zhaotong Airport,27.325599670410156,103.75499725341797
KOW,Ganzhou Airport,25.853333,114.778889
JDZ,Jingdezhen Airport,29.3386001587,117.176002502
JIU,Jiujiang Lushan Airport,29.476944,115.801111
JUZ,Quzhou Airport,28.965799,118.899002
LYG,Lianyungang Airport,34.571667,118.873611
HYN,Huangyan Luqiao Airport,28.56220054626465,121.42900085449219
LYI,Shubuling Airport,35.04610061645508,118.41200256347656
JJN,Quanzhou Jinjiang International Airport,24.7964,118.589996
TXN,Tunxi International Airport,29.733299255371094,118.25599670410156
WEF,Weifang Airport,36.646702,119.119003
WEH,Weihai Airport,37.18709945678711,122.22899627685547
WUX,Sunan Shuofang International Airport,31.494400024399997,120.429000854
WUS,Nanping Wuyishan Airport,27.7019,118.000999
WNZ,Wenzhou Longwan International Airport,27.912201,120.851997
YNZ,Yancheng Airport,33.425833,120.203056
YIW,Yiwu Airport,29.3446998596,120.031997681
HSN,Zhoushan Airport,29.9342002869,122.361999512
BPX,Qamdo Bangda Airport,30.553600311279297,97.1082992553711
DAX,Dachuan Airport,31.1302,107.4295
GYS,Guangyuan Airport,32.3911018371582,105.7020034790039
LZO,Luzhou Airport,28.85219955444336,105.39299774169922
MIG,Mianyang Airport,31.4281005859375,104.74099731445312
NAO,Nanchong Airport,30.79545,106.1626
LZY,Nyingchi Airport,29.303300857543945,94.33529663085938
WXN,Wanxian Airport,30.8017,108.433
AKU,Aksu Airport,41.262501,80.291702
IQM,Qiemo Yudu Airport,38.233611,85.465556
KCA,Kuqa Airport,41.677856,82.872917
KRL,Korla Airport,41.69779968261719,86.12889862060547
KRY,Karamay Airport,45.46655,84.9527
YIN,Yining Airport,43.955799,81.330299
HEK,Heihe Airport,50.1716209371,127.308883667
JMU,Jiamusi Airport,46.84339904789999,130.464996338
JNZ,Jinzhou Airport,41.10139846801758,121.06199645996094
NDG,Qiqihar Sanjiazi Airport,47.239601135253906,123.91799926757812
YNJ,Yanji Chaoyangchuan Airport,42.8828010559,129.451004028
WKL,Waikoloa Heliport,19.9205,-155.8607
WME,Mount Keith Airport,-27.286399841308594,120.55500030517578
LRV,Los Roques Airport,11.9499998093,-66.66999816890001
IOR,Inishmore Aerodrome,53.1067008972168,-9.653610229492188
NNR,Connemara Regional Airport,53.23030090332031,-9.467780113220215
GTI,Rügen Airport,54.3833312988,13.3255558014
EZV,Berezovo Airport,63.92100143432617,65.03050231933594
ORH,Worcester Regional Airport,42.26729965209961,-71.87570190429688
AQG,Anqing Tianzhushan Airport,30.582199,117.050003
SHP,Shanhaiguan Airport,39.968102,119.731003
YCU,Yuncheng Guangong Airport,35.116391,111.031388889
JGN,Jiayuguan Airport,39.856899,98.3414
DDG,Dandong Airport,40.0247,124.286003
DSN,Ordos Ejin Horo Airport,39.49,109.861388889
PZI,Bao'anying Airport,26.54,101.79852
PWT,Bremerton National Airport,47.490200042725,-122.76499938965
SPW,Spencer Municipal Airport,43.165500640869,-95.202796936035
JEF,Jefferson City Memorial Airport,38.5912017822,-92.15609741210001
UNT,Unst Airport,60.74720001220703,-0.8538500070571899
PVC,Provincetown Municipal Airport,42.0718994141,-70.2213973999
SBH,Gustaf III Airport,17.904399871826172,-62.84360122680664
KMW,Kostroma Sokerkino Airport,57.7969017029,41.019401550299996
SUI,Sukhumi Dranda Airport,42.8582000732,41.128101348899996
TBW,Donskoye Airport,52.806098937988,41.482799530029
OBN,Oban Airport,56.4635009765625,-5.399670124053955
ERM,Erechim Airport,-27.66189956665039,-52.2682991027832
CVF,Courchevel Airport,45.39670181274414,6.6347198486328125
FUL,Fullerton Municipal Airport,33.8720016479,-117.980003357
USA,Concord-Padgett Regional Airport,35.387798,-80.709099
NVI,Navoi Airport,40.1171989440918,65.1707992553711
QSF,Ain Arnat Airport,36.178100585900005,5.3244900703399995
LRH,La Rochelle-Île de Ré Airport,46.17919921875,-1.1952799558639526
SUN,Friedman Memorial Airport,43.50439835,-114.2959976
MCW,Mason City Municipal Airport,43.157798767100005,-93.3312988281
AZA,Phoenix-Mesa-Gateway Airport,33.30780029,-111.6549988
XAU,Saúl Airport,3.61361,-53.204201
AKP,Anaktuvuk Pass Airport,68.13359833,-151.7429962
ANV,Anvik Airport,62.646702,-160.190994
ATK,Atqasuk Edward Burnell Sr Memorial Airport,70.46730041503906,-157.43600463867188
GAM,Gambell Airport,63.76679992675781,-171.73300170898438
HPB,Hooper Bay Airport,61.52389908,-166.1470032
KAL,Kaltag Airport,64.31909943,-158.7409973
KSM,St Mary's Airport,62.0605011,-163.302002
KVL,Kivalina Airport,67.73619842529297,-164.56300354003906
MYU,Mekoryuk Airport,60.37139892578125,-166.27099609375
RBY,Ruby Airport,64.72720337,-155.4700012
SHH,Shishmaref Airport,66.249604,-166.089112
SVA,Savoonga Airport,63.6864013671875,-170.4929962158203
WTK,Noatak Airport,67.56610107421875,-162.97500610351562
OMC,Ormoc Airport,11.057999610900879,124.56500244140625
YPX,Puvirnituq Airport,60.05059814453125,-77.28690338134766
YTQ,Tasiujaq Airport,58.66780090332031,-69.95580291748047
ARC,Arctic Village Airport,68.1147,-145.578995
QOW,Sam Mbakwe International Airport,5.427060127258301,7.206029891967773
FON,Arenal Airport,10.478,-84.634499
TMU,Tambor Airport,9.73852,-85.013802
CYZ,Cauayan Airport,16.9298992157,121.752998352
KVK,Kirovsk-Apatity Airport,67.46330261230469,33.58829879760742
GVR,Coronel Altino Machado de Oliveira Airport,-18.89520072937,-41.982200622559
KPC,Port Clarence Coast Guard Station,65.2537002563,-166.85899353
PJA,Pajala Airport,67.24559783935547,23.068899154663086
QBC,Bella Coola Airport,52.387501,-126.596001
HGR,Hagerstown Regional Richard A Henson Field,39.707901,-77.72949982
ACR,Araracuara Airport,-0.5833,-72.4083
GOP,Gorakhpur Airport,26.739700317399997,83.4496994019
SDP,Sand Point Airport,55.314998626708984,-160.5229949951172
HMI,Hami Airport,42.8414,93.669197
WUZ,Wuzhou Changzhoudao Airport,23.456699,111.248001
TBH,Tugdan Airport,12.3109998703,122.084999084
ACP,Sahand Airport,37.347999572753906,46.127899169921875
GBT,Gorgan Airport,36.909400939899996,54.4012985229
IIL,Ilam Airport,33.58660125732422,46.40480041503906
PFQ,Parsabade Moghan Airport,39.60359954834,47.881500244141
TCG,Tacheng Airport,46.67250061035156,83.3407974243164
MQM,Mardin Airport,37.223300933800004,40.6316986084
AFS,Sugraly Airport,41.61389923095703,64.23320007324219
DRG,Deering Airport,66.0696029663,-162.76600647
LEN,Leon Airport,42.5890007019043,-5.65556001663208
RGS,Burgos Airport,42.357601,-3.62076
EGM,Sege Airport,-8.578889846801758,157.87600708007812
CQD,Shahrekord Airport,32.2971992493,50.842201232899995
DHM,Kangra Airport,32.16510009765625,76.26339721679688
NDC,Nanded Airport,19.1833000183,77.31670379639999
SLV,Shimla Airport,31.0818,77.068001
IGG,Igiugig Airport,59.32400131225586,-155.90199279785156
KNW,New Stuyahok Airport,59.4499015808,-157.32800293
KVC,King Cove Airport,55.11629867553711,-162.26600646972656
PTH,Port Heiden Airport,56.95909881591797,-158.63299560546875
TOG,Togiak Airport,59.052799224853516,-160.39700317382812
EGN,Geneina Airport,13.48169994354248,22.467199325561523
LKH,Long Akah Airport,3.299999952316284,114.78299713134766
WLH,Walaha Airport,-15.411999702500001,167.690994263
CHG,Chaoyang Airport,41.538101,120.434998
UAS,Buffalo Spring,0.530583,37.534195
BHG,Brus Laguna Airport,15.7631,-84.543602
YVB,Bonaventure Airport,48.07109832763672,-65.46029663085938
SKT,Sialkot Airport,32.5355567932,74.3638916016
PDP,Capitan Corbeta CA Curbelo International Airport,-34.855098724365234,-55.09429931640625
WVB,Walvis Bay Airport,-22.9799,14.6453
MPA,Katima Mulilo Airport,-17.634399,24.176701
AOE,Anadolu Airport,39.809898,30.5194
CKZ,Çanakkale Airport,40.1376991272,26.4267997742
MSR,Muş Airport,38.747798919677734,41.66120147705078
NOP,Sinop Airport,42.015800476074,35.066398620605
TEQ,Tekirdağ Çorlu Airport,41.13819885253906,27.919099807739258
YEI,Bursa Yenişehir Airport,40.2551994324,29.5625991821
LSS,Terre-de-Haut Airport,15.86439991,-61.5806007385
KMV,Kalay Airport,23.188800811767578,94.05110168457031
VQS,Vieques Airport,18.115800857500002,-65.4226989746
YIF,St Augustin Airport,51.2117004395,-58.6582984924
HDM,Hamadan Airport,34.86920166015625,48.5525016784668
MRQ,Marinduque Airport,13.361000061035156,121.82599639892578
GFN,Grafton Airport,-29.7593994140625,153.02999877929688
OAG,Orange Airport,-33.3816986084,149.132995605
TRO,Taree Airport,-31.8885993958,152.514007568
COQ,Choibalsan Airport,48.13570022583008,114.64600372314453
HOH,Hohenems-Dornbirn Airport,47.3849983215,9.69999980927
ESC,Delta County Airport,45.7226982117,-87.0936965942
YAK,Yakutat Airport,59.5032997131,-139.660003662
GUL,Goulburn Airport,-34.810298919677734,149.7259979248047
CES,Cessnock Airport,-32.787498,151.341995
NSO,Scone Airport,-32.037200927734375,150.83200073242188
DGE,Mudgee Airport,-32.5625,149.610992432
MTL,Maitland Airport,-32.701265,151.492912
CPX,Benjamin Rivera Noriega Airport,18.313289,-65.304324
MWA,Williamson County Regional Airport,37.75500107,-89.01110077
OCN,Oceanside Municipal Airport,33.217300415039,-117.35399627686
KIK,Kirkuk Air Base,35.46950149536133,44.348899841308594
XJD,Al Udeid Air Base,25.1173000336,51.3149986267
GBZ,Great Barrier Aerodrome,-36.24140167236328,175.4720001220703
IMT,Ford Airport,45.8184013367,-88.1145019531
AET,Allakaket Airport,66.5518035889,-152.621994019
MGC,Michigan City Municipal Airport,41.703300476100004,-86.8211975098
SWD,Seward Airport,60.12689971923828,-149.41900634765625
GRM,Grand Marais Cook County Airport,47.8382987976,-90.38289642330001
AUW,Wausau Downtown Airport,44.9262008667,-89.6266021729
MYP,Mary Airport,37.6194,61.896702
MVA,Reykjahlíð Airport,65.65579986572266,-16.918100357055664
QSA,Sabadell Airport,41.52090072631836,2.1050798892974854
WSY,Whitsunday Island Airport,-20.27611,148.755
MIE,Delaware County Johnson Field,40.2422981262207,-85.3958969116211
LAF,Purdue University Airport,40.41230010986328,-86.93689727783203
VGT,North Las Vegas Airport,36.21070098877,-115.19400024414
ENW,Kenosha Regional Airport,42.59569931,-87.92780304
MTJ,Montrose Regional Airport,38.509799957300004,-107.893997192
RIW,Riverton Regional Airport,43.064201355,-108.459999084
PDT,Eastern Oregon Regional At Pendleton Airport,45.695098877,-118.841003418
LYM,Lympne Airport,51.08,1.013
PKH,Porto Cheli Airport,37.297501,23.1478
KTR,Tindal Airport,-14.521100044250488,132.3780059814453
NOA,Nowra Airport,-34.94889831542969,150.53700256347656
UCK,Lutsk Airport,50.678404,25.487165
CEJ,Chernihiv Shestovitsa Airport,51.4021987915,31.1583003998
BQT,Brest Airport,52.108299,23.8981
OSH,Wittman Regional Airport,43.98440170288086,-88.55699920654297
AGE,Wangerooge Airport,53.782779693603516,7.913888931274414
BXG,Bendigo Airport,-36.7393989563,144.330001831
EAT,Pangborn Memorial Airport,47.3988990784,-120.207000732
ARE,Antonio Nery Juarbe Pol Airport,18.4500007629,-66.6753005981
RIN,Ringi Cove Airport,-8.12639045715332,157.14300537109375
KCK,Kirensk Airport,57.773,108.064
UKX,Ust-Kut Airport,56.8567008972168,105.7300033569336
RMT,Rimatara Airport,-22.63725,-152.8059
QLS,Lausanne-Blécherette Airport,46.54529953,6.61667013168
ZJI,Locarno Airport,46.160800933800004,8.87860965729
QNC,Neuchatel Airport,46.9575004578,6.86471986771
TGK,Taganrog Yuzhny Airport,47.1983333,38.8491667
GDZ,Gelendzhik Airport,44.5820926295,38.0124807358
ZIA,Zhukovsky International Airport,55.553299,38.150002
IAR,Tunoshna Airport,57.560699462890625,40.15739822387695
OHE,Gu-Lian Airport,52.912777777799995,122.43
JNG,Jining Qufu Airport,35.292778,116.346667
DRK,Drake Bay Airport,8.71889019012,-83.6417007446
AAT,Altay Air Base,47.7498855591,88.08580780030002
TZL,Tuzla International Airport,44.45869827270508,18.72480010986328
FWH,NAS Fort Worth JRB/Carswell Field,32.76919937,-97.4414978
NYT,Naypyidaw Airport,19.623501,96.200996
VBP,Bokpyinn Airport,11.1494,98.735901
NZH,Manzhouli Xijiao Airport,49.566667,117.33
WUA,Wuhai Airport,39.7934,106.7993
GYY,Gary Chicago International Airport,41.61629867553711,-87.41280364990234
BRD,Brainerd Lakes Regional Airport,46.39830017,-94.13809967
LWB,Greenbrier Valley Airport,37.8582992554,-80.3994979858
PGV,Pitt Greenville Airport,35.6352005,-77.38529968
CYF,Chefornak Airport,60.1492004395,-164.285995483
OXR,Oxnard Airport,34.200801849365,-119.20700073242
BKG,Branson Airport,36.532082,-93.200544
TEN,Tongren Fenghuang Airport,27.883333,109.308889
JGS,Jinggangshan Airport,26.856899261499997,114.736999512
NIU,Naiu Airport,-16.1191,-146.3683
SCH,Schenectady County Airport,42.852500915527,-73.928901672363
NBC,Begishevo Airport,55.564701080322266,52.092498779296875
QRW,Warri Airport,5.59611,5.81778
IAO,Siargao Airport,9.8591,126.014
LGO,Langeoog Airport,53.74250030517578,7.497777938842773
NLP,Nelspruit Airport,-25.5,30.9137992859
CKC,Cherkasy International Airport,49.41559982299805,31.99530029296875
UST,Northeast Florida Regional Airport,29.9592,-81.339798
NLV,Mykolaiv International Airport,47.057899475097656,31.9197998046875
RHP,Ramechhap Airport,27.393999099731445,86.0614013671875
STS,Charles M. Schulz Sonoma County Airport,38.50899887,-122.8130035
ISM,Kissimmee Gateway Airport,28.2898006439,-81.4371032715
LCQ,Lake City Gateway Airport,30.1819992065,-82.57689666750001
LGU,Logan-Cache Airport,41.7911987305,-111.851997375
BMC,Brigham City Regional Airport,41.552399,-112.061996
ASE,Aspen-Pitkin Co/Sardy Field,39.22320175,-106.8690033
ULV,Ulyanovsk Baratayevka Airport,54.26829910279999,48.226699829100006
ERV,Kerrville Municipal Louis Schreiner Field,29.9766998291,-99.08570098879999
GED,Sussex County Airport,38.68920135,-75.35890198
ZSW,Prince Rupert/Seal Cove Seaplane Base,54.33330154418945,-130.2830047607422
GBD,Great Bend Municipal Airport,38.3442993164,-98.8591995239
HYS,Hays Regional Airport,38.84220123,-99.27320099
SUS,Spirit of St Louis Airport,38.662101745605,-90.652000427246
LYU,Ely Municipal Airport,47.82450104,-91.83070374
GPZ,Grand Rapids Itasca Co-Gordon Newstrom field,47.21110153,-93.50980377
TVF,Thief River Falls Regional Airport,48.06570053,-96.18499756
EGV,Eagle River Union Airport,45.932300567599995,-89.26830291750001
ARV,Lakeland-Noble F. Lee Memorial field,45.92789841,-89.73090363
YBV,Berens River Airport,52.358898,-97.018303
AVX,Catalina Airport,33.4049,-118.416
MHV,Mojave Airport,35.05939865,-118.1520004
ZIN,Interlaken Air Base,46.6766014,7.8790798
INQ,Inisheer Aerodrome,53.064701080322266,-9.510899543762207
SWT,Strezhevoy Airport,60.709400177,77.66000366210001
HUT,Hutchinson Municipal Airport,38.0654983521,-97.86060333250002
OAI,Bagram Air Base,34.9460983276,69.26499938959999
AKH,Prince Sultan Air Base,24.062700271606445,47.580501556396484
STJ,Rosecrans Memorial Airport,39.771900177002,-94.909698486328
VOK,Volk Field,43.938999176025,-90.253402709961
GUC,Gunnison Crested Butte Regional Airport,38.53390121,-106.9329987
SIA,Xi'an Xiguan Airport,34.376701,109.120003
TOA,Zamperini Field,33.803398132324,-118.33999633789
MBL,Manistee Co Blacker Airport,44.2723999,-86.24690247
PGD,Charlotte County Airport,26.92020035,-81.9905014
WFK,Northern Aroostook Regional Airport,47.2854995728,-68.31279754639999
JHW,Chautauqua County-Jamestown Airport,42.15340042,-79.25800323
YTM,La Macaza / Mont-Tremblant International Inc Airport,46.409400939899996,-74.7799987793
SME,Lake Cumberland Regional Airport,37.053398132299996,-84.6158981323
SHD,Shenandoah Valley Regional Airport,38.2638015747,-78.8964004517
DVL,Devils Lake Regional Airport,48.11420059,-98.90879822
DIK,Dickinson Theodore Roosevelt Regional Airport,46.7974014282,-102.802001953
SDY,Sidney - Richland Regional Airport,47.706902,-104.193001
CDR,Chadron Municipal Airport,42.837600708,-103.095001221
AIA,Alliance Municipal Airport,42.0531997681,-102.804000854
MCK,Mc Cook Ben Nelson Regional Airport,40.20629883,-100.5920029
MTH,The Florida Keys Marathon Airport,24.726101,-81.051399
GDV,Dawson Community Airport,47.13869858,-104.8069992
OLF,L M Clayton Airport,48.094501495399996,-105.574996948
WYS,Yellowstone Airport,44.68840027,-111.1179962
ALS,San Luis Valley Regional Bergman Field,37.434898,-105.866997
CNY,Canyonlands Field,38.75500107,-109.7549973
ELY,Ely Airport Yelland Field,39.29970169,-114.8420029
VEL,Vernal Regional Airport,40.4408989,-109.5100021
RUI,Sierra Blanca Regional Airport,33.462799072266,-105.53500366211
SOW,Show Low Regional Airport,34.265499115,-110.005996704
MYL,McCall Municipal Airport,44.88970184,-116.1009979
SMN,Lemhi County Airport,45.1237983704,-113.880996704
MMH,Mammoth Yosemite Airport,37.62409973,-118.8379974
FRD,Friday Harbor Airport,48.5219993591,-123.024002075
ESD,Orcas Island Airport,48.7081985474,-122.910003662
AST,Astoria Regional Airport,46.158000946,-123.878997803
ONP,Newport Municipal Airport,44.580399,-124.057999
EMK,Emmonak Airport,62.78609848,-164.4909973
UNK,Unalakleet Airport,63.88840103,-160.798996
UUK,Ugnu-Kuparuk Airport,70.33080291750001,-149.598007202
SHX,Shageluk Airport,62.6922988892,-159.569000244
CHU,Chuathbaluk Airport,61.579102,-159.216003
NUI,Nuiqsut Airport,70.2099990845,-151.005996704
EEK,Eek Airport,60.21367264,-162.0438843
KUK,Kasigluk Airport,60.87440109,-162.5240021
KWT,Kwethluk Airport,60.790298461899994,-161.444000244
KWK,Kwigillingok Airport,59.876499,-163.169005
MLL,Marshall Don Hunter Sr Airport,61.8642997742,-162.026000977
RSH,Russian Mission Airport,61.7788848877,-161.319458008
KGK,Koliganek Airport,59.726600647,-157.259002686
KMO,Manokotak Airport,58.990200042699996,-159.050003052
CIK,Chalkyitsik Airport,66.6449966431,-143.740005493
EAA,Eagle Airport,64.77639771,-141.151001
HUS,Hughes Airport,66.04109955,-154.2630005
HSL,Huslia Airport,65.69789886,-156.3509979
NUL,Nulato Airport,64.729301,-158.074005
VEE,Venetie Airport,67.0086975098,-146.365997314
WBQ,Beaver Airport,66.362197876,-147.406997681
CEM,Central Airport,65.57379913,-144.7830048
SHG,Shungnak Airport,66.88809967041,-157.16200256348
IYK,Inyokern Airport,35.65879822,-117.8300018
VIS,Visalia Municipal Airport,36.3186988831,-119.392997742
MCE,Merced Regional Macready Field,37.28469849,-120.5139999
CYR,Laguna de Los Patos International Airport,-34.456401824951,-57.770599365234
CPQ,Amarais Airport,-22.85919952392578,-47.10820007324219
GYR,Phoenix Goodyear Airport,33.4225006104,-112.375999451
TWB,Toowoomba Airport,-27.542801,151.916
BBL,Ballera Airport,-27.405633,141.809458
AYK,Arkalyk North Airport,50.318599700927734,66.95279693603516
AGN,Angoon Seaplane Base,57.503601,-134.585007
ELV,Elfin Cove Seaplane Base,58.195201873799995,-136.347000122
FNR,Funter Bay Seaplane Base,58.2543983459,-134.897994995
HNH,Hoonah Airport,58.0961,-135.410111
MTM,Metlakatla Seaplane Base,55.131001,-131.578003
HYG,Hydaburg Seaplane Base,55.206298828125,-132.8280029296875
EGX,Egegik Airport,58.1855010986,-157.375
KPV,Perryville Airport,55.905998,-159.162993
PIP,Pilot Point Airport,57.5803985596,-157.572006226
WSN,South Naknek Nr 2 Airport,58.7033996582,-157.007995605
AKK,Akhiok Airport,56.9387016296,-154.182998657
KYK,Karluk Airport,57.5671005249,-154.449996948
KLN,Larsen Bay Airport,57.5350990295,-153.977996826
ABL,Ambler Airport,67.1063,-157.856989
BKC,Buckland Airport,65.9815979004,-161.149002075
IAN,Bob Baker Memorial Airport,66.9759979248,-160.43699646
OBU,Kobuk Airport,66.9123001099,-156.897003174
ORV,Robert (Bob) Curtis Memorial Airport,66.81790161,-161.0189972
WLK,Selawik Airport,66.60009766,-159.9859924
KTS,Brevig Mission Airport,65.3312988281,-166.466003418
ELI,Elim Airport,64.61470032,-162.2720032
GLV,Golovin Airport,64.5504989624,-163.007003784
TLA,Teller Airport,65.2404022217,-166.339004517
WAA,Wales Airport,65.622593,-168.095
WMO,White Mountain Airport,64.689201355,-163.412994385
KKA,Koyuk Alfred Adams Airport,64.9394989014,-161.154006958
SMK,St Michael Airport,63.49010086,-162.1100006
SKK,Shaktoolik Airport,64.37110138,-161.223999
TNC,Tin City Long Range Radar Station Airport,65.56310272,-167.9219971
AKB,Atka Airport,52.22029877,-174.2059937
IKO,Nikolski Air Station,52.94160079956055,-168.8489990234375
CYT,Yakataga Airport,60.080974,-142.494541
AUK,Alakanuk Airport,62.680042266799994,-164.659927368
KPN,Kipnuk Airport,59.932998657199995,-164.031005859
KFP,False Pass Airport,54.8474006652832,-163.41000366210938
NLG,Nelson Lagoon Airport,56.007499694824,-161.16000366211
PML,Port Moller Airport,56.0060005188,-160.561004639
KLW,Klawock Airport,55.579200744599994,-133.076004028
KWN,Quinhagak Airport,59.7551,-161.845
KOT,Kotlik Airport,63.0306015015,-163.533004761
KYU,Koyukuk Airport,64.8760986328,-157.727005005
SCM,Scammon Bay Airport,61.845298767100005,-165.570999146
NNL,Nondalton Airport,59.980201721191,-154.8390045166
KKH,Kongiganak Airport,59.960800170899994,-162.880996704
NIB,Nikolai Airport,63.0186,-154.358002
AKI,Akiak Airport,60.9029006958,-161.231002808
AIN,Wainwright Airport,70.6380004883,-159.994995117
APZ,Zapala Airport,-38.975498,-70.113602
RDS,Rincon De Los Sauces Airport,-37.3905982971,-68.9041976929
PNT,Tte. Julio Gallardo Airport,-51.67150115966797,-72.52839660644531
SGV,Sierra Grande Airport,-41.5917015076,-65.33940124509999
IGB,Cabo F.A.A. H. R. Bordón Airport,-41.320899963399995,-69.5748977661
NCN,Chenega Bay Airport,60.0773010254,-147.992004395
TKJ,Tok Junction Airport,63.32949829,-142.9539948
IRC,Circle City /New/ Airport,65.830498,-144.076008
SLQ,Sleetmute Airport,61.7005004883,-157.166000366
LMA,Minchumina Airport,63.886002,-152.302002
MLY,Manley Hot Springs Airport,64.99759674069999,-150.643997192
YNP,Natuashish Airport,55.913898,-61.184399
YSO,Postville Airport,54.9105,-59.78507
YWB,Kangiqsujuaq (Wakeham Bay) Airport,61.5886001587,-71.929397583
YTF,Alma Airport,48.50889968869999,-71.64189910889999
YGV,Havre St Pierre Airport,50.281898498535156,-63.61140060424805
YXK,Rimouski Airport,48.47809982299805,-68.49690246582031
XTL,Tadoule Lake Airport,58.7061,-98.512199
XLB,Lac Brochet Airport,58.6175003052,-101.46900177
XSI,South Indian Lake Airport,56.7928009033,-98.9072036743
YBT,Brochet Airport,57.8894,-101.679001
ZGR,Little Grand Rapids Airport,52.04560089111328,-95.4657974243164
YCR,Cross Lake (Charlie Sinclair Memorial) Airport,54.610599517822266,-97.76080322265625
YRS,Red Sucker Lake Airport,54.167198181152344,-93.55719757080078
YOP,Rainbow Lake Airport,58.49140167236328,-119.40799713134766
YBY,Bonnyville Airport,54.304199,-110.744003
ZNA,Nanaimo Harbour Water Airport,49.1833000183,-123.949996948
YGG,Ganges Seaplane Base,48.8545,-123.4969
YDT,Boundary Bay Airport,49.0742,-123.012001
YLY,Langley Airport,49.10079956049999,-122.630996704
YFJ,Wekweètì Airport,64.190804,-114.077002
RNI,Corn Island,12.1628999710083,-83.06379699707031
BZA,San Pedro Airport,13.949999809265137,-84.5999984741211
RFS,Rosita Airport,13.889699935913086,-84.40889739990234
SIU,Siuna,13.727222442626953,-84.77777862548828
WSP,Waspam Airport,14.7391996383667,-83.96939849853516
NCR,San Carlos,11.133399963378906,-84.7699966430664
PLD,Playa Samara/Carrillo Airport,9.8705101013184,-85.481399536133
COZ,Constanza - Expedición 14 de Junio National Airport,18.907499313354,-70.721900939941
NEG,Negril Airport,18.34280014038086,-78.33209991455078
NRR,José Aponte de la Torre Airport,18.245300293,-65.6434020996
SPB,Charlotte Amalie Harbor Seaplane Base,18.338600158691406,-64.9406967163086
ARR,D. Casimiro Szlapelis Airport,-45.013599,-70.812202
JSM,Jose De San Martin Airport,-44.048599243199995,-70.4589004517
UYU,Uyuni Airport,-20.446300506599997,-66.8483963013
RBQ,Rurenabaque Airport,-14.427900314299999,-67.4968032837
ABF,Abaiang Airport,1.798609972000122,173.04100036621094
ABN,Albina Airport,5.512720108032227,-54.05009841918945
DRJ,Drietabbetje Airport,4.111359,-54.672766
MOJ,Moengo Airstrip,5.6076,-54.4003
ICK,Nieuw Nickerie Airport,5.955560207366943,-57.039398193359375
OEM,Vincent Fayks Airport,3.3452799320220947,-55.442501068115234
SMZ,Stoelmanseiland Airport,4.349999904632568,-54.41666793823242
TOT,Totness Airport,5.865829944610596,-56.32749938964844
AGI,Wageningen Airstrip,5.841128,-56.673328
ORJ,Orinduik Airport,4.725269794464111,-60.03499984741211
NAI,Annai Airport,3.959439992904663,-59.12419891357422
IMB,Imbaimadai Airport,5.7081098556518555,-60.2942008972168
KAR,Kamarang Airport,5.865340232849121,-60.614200592041016
USI,Mabaruma Airport,8.199999809265137,-59.78329849243164
MHA,Mahdia Airport,5.277490139007568,-59.151100158691406
PJC,Dr Augusto Roberto Fuster International Airport,-22.639999389648438,-55.83000183105469
ACD,Alcides Fernández Airport,8.51667,-77.3
RVE,Los Colonizadores Airport,6.951868,-71.857179
BQJ,Batagay Airport,67.648002624512,134.69500732422
VGZ,Villa Garzón Airport,0.978767,-76.6056
EBG,El Bagre Airport,7.59647,-74.8089
CAQ,Juan H White Airport,7.96847,-75.1985
COG,Mandinga Airport,5.08333,-76.7
TLU,Golfo de Morrosquillo Airport,9.50945,-75.5854
CFB,Cabo Frio Airport,-22.921699523900003,-42.074298858599995
OPS,Presidente João Batista Figueiredo Airport,-11.885000228881836,-55.58610916137695
GRP,Gurupi Airport,-11.73960018157959,-49.132198333740234
CMP,Santana do Araguaia Airport,-9.31997013092041,-50.32849884033203
BVS,Breves Airport,-1.6365300416946411,-50.443599700927734
SFK,Soure Airport,-0.6994310021400452,-48.520999908447266
PIN,Parintins Airport,-2.6730198860168457,-56.777198791503906
BRA,Barreiras Airport,-12.078900337219238,-45.00899887084961
STZ,Santa Terezinha Airport,-10.4647216796875,-50.518611907958984
MQH,Minaçu Airport,-13.5491,-48.195301
AUX,Araguaína Airport,-7.22787,-48.240501
NVP,Novo Aripuanã Airport,-5.118030071258545,-60.364898681640625
FRC,Tenente Lund Pressoto Airport,-20.592199,-47.3829
DOU,Dourados Airport,-22.2019,-54.926601
LBR,Lábrea Airport,-7.278969764709473,-64.76950073242188
ROO,Maestro Marinho Franco Airport,-16.586,-54.7248
GPB,Tancredo Thomas de Faria Airport,-25.3875007629,-51.520198822
JCB,Santa Terezinha Airport,-27.1714000702,-51.5532989502
RVD,General Leite de Castro Airport,-17.8347225189209,-50.956111907958984
AAX,Romeu Zema Airport,-19.563199996948,-46.960399627686
MBZ,Maués Airport,-3.37217,-57.7248
RBB,Borba Airport,-4.4063401222229,-59.60240173339844
CIZ,Coari Airport,-4.134059906005859,-63.132598876953125
BAZ,Barcelos Airport,-0.981292,-62.919601
DMT,Diamantino Airport,-14.376899719238281,-56.40039825439453
GNM,Guanambi Airport,-14.208200454711914,-42.74610137939453
QDJ,Tsletsi Airport,34.6657,3.351
NZA,Nzagi Airport,-7.716939926149999,21.358200073200003
LBZ,Lucapa Airport,-8.445727348330001,20.7320861816
KNP,Capanda Airport,-9.76937007904,15.4553194046
AMC,Am Timan Airport,11.0340003967,20.274000167799997
GSQ,Shark El Oweinat International Airport,22.5856990814209,28.71660041809082
MRB,Eastern WV Regional Airport/Shepherd Field,39.40190125,-77.98459625
AWA,Awassa Airport,7.066999912261963,38.5
JIJ,Wilwal International Airport,9.3325,42.9121
MKS,Mekane Selam Airport,10.7254,38.7415
DBM,Debra Marcos Airport,10.350000381469727,37.71699905395508
DBT,Debre Tabor Airport,11.967000007629395,38.0
QHR,Harar Meda Airport,8.7163,39.0059
GOB,Robe Airport,7.1160634,40.0463033
MYB,Mayumba Airport,-3.4584197998046875,10.674076080322266
MRE,Mara Serena Lodge Airstrip,-1.406111,35.008057
JJM,Mulika Lodge Airport,0.165083006024,38.1951408386
RBX,Rumbek Airport,6.8249998092699995,29.6690006256
CPA,Cape Palmas Airport,4.3790202140808105,-7.6969499588012695
IHC,Inhaca Airport,-25.9971446991,32.929351806599996
MAX,Ouro Sogui Airport,15.593600273132324,-13.322799682617188
BDI,Bird Island Airport,-3.72472,55.205299
WHF,Wadi Halfa Airport,21.802698135375977,31.521577835083008
NBE,Enfidha - Hammamet International Airport,36.075833,10.438611
HTY,Hatay Airport,36.36277771,36.282222747800006
RVV,Raivavae Airport,-23.885200500499998,-147.662002563
FUO,Foshan Shadi Airport,23.083299636799996,113.069999695
HUZ,Huizhou Airport,23.0499992371,114.599998474
ILD,Lleida-Alguaire Airport,41.728185,0.535023
BIU,Bildudalur Airport,65.64129638671875,-23.546199798583984
GJR,Gjögur Airport,65.99530029296875,-21.326900482177734
SAK,Sauðárkrókur Airport,65.73169708249999,-19.572799682599996
IIA,Inishmaan Aerodrome,53.09299850463867,-9.568059921264648
ULG,Ulgii Mongolei Airport,48.9933013916,89.9225006104
KQT,Qurghonteppa International Airport,37.86640167236328,68.86470031738281
VGD,Vologda Airport,59.282501220703125,39.944400787353516
ONK,Olenyok Airport,68.514999,112.480003
SYS,Saskylakh Airport,71.92790222168,114.08000183105
LDG,Leshukonskoye Airport,64.8960037231,45.7229995728
HSK,Huesca/Pirineos Airport,42.0760993958,-0.316666990519
CQM,Ciudad Real Central Airport,38.8563888889,-3.97
NJF,Al Najaf International Airport,31.989853,44.404317
CSA,Colonsay Airstrip,56.0574989319,-6.243060112
RKH,Rock Hill - York County Airport,34.9878006,-81.05719757
AGC,Allegheny County Airport,40.354400634765625,-79.9301986694336
VQQ,Cecil Airport,30.2187004089,-81.876701355
FTY,Fulton County Airport Brown Field,33.7790985107,-84.5214004517
TII,Tarin Kowt Airport,32.604198455799995,65.8657989502
ZAJ,Zaranj Airport,30.972222,61.865833
CCN,Chakcharan Airport,34.53300094604492,65.26699829101562
FUG,Fuyang Xiguan Airport,32.882157,115.734364
LCX,Longyan Guanzhishan Airport,25.6746997833,116.747001648
BSD,Baoshan Yunduan Airport,25.053301,99.168297
ACX,Xingyi Airport,25.0863888889,104.959444444
HZH,Liping Airport,26.32217,109.1499
OSU,The Ohio State University Airport - Don Scott Field,40.0798,-83.072998
ADS,Addison Airport,32.9686012268,-96.8364028931
DSI,Destin Executive Airport,30.40010071,-86.47149658
KHE,Kherson International Airport,46.6758,32.506401
SZS,Ryan's Creek Aerodrome,-46.8997,168.100998
HJJ,Zhijiang Airport,27.4411111111,109.7
YQI,Yarmouth Airport,43.826900482177734,-66.08809661865234
ISO,Kinston Regional Jetport At Stallings Field,35.331401825,-77.60880279540001
FFA,First Flight Airport,36.0181999207,-75.67130279540001
LNJ,Lintsang Airfield,23.738100051900002,100.025001526
CKS,Carajás Airport,-6.11527776718,-50.0013885498
MWK,Tarempa Airport,3.3481199741363525,106.25800323486328
PGU,Persian Gulf International Airport,27.379601,52.737701
YES,Yasouj Airport,30.700500488281,51.545101165771
OSM,Mosul International Airport,36.305801,43.1474
TJH,Tajima Airport,35.51279830932617,134.78700256347656
AXJ,Amakusa Airport,32.482498,130.158997
KKX,Kikai Airport,28.321300506599997,129.927993774
AGJ,Aguni Airport,26.5925006866,127.240997314
ULZ,Donoi Airport,47.7093,96.5258
UGA,Bulgan Airport,48.85499954223633,103.47599792480469
ULO,Ulaangom Airport,50.066588,91.938273
LBX,Lubang Airport,13.855400085449219,120.1050033569336
TJU,Kulob Airport,37.98809814453125,69.80500030517578
CMJ,Chi Mei Airport,23.2131004333,119.417999268
TAZ,Daşoguz Airport,41.761101,59.826698
BWB,Barrow Island Airport,-20.86440086364746,115.40599822998047
DRB,Derby Airport,-17.3700008392334,123.66100311279297
WGE,Walgett Airport,-30.032800674438477,148.12600708007812
BRT,Bathurst Island Airport,-11.769200325012207,130.6199951171875
DKI,Dunk Island Airport,-17.9416999817,146.13999939
LZR,Lizard Island Airport,-14.673273,145.454571
HLT,Hamilton Airport,-37.64889907836914,142.06500244140625
HCQ,Halls Creek Airport,-18.23390007019043,127.66999816894531
FIZ,Fitzroy Crossing Airport,-18.181900024414062,125.55899810791016
RVT,Ravensthorpe Airport,-33.7971992493,120.208000183
PVU,Provo Municipal Airport,40.219200134277,-111.72299957275
SBS,Steamboat Springs Bob Adams Field,40.5163002,-106.8659973
DTA,Delta Municipal Airport,39.3805999756,-112.508003235
PUC,Carbon County Regional/Buck Davis Field,39.61389923,-110.7509995
LAM,Los Alamos Airport,35.8797988892,-106.268997192
HII,Lake Havasu City Airport,34.571098,-114.358002
INW,Winslow Lindbergh Regional Airport,35.021900177,-110.722999573
DGL,Douglas Municipal Airport,31.3425998688,-109.505996704
MZK,Marakei Airport,2.058609962463379,173.27099609375
AEA,Abemama Atoll Airport,0.49083301424980164,173.82899475097656
AAK,Buariki Airport,0.1852779984474182,173.63699340820312
KUC,Kuria Airport,0.2186110019683838,173.44200134277344
AIS,Arorae Island Airport,-2.61611008644104,176.80299377441406
TMN,Tamana Island Airport,-2.485830068588257,175.97000122070312
BEZ,Beru Airport,-1.3547199964523315,176.0070037841797
NIG,Nikunau Airport,-1.31444001198,176.410003662
BBG,Butaritari Atoll Airport,3.08583,172.811005
MTK,Makin Island Airport,3.3744399547576904,172.99200439453125
MNK,Maiana Airport,1.0036100149154663,173.031005859375
NON,Nonouti Airport,-0.6397219896316528,174.42799377441406
TSU,Tabiteuea South Airport,-1.4744399785995483,175.06399536132812
WTZ,Whitianga Airport,-36.83169937133789,175.6790008544922
KTF,Takaka Airport,-40.81330108642578,172.77499389648438
AFT,Afutara Aerodrome,-9.19138888889,160.948611111
RNA,Ulawa Airport,-9.86054358262,161.979546547
CHY,Choiseul Bay Airport,-6.711944,156.396111
NNB,Santa Ana Airport,-10.847994,162.454108
XYA,Yandina Airport,-9.092816,159.21841
BPF,Batuna Aerodrome,-8.56202777778,158.119305556
BOW,Bartow Municipal Airport,27.943399429299998,-81.78340148930002
FTI,Fitiuta Airport,-14.2172,-169.425003
LVK,Livermore Municipal Airport,37.6934013367,-121.819999695
RMY,Mariposa Yosemite Airport,37.5108985901,-120.040000916
GFY,Grootfontein Airport,-19.60219955444336,18.122699737548828
NDU,Rundu Airport,-17.956499099731,19.719400405884
TRM,Jacqueline Cochran Regional Airport,33.62670135498,-116.16000366211
SMO,Santa Monica Municipal Airport,34.015800476100004,-118.450996399
UDD,Bermuda Dunes Airport,33.748401641846,-116.27500152588
SCF,Scottsdale Airport,33.622898101807,-111.91100311279
OLM,Olympia Regional Airport,46.9693985,-122.9029999
RIL,Garfield County Regional Airport,39.526299,-107.726997
SAA,Shively Field,41.444901,-106.823997
PDK,DeKalb Peachtree Airport,33.8755989075,-84.3020019531
BMG,Monroe County Airport,39.145999908447266,-86.61669921875
SUA,Witham Field,27.18169975,-80.22109985
MMU,Morristown Municipal Airport,40.799400329589844,-74.41490173339844
APC,Napa County Airport,38.2132,-122.280998
SDM,Brown Field Municipal Airport,32.572299957275,-116.98000335693
VNC,Venice Municipal Airport,27.071599960327,-82.440299987793
PHK,Palm Beach County Glades Airport,26.78499985,-80.69339752
ECP,Northwest Florida Beaches International Airport,30.357106,-85.795414
SBD,San Bernardino International Airport,34.0954017639,-117.23500061
VAL,Valença Airport,-13.2965,-38.992401
CAU,Caruaru Airport,-8.282389640808105,-36.01350021362305
AWK,Wake Island Airfield,19.282100677490234,166.63600158691406
QNV,Aeroclube Airport,-22.74530029296875,-43.46030044555664
SQL,San Carlos Airport,37.511901855469,-122.25
RWI,Rocky Mount Wilson Regional Airport,35.856300354003906,-77.89189910888672
SXQ,Soldotna Airport,60.47570037841797,-151.03399658203125
SEE,Gillespie Field,32.826198577881,-116.97200012207
PHA,Phan Rang Airport,11.6335000992,108.952003479
SQH,Na-San Airport,21.216999053955078,104.03299713134766
TKF,Truckee Tahoe Airport,39.319999694799996,-120.13999939
FRJ,Fréjus Airport,43.4175,6.7357
GEX,Geelong Airport,-38.224998474121094,144.33299255371094
LVM,Mission Field,45.6994018555,-110.447998047
GMV,Monument Valley Airport,37.016700744599994,-110.200996399
JRA,West 30th St. Heliport,40.754501,-74.007103
LAL,Lakeland Linder International Airport,27.988899,-82.018602
SYH,Syangboche Airport,27.8112,86.7124
RBK,French Valley Airport,33.5741996765,-117.127998352
FNU,Oristano-Fenosu Airport,39.895308,8.642661
MYQ,Mysore Airport,12.23,76.655833
MGY,Dayton-Wright Brothers Airport,39.5890007019,-84.224899292
FDY,Findlay Airport,41.013500213600004,-83.66870117190001
PEA,Penneshaw Airport,-35.7558462874,137.962875366
EMP,Emporia Municipal Airport,38.3320999146,-96.19120025630001
HYC,Wycombe Air Park,51.6116981506,-0.8083329796790001
BBP,Bembridge Airport,50.6781005859,-1.10943996906
SPF,Black Hills Airport-Clyde Ice Field,44.48030090332,-103.78299713135
QYD,Oksywie Military Air Base,54.57970047,18.51720047
OLV,Olive Branch Airport,34.9786987305,-89.78690338130001
KNA,Viña del mar Airport,-32.9496,-71.4786
ONQ,Zonguldak Airport,41.506401062,32.0886001587
BJC,Rocky Mountain Metropolitan Airport,39.90879822,-105.1169968
SLE,Salem Municipal Airport/McNary Field,44.90950012,-123.0029984
UTM,Tunica Municipal Airport,34.680999755859,-90.346702575684
ZKB,Kasaba Bay Airport,-8.524999618530273,30.663000106811523
LND,Hunt Field,42.8152008057,-108.730003357
MWC,Lawrence J Timmerman Airport,43.110401,-88.034401
JVL,Southern Wisconsin Regional Airport,42.620300293,-89.0416030884
LZU,Gwinnett County Briscoe Field,33.97809982,-83.96240234
BWG,Bowling Green Warren County Regional Airport,36.964500427199994,-86.41970062259999
RVS,Richard Lloyd Jones Jr Airport,36.039600372314,-95.984596252441
NHD,Al Minhad Air Base,25.0268001556,55.3661994934
KGO,Kirovograd Airport,48.54280090332031,32.28499984741211
DBB,El Alamein International Airport,30.92449951171875,28.46139907836914
BCE,Bryce Canyon Airport,37.706401825,-112.144996643
CKL,Chkalovskiy Air Base,55.8783,38.061699
TCZ,Tengchong Tuofeng Airport,24.9380555556,98.48583333330001
UKS,Belbek Airport,44.688999176,33.570999145500004
OAZ,Camp Bastion Airport,31.863800048799998,64.2246017456
JCI,New Century Aircenter Airport,38.8308982849,-94.890296936
ESN,Easton Newnam Field,38.8041992188,-76.06900024410001
HMR,Stafsberg Airport,60.81809997558594,11.067999839782715
MYV,Yuba County Airport,39.09780121,-121.5699997
DUC,Halliburton Field,34.47090149,-97.9598999
UVA,Garner Field,29.2112998962,-99.743598938
LOT,Lewis University Airport,41.6072998,-88.09619904
CCR,Buchanan Field,37.9897003174,-122.056999207
OCA,Ocean Reef Club Airport,25.325399398804,-80.274803161621
YUS,Yushu Batang Airport,32.836388888900004,97.0363888889
HIA,Lianshui Airport,33.7908333333,119.125
YOO,Toronto/Oshawa Executive Airport,43.922798,-78.894997
LHA,Lahr Airport,48.3693008423,7.82772016525
NYW,Monywar Airport,22.221638,95.093479
ATO,Ohio University Snyder Field,39.2109985352,-82.23139953610001
SGH,Springfield-Beckley Municipal Airport,39.840301513672,-83.840202331543
HEX,Herrera Airport,18.4696998596,-69.9693984985
CDA,Cooinda Airport,-12.903300285339355,132.53199768066406
JAB,Jabiru Airport,-12.658300399780273,132.89300537109375
HGS,Hastings Airport,8.397130012512207,-13.12909984588623
TOP,Philip Billard Municipal Airport,39.068698883057,-95.622497558594
MQY,Smyrna Airport,36.0089988708,-86.5201034546
UOS,Franklin County Airport,35.205101013184,-85.898101806641
NGQ,Ngari Gunsa Airport,32.1,80.0530555556
CSO,Cochstedt Airport,51.8563995361,11.42029953
PWK,Chicago Executive Airport,42.114222,-87.901494
KLS,Southwest Washington Regional Airport,46.11800003049999,-122.898002625
ZTA,Tureia Airport,-20.78969955444336,-138.57000732421875
PUE,Puerto Obaldia Airport,8.667,-77.418
KHC,Kerch Airport,45.372501373291016,36.40140151977539
UKA,Ukunda Airstrip,-4.29333,39.571098
ILN,Wilmington Airpark,39.427898407,-83.792098999
AVW,Marana Regional Airport,32.4095993042,-111.218002319
CGZ,Casa Grande Municipal Airport,32.954899,-111.766998
BXK,Buckeye Municipal Airport,33.42039871,-112.685997
MMI,McMinn County Airport,35.39730072,-84.56259918
STK,Sterling Municipal Airport,40.61529922,-103.2649994
RWL,Rawlins Municipal Airport/Harvey Field,41.80559921,-107.1999969
CDW,Essex County Airport,40.875198364300005,-74.2814025879
AIZ,Lee C Fine Memorial Airport,38.0960006714,-92.54949951170002
TVI,Thomasville Regional Airport,30.901599884033,-83.881301879883
HSH,Henderson Executive Airport,35.9728012085,-115.134002686
GML,Gostomel Airport,50.60350036621094,30.1919002532959
TMA,Henry Tift Myers Airport,31.4290008545,-83.4885025024
RDO,Radom Airport,51.3891983032,21.213300705
DVT,Phoenix Deer Valley Airport,33.6883010864,-112.083000183
YRV,Revelstoke Airport,50.9667015076,-118.182998657
FRG,Republic Airport,40.7288017273,-73.4133987427
ZHY,Zhongwei Shapotou Airport,37.573125,105.154454
MCL,McKinley National Park Airport,63.7326011658,-148.910995483
PPC,Prospect Creek Airport,66.814102172852,-150.64399719238
KHW,Khwai River Lodge Airport,-19.149999618530273,23.783000946044922
TXG,Taichung Airport,24.18630027770996,120.65399932861328
HLG,Wheeling Ohio County Airport,40.1749992371,-80.6463012695
XYE,Ye Airport,15.300000190734863,97.86699676513672
DWC,Al Maktoum International Airport,24.896356,55.161389
RKP,Aransas County Airport,28.0867996216,-97.0446014404
MVV,Megève Airport,45.82080078125,6.652219772338867
MFX,Méribel Altiport,45.407003,6.577942
AEB,Baise Youjiang Airport,23.7206001282,106.959999084
OKF,Okaukuejo Airport,-19.149200439453125,15.91189956665039
OKU,Mokuti Lodge Airport,-18.81279945373535,17.05940055847168
KOQ,Köthen Airport,51.7211112976,11.952777862500001
PSH,St. Peter-Ording Airport,54.30888748168945,8.686944007873535
TTD,Portland Troutdale Airport,45.54940032959,-122.40100097656
HIO,Portland Hillsboro Airport,45.540401,-122.949997
KHT,Khost Airport,33.3334007263,69.952003479
NMT,Namtu Airport,23.083,97.383003
BNO,Burns Municipal Airport,43.5918998718,-118.955001831
PRZ,Prineville Airport,44.286998748779,-120.90399932861
RBL,Red Bluff Municipal Airport,40.1506996155,-122.251998901
NOT,Marin County Airport - Gnoss Field,38.143600463867,-122.55599975586
LKV,Lake County Airport,42.161098480199996,-120.399002075
OTK,Tillamook Airport,45.4182014465,-123.814002991
ONO,Ontario Municipal Airport,44.020500183105,-117.01399993896
DLS,Columbia Gorge Regional the Dalles Municipal Airport,45.6184997559,-121.166999817
GAI,Montgomery County Airpark,39.168300628699996,-77.1660003662
OAS,Sharana Airstrip,33.12575,68.838517
YTA,Pembroke Airport,45.86439895629883,-77.25170135498047
TSB,Tsumeb Airport,-19.26189994812,17.732500076294
YSD,Suffield Heliport,50.266700744628906,-111.18299865722656
BNU,Blumenau Airport,-26.83060073852539,-49.090301513671875
YCC,Cornwall Regional Airport,45.09280014038086,-74.56330108642578
IZA,Zona da Mata Regional Airport,-21.5130558014,-43.1730575562
MVL,Morrisville Stowe State Airport,44.53459930419999,-72.6139984131
RBD,Dallas Executive Airport,32.6809005737,-96.8682022095
BXY,Krainiy Airport,45.621994,63.210773
WST,Westerly State Airport,41.3496017456,-71.8033981323
BID,Block Island State Airport,41.1680984497,-71.577796936
NME,Nightmute Airport,60.471000671387,-164.70100402832
OOK,Toksook Bay Airport,60.54140091,-165.0870056
OBY,Ittoqqortoormiit Heliport,70.4882288244,-21.971679925900002
VIN,Vinnytsia/Gavyryshivka Airport,49.242531,28.613778
BGE,Decatur County Industrial Air Park,30.9715004,-84.63739777
ZGS,La Romaine Airport,50.259701,-60.679401
ZKG,Kegaska Airport,50.1958007812,-61.265800476100004
YBI,Black Tickle Airport,53.4693984985,-55.784999847399995
WHP,Whiteman Airport,34.2593002319,-118.413002014
MAE,Madera Municipal Airport,36.9886016846,-120.111999512
YZZ,Trail Airport,49.0555992126,-117.60900116
YAB,Old Arctic Bay Airport,73.0058922479,-85.0325489044
GSI,Grand-Santi Airport,4.285833,-54.373056
MPY,Maripasoula Airport,3.6575,-54.037201
LDX,Saint-Laurent-du-Maroni Airport,5.48306,-54.034401
KJI,Kanas Airport,48.2223,86.9959
CPB,Capurganá Airport,8.63333,-77.35
HMB,Sohag International Airport,26.342778,31.742778
RVY,Presidente General Don Oscar D. Gestido International Airport,-30.974599838256836,-55.476200103759766
POJ,Patos de Minas Airport,-18.672800064086914,-46.4911994934082
JTC,Bauru - Arealva Airport,-22.166859140899998,-49.0502866745
OIA,Ourilândia do Norte Airport,-6.763100147250001,-51.0499000549
RDC,Redenção Airport,-8.033289909362793,-49.97990036010742
SXX,São Félix do Xingu Airport,-6.6413,-51.9523
BYO,Bonito Airport,-21.247299,-56.452499
SXO,São Félix do Araguaia Airport,-11.632399559020996,-50.68960189819336
CFC,Caçador Airport,-26.78840065,-50.9398002625
CAF,Carauari Airport,-4.871520042419434,-66.89749908447266
ERN,Eirunepé Airport,-6.639530181884766,-69.87979888916016
CCI,Concórdia Airport,-27.180599212646484,-52.05270004272461
FBE,Francisco Beltrão Airport,-26.059200286865234,-53.063499450683594
CFO,Confresa Airport,-10.634400367736816,-51.5635986328125
AAF,Apalachicola Regional Airport,29.72750092,-85.02749634
UMU,Umuarama Airport,-23.7987003326416,-53.31380081176758
DTI,Diamantina Airport,-18.232000351,-43.650398254399995
FBA,Fonte Boa Airport,-2.5326099395800004,-66.0831985474
OLC,Senadora Eunice Micheles Airport,-3.46792950765,-68.9204120636
HUW,Humaitá Airport,-7.532120227810001,-63.072101593
IRZ,Tapuruquara Airport,-0.3786,-64.9923
ORX,Oriximiná Airport,-1.7140799760818481,-55.83620071411133
UNA,Hotel Transamérica Airport,-15.355199813799999,-38.9990005493
TEF,Telfer Airport,-21.71500015258789,122.22899627685547
GZP,Gazipaşa Airport,36.299217,32.300598
OAA,Shank Air Base,33.9225,69.07722222219999
FPR,St Lucie County International Airport,27.49510002,-80.36830139
PYM,Plymouth Municipal Airport,41.909,-70.728798
NCO,Quonset State Airport,41.597099304199,-71.412101745605
OWD,Norwood Memorial Airport,42.1904983521,-71.1728973389
BAF,Westfield-Barnes Regional Airport,42.157799,-72.715599
MGJ,Orange County Airport,41.50999832,-74.26460266
HAR,Capital City Airport,40.2170982361,-76.85150146480001
DXR,Danbury Municipal Airport,41.371498107899995,-73.48220062259999
ASH,Boire Field,42.7817001343,-71.51480102539999
LWM,Lawrence Municipal Airport,42.717201232899995,-71.1233978271
OXC,Waterbury Oxford Airport,41.47859954834,-73.135200500488
RMG,Richard B Russell Airport,34.3506011963,-85.15799713130001
GAD,Northeast Alabama Regional Airport,33.972599,-86.088996
WDR,Barrow County Airport,33.98289871,-83.66739655
DNN,Dalton Municipal Airport,34.72290039,-84.87020111
LGC,LaGrange Callaway Airport,33.0089,-85.072601
PIM,Harris County Airport,32.8406982422,-84.8824005127
GVL,Lee Gilmer Memorial Airport,34.27259827,-83.8302002
PHD,Harry Clever Field,40.470901489258,-81.419700622559
HHH,Hilton Head Airport,32.2243995667,-80.6975021362
DNL,Daniel Field,33.4664993286,-82.0393981934
MRN,Foothills Regional Airport,35.820202,-81.611397
PVL,Pike County-Hatcher Field,37.5617981,-82.56639862
TOC,Toccoa Airport - R.G. Letourneau Field,34.59379959,-83.29579926
PLV,Suprunovka Airport,49.568599700927734,34.39720153808594
WUU,Wau Airport,7.7258300781199996,27.9750003815
HUE,Humera Airport,14.25,36.58300018310547
OYL,Moyale Airport,3.46972,39.101398
OZG,Zagora Airport,30.3202991486,-5.86667013168
WYE,Yengema Airport,8.610469818115234,-11.04539966583252
GBK,Gbangbatok Airport,7.767000198364258,-12.383000373840332
THX,Turukhansk Airport,65.797203064,87.9353027344
TGP,Podkamennaya Tunguska Airport,61.589699,89.994003
AFW,Fort Worth Alliance Airport,32.9875984192,-97.31880187990001
RMK,Renmark Airport,-34.1963996887207,140.6739959716797
LGH,Leigh Creek Airport,-30.59830093383789,138.42599487304688
RTS,Rottnest Island Airport,-32.006699,115.540001
FOS,Forrest Airport,-30.83810043334961,128.11500549316406
KEW,Keewaywin Airport,52.991100311299995,-92.8364028931
YSP,Marathon Airport,48.75529861450195,-86.34439849853516
YHF,Hearst René Fontaine Municipal Airport,49.71419906616211,-83.68609619140625
YHN,Hornepayne Municipal Airport,49.19309997558594,-84.75890350341797
YKX,Kirkland Lake Airport,48.21030044555664,-79.98139953613281
YMG,Manitouwadge Airport,49.083900451660156,-85.86060333251953
YXZ,Wawa Airport,47.96670150756836,-84.78669738769531
YEM,Manitoulin East Municipal Airport,45.84280014038086,-81.85810089111328
LWC,Lawrence Municipal Airport,39.01119995,-95.21659851
PPM,Pompano Beach Airpark,26.247100830078,-80.111099243164
XMC,Mallacoota Airport,-37.59830093383789,149.72000122070312
ULH,Majeed Bin Abdulaziz Airport,26.48,38.1288888889
YUE,Yuendumu Airport,-22.254199981689453,131.78199768066406
LOP,Lombok International Airport,-8.757322,116.276675
ZMH,South Cariboo Region / 108 Mile Airport,51.736099243199995,-121.333000183
HDG,Handan Airport,36.5258333333,114.425555556
LOZ,London-Corbin Airport/Magee Field,37.0821990967,-84.08489990230001
FBG,Simmons Army Air Field,35.13180161,-78.93669891
WMI,Modlin Airport,52.451099,20.6518
JXA,Jixi Xingkaihu Airport,45.293,131.193
JDG,Jeongseok Airport,33.3996009827,126.711997986
YGM,Gimli Industrial Park Airport,50.62810134887695,-97.04329681396484
EYK,Beloyarskiy Airport,63.686901,66.698601
RAC,John H Batten Airport,42.7606010437,-87.8152008057
RZP,Cesar Lim Rodriguez Airport,10.81874,119.507697
RKZ,Shigatse Air Base,29.3519,89.311401
TIW,Tacoma Narrows Airport,47.26789856,-122.5780029
GUF,Jack Edwards Airport,30.29050064,-87.67179871
IBB,General Villamil Airport,-0.942628026009,-90.9530029297
HMJ,Khmelnytskyi Airport,49.359699,26.933399
HIW,Hiroshimanishi Airport,34.36690139770508,132.41400146484375
KYI,Yalata Mission Airport,-31.470600128173828,131.8249969482422
HZL,Hazleton Municipal Airport,40.986801147499996,-75.9949035645
CBE,Greater Cumberland Regional Airport,39.615398407,-78.7609024048
WYN,Wyndham Airport,-15.51140022277832,128.1529998779297
YBO,Bob Quinn Lake Airport,56.9667015076,-130.25
KLF,Grabtsevo Airport,54.5499992371,36.3666687012
LNR,Tri-County Regional Airport,43.2117004395,-90.181602478
JOT,Joliet Regional Airport,41.51779938,-88.17549896
VYS,Illinois Valley Regional Airport-Walter A Duncan Field,41.351898,-89.153099
JXN,Jackson County Reynolds Field,42.259799957300004,-84.45939636230001
BBX,Wings Field,40.1375007629,-75.2650985718
OBE,Okeechobee County Airport,27.262800216699997,-80.8498001099
SEF,Sebring Regional Airport,27.45639992,-81.3423996
AVO,Avon Park Executive Airport,27.59119987,-81.52780151
GIF,Winter Haven Regional Airport - Gilbert Field,28.062901,-81.753304
ZPH,Zephyrhills Municipal Airport,28.2282009125,-82.15589904790001
OCF,Ocala International Airport - Jim Taylor Field,29.17259979,-82.22419739
AIK,Aiken Regional Airport,33.649399,-81.684998
CDN,Woodward Field,34.2835998535,-80.56490325930001
LBT,Lumberton Regional Airport,34.6099014282,-79.05940246579999
SOP,Moore County Airport,35.23740005,-79.3911972
SVH,Statesville Regional Airport,35.765300750732,-80.953903198242
LHV,William T. Piper Memorial Airport,41.13560104,-77.42230225
BKL,Burke Lakefront Airport,41.51750183105469,-81.68329620361328
DKK,Chautauqua County-Dunkirk Airport,42.49330139,-79.27200317
LLY,South Jersey Regional Airport,39.942901611299995,-74.845703125
LDJ,Linden Airport,40.617401123,-74.2445983887
ANQ,Tri State Steuben County Airport,41.639702,-85.083504
CLW,Clearwater Air Park,27.9766998291,-82.7586975098
CGX,Chicago Meigs Airport,41.85879898071289,-87.60790252685547
CRE,Grand Strand Airport,33.8116989136,-78.72389984130001
BXO,Buochs Airport,46.974444,8.396944
WBW,Wilkes Barre Wyoming Valley Airport,41.2971992493,-75.8511962891
LNN,Willoughby Lost Nation Municipal Airport,41.683998107899995,-81.3897018433
UMD,Uummannaq Heliport,70.6804279261,-52.111630439799995
RLK,Bayannur Tianjitai Airport,40.926,107.7428
FFT,Capital City Airport,38.18249893,-84.90470123
LEW,Auburn Lewiston Municipal Airport,44.048500061,-70.2835006714
MRK,Marco Island Executive Airport,25.995001,-81.672501
DRE,Drummond Island Airport,46.0093002319,-83.74389648440001
GDW,Gladwin Zettel Memorial Airport,43.9706001282,-84.47499847410002
MFI,Marshfield Municipal Airport,44.6369018555,-90.18930053710001
ISW,Alexander Field South Wood County Airport,44.3602981567,-89.83899688720001
CWI,Clinton Municipal Airport,41.8311004639,-90.3291015625
BVY,Beverly Municipal Airport,42.584201812699995,-70.91649627689999
OSF,Ostafyevo International Airport,55.511667,37.507222
YRQ,Trois-Rivières Airport,46.35279846191406,-72.67939758300781
POF,Poplar Bluff Municipal Airport,36.773899078369,-90.324897766113
EOK,Keokuk Municipal Airport,40.459899902299995,-91.4284973145
PSL,Perth/Scone Airport,56.43920135498047,-3.372220039367676
STP,St Paul Downtown Holman Field,44.93450164794922,-93.05999755859375
SOO,Söderhamn Airport,61.26150131225586,17.09910011291504
VNA,Saravane Airport,15.709439207700001,106.410698891
DKS,Dikson Airport,73.51780700683594,80.37966918945312
BYT,Bantry Aerodrome,51.66859817504883,-9.484169960021973
ADY,Alldays Airport,-22.6790008545,29.0555000305
HAO,Butler Co Regional Airport - Hogan Field,39.363800048799995,-84.5220031738
GAS,Garissa Airport,-0.4635080099105835,39.64830017089844
HOA,Hola Airport,-1.5219999551773071,40.00400161743164
KEY,Kericho Airport,-0.3899,35.242093
ILU,Kilaguni Airport,-2.9106099605560303,38.06520080566406
ATJ,Antsirabe Airport,-19.8392214824,47.063713073699994
OVA,Bekily Airport,-24.235694754699995,45.3045272827
UTS,Ust-Tsylma Airport,65.43729400630001,52.20033645629999
RGK,Gorno-Altaysk Airport,51.9667015076,85.8332977295
FLD,Fond du Lac County Airport,43.7711982727,-88.48840332030001
STE,Stevens Point Municipal Airport,44.5452003479,-89.530296325684
MQJ,Moma Airport,66.450861,143.261551
PEF,Peenemünde Airport,54.1577796936,13.774443626399998
CJN,Nusawiru Airport,-7.719895,108.488995
GQQ,Galion Municipal Airport,40.7533988953,-82.7238006592
TPN,Tiputini Airport,-0.7761110067367554,-75.52639770507812
PTZ,Rio Amazonas Airport,-1.5052399635299998,-78.0626983643
CKV,Clarksville–Montgomery County Regional Airport,36.6218986511,-87.4150009155
LPC,Lompoc Airport,34.665599823,-120.468002319
CTH,Chester County G O Carlson Airport,39.97900009,-75.8655014
BST,Bost Airport,31.55970001220703,64.36499786376953
LLK,Lankaran International Airport,38.746398925799994,48.8180007935
GBB,Gabala International Airport,40.826667,47.7125
ZTU,Zaqatala International Airport,41.562222,46.667221
LKP,Lake Placid Airport,44.2644996643,-73.96189880370001
KDY,Typliy Klyuch Airport,62.7890014648,136.854995728
GYG,Magan Airport,62.103484,129.545288
JIQ,Qianjiang Wulingshan Airport,29.5133333333,108.831111111
AOH,Lima Allen County Airport,40.706902,-84.026703
DSO,Sondok Airport,39.745201,127.473999
SSI,Malcolm McKinnon Airport,31.15180016,-81.39129639
BFP,Beaver County Airport,40.7724990845,-80.39140319820001
GGE,Georgetown County Airport,33.3116989136,-79.3196029663
HDI,Hardwick Field,35.22010040283203,-84.8323974609375
RNT,Renton Municipal Airport,47.4930992126,-122.216003418
POC,Brackett Field,34.091598510742,-117.78199768066
CTY,Cross City Airport,29.6354999542,-83.10479736330001
CEU,Oconee County Regional Airport,34.6719017,-82.8864975
BEC,Beech Factory Airport,37.694499969499994,-97.21499633790002
QFO,Duxford Aerodrome,52.090801,0.131944
SNY,Sidney Municipal-Lloyd W Carr Field,41.10129929,-102.9850006
GKL,Great Keppel Is Airport,-23.1833000183,150.942001343
RPB,Roper Bar Airport,-14.734814,134.525485
IFL,Innisfail Airport,-17.55940055847168,146.01199340820312
JRF,Kalaeloa Airport,21.3074,-158.070009
BIN,Bamiyan Airport,34.81700134277344,67.81700134277344
NBS,Changbaishan Airport,42.066944,127.602222
RGO,Orang Airport,41.428538,129.647555
MOO,Moomba Airport,-28.09939956665039,140.19700622558594
LUZ,Lublin Airport,51.240278,22.713611
ECA,Iosco County Airport,44.312801,-83.422302
VAM,Villa Airport,3.47055555556,72.8358333333
LLF,Lingling Airport,26.338661,111.610043
LSZ,Lošinj Island Airport,44.5657997131,14.3930997849
ONS,Onslow Airport,-21.668300628662,115.1129989624
TDR,Theodore Airport,-24.99329948425293,150.09300231933594
WBU,Boulder Municipal Airport,40.0393981934,-105.225997925
BBJ,Bitburg Airport,49.945278,6.565
PAO,Palo Alto Airport of Santa Clara County,37.461101532,-122.114997864
USR,Ust-Nera Airport,64.550003051758,143.11500549316
MSC,Falcon Field,33.4608001709,-111.727996826
YTY,Yangzhou Taizhou Airport,32.5634,119.7198
PTK,Oakland County International Airport,42.665500640869,-83.420097351074
KSI,Kissidougou Airport,9.1605596542358,-10.124400138855
EEN,Dillant Hopkins Airport,42.898399353027344,-72.27079772949219
THQ,Tianshui Maijishan Airport,34.5593986511,105.86000061
VRO,Kawama Airport,23.1240005493,-81.3015975952
GKK,Kooddoo Airport,0.7324,73.4336
RCS,Rochester Airport,51.351898193359375,0.5033329725265503
RHD,Termas de Río Hondo international Airport,-27.4966,-64.93595
KMP,Keetmanshoop Airport,-26.5398006439209,18.111400604248047
KGT,Kangding Airport,30.1575,101.734722
VUS,Velikiy Ustyug Airport,60.788299560546875,46.2599983215332
IOW,Iowa City Municipal Airport,41.639198303200004,-91.5465011597
TLQ,Turpan Jiaohe Airport,43.0308,89.0987
ANP,Lee Airport,38.942902,-76.568398
FXO,Cuamba Airport,-14.815,36.529999
ODO,Bodaybo Airport,57.866100311299995,114.242996216
ZTR,Zhytomyr Airport,50.270556,28.738611
HRI,Mattala Rajapaksa International Airport,6.284467,81.124128
PEQ,Pecos Municipal Airport,31.382400512695,-103.51100158691
HBG,Hattiesburg Bobby L Chain Municipal Airport,31.26479912,-89.25279999
QCJ,Botucatu - Tancredo de Almeida Neves Airport,-22.939501,-48.467999
QSC,Mário Pereira Lopes–São Carlos Airport,-21.875401,-47.903703
YKN,Chan Gurney Municipal Airport,42.916698455811,-97.385902404785
XSB,Sir Bani Yas Airport,24.283611,52.580278
ZBM,Bromont (Roland Desourdy) Airport,45.2907981873,-72.74140167239999
KTI,Kratie Airport,12.48799991607666,106.05500030517578
GYU,Guyuan Liupanshan Airport,36.0788888889,106.216944444
CNI,Changhai Airport,39.2666666667,122.666944444
KRH,Redhill Aerodrome,51.2136001587,-0.138611003757
JGD,Jiagedaqi Airport,50.371389,124.1175
CCL,Chinchilla Airport,-26.774999618530273,150.61700439453125
HWD,Hayward Executive Airport,37.659198761,-122.122001648
MZP,Motueka Airport,-41.12329864501953,172.98899841308594
JHQ,Shute Harbour Airport,-20.277221,148.755556
ARB,Ann Arbor Municipal Airport,42.2229995728,-83.74559783939999
SHT,Shepparton Airport,-36.42890167236328,145.39300537109375
TEM,Temora Airport,-34.4213981628418,147.51199340820312
GAH,Gayndah Airport,-25.61440086364746,151.61900329589844
WIO,Wilcannia Airport,-31.526399612426758,143.375
BFJ,Bijie Feixiong Airport,27.267066,105.472097
ULK,Lensk Airport,60.7206001282,114.825996399
KVR,Kavalerovo Airport,44.2726,135.029
IGD,Iğdır Airport,39.9766273499,43.8766479492
GNY,Şanlıurfa GAP Airport,37.445663,38.895592
KZR,Zafer Airport,39.113079,30.128111
VLU,Velikiye Luki Airport,56.381099700927734,30.60810089111328
BEO,Lake Macquarie Airport,-33.0667,151.647995
BMP,Brampton Island Airport,-20.803300857543945,149.27000427246094
NGZ,Alameda Naval Air Station,37.78889846801758,-122.31999969482422
YCN,Cochrane Airport,49.10559844970703,-81.01360321044922
BJP,Estadual Arthur Siqueira Airport,-22.979162,-46.537508
BQB,Busselton Regional Airport,-33.6884231567,115.401596069
SEK,Srednekolymsk Airport,67.4805,153.7364
IVR,Inverell Airport,-29.888299942,151.143997192
GLI,Glen Innes Airport,-29.674999237060547,151.68899536132812
IMM,Immokalee Regional Airport,26.43320084,-81.40100098
TQQ,Maranggo Airport,-5.7645702362061,123.91699981689
YIC,Yichun Mingyueshan Airport,27.8025,114.3062
PTB,Dinwiddie County Airport,37.183799743652,-77.507400512695
SBM,Sheboygan County Memorial Airport,43.76959991,-87.85140228
KFE,Fortescue - Dave Forrest Aerodrome,-22.290754,119.437143
BJU,Bajura Airport,29.50200080871582,81.66899871826172
MZJ,Pinal Airpark,32.5106010437,-111.32800293
SAD,Safford Regional Airport,32.85480118,-109.6350021
SLJ,Solomon Airport,-22.2554,117.7627
KJP,Kerama Airport,26.168300628699996,127.292999268
EKB,Ekibastuz Airport,51.590999603271484,75.21499633789062
SIK,Sikeston Memorial Municipal Airport,36.898899078369,-89.561798095703
TTI,Tetiaroa Airport,-17.0132999420166,-149.58700561523438
GFL,Floyd Bennett Memorial Airport,43.3412017822,-73.6102981567
MTN,Martin State Airport,39.325699,-76.413803
FRY,Eastern Slopes Regional Airport,43.991100311299995,-70.9478988647
NEW,Lakefront Airport,30.042400360107,-90.028297424316
COE,Coeur D'Alene - Pappy Boyington Field,47.77429962,-116.8199997
BMT,Beaumont Municipal Airport,30.0706996918,-94.21579742430002
DNV,Vermilion Regional Airport,40.19919968,-87.59590149
COJ,Coonabarabran Airport,-31.332500457763672,149.26699829101562
TIX,Space Coast Regional Airport,28.514799118042,-80.799201965332
BZH,Bumi Airport,-16.8169994354,28.3500003815
UAR,Bouarfa Airport,32.5143055556,-1.98305555556
NYE,Nyeri Airport,-0.3644140064716339,36.978485107421875
AAP,Andrau Airpark,29.722499847399998,-95.58830261230001
FCM,Flying Cloud Airport,44.8272018433,-93.45709991460001
LIX,Likoma Island Airport,-12.075833,34.737222
OJC,Johnson County Executive Airport,38.84759903,-94.73760223
GIU,Sigiriya Air Force Base,7.956669807430001,80.7285003662
EUM,Neumünster Airport,54.079444885253906,9.941389083862305
TKT,Tak Airport,16.895999908447266,99.25330352783203
YLK,Barrie-Orillia (Lake Simcoe Regional Airport),44.4852981567,-79.55560302730001
YCM,Niagara District Airport,43.19169998168945,-79.17169952392578
YPD,Parry Sound Area Municipal Airport,45.2575,-79.829697
MNZ,Manassas Regional Airport/Harry P. Davis Field,38.72140121,-77.51540375
LJN,Texas Gulf Coast Regional Airport,29.1086006165,-95.462097168
BGG,Bingöl Çeltiksuyu Airport,38.8592605591,40.5959625244
KFS,Kastamonu Airport,41.31420135498047,33.795799255371094
LLV,Lüliang Airport,37.683333,111.142778
DCY,Daocheng Yading Airport,29.323056,100.053333
GXH,Gannan Xiahe Airport,34.8105,102.6447
CIY,Comiso Airport,36.994601,14.607182
KVM,Markovo Airport,64.667,170.417007
ZKP,Zyryanka Airport,65.7485,150.8889
UMS,Ust-Maya Airport,60.356998443604,134.43499755859
ADH,Aldan Airport,58.60279846191406,125.40899658203125
OLZ,Olyokminsk Airport,60.397499,120.471001
NLT,Xinyuan Nalati Airport,43.4318,83.3786
PTA,Port Alsworth Airport,60.201681,-154.325863
BOR,Fontaine Airport,47.655601501465,7.0108299255371
OBC,Obock Airport,11.967000007629395,43.266998291015625
TDJ,Tadjoura Airport,11.782999992370605,42.91699981689453
AQB,Santa Cruz del Quiche Airport,15.012200355529785,-91.15059661865234
NOR,Norðfjörður Airport,65.13189697265625,-13.746399879455566
BTZ,Bursa Airport,40.233299255371094,29.009199142456055
WAR,Waris Airport,-3.235,140.994
EWK,Newton City-County Airport,38.058200836199994,-97.2744979858
BSJ,Bairnsdale Airport,-37.88750076293945,147.5679931640625
TZR,Taszár Air Base,46.39310073852539,17.917499542236328
FBR,Fort Bridger Airport,41.3918991089,-110.406997681
CLS,Chehalis Centralia Airport,46.676998138399995,-122.983001709
EVW,Evanston-Uinta County Airport-Burns Field,41.27479935,-111.0350037
EUF,Weedon Field,31.9512996674,-85.1288986206
MEO,Dare County Regional Airport,35.91899872,-75.69550323
AUO,Auburn University Regional Airport,32.615101,-85.433998
DBN,W H 'Bud' Barron Airport,32.56439972,-82.98529816
PUK,Pukarua Airport,-18.29560089111328,-137.01699829101562
CVO,Corvallis Municipal Airport,44.49720001,-123.2900009
PXH,Prominent Hill Airport,-29.716,135.5244
CWT,Cowra Airport,-33.84469985961914,148.6490020751953
OGD,Ogden Hinckley Airport,41.195899963379,-112.0120010376
AKO,Colorado Plains Regional Airport,40.1755981445,-103.222000122
SHN,Sanderson Field,47.233600616455,-123.14800262451
WNA,Napakiak Airport,60.69029998779297,-161.97900390625
PKA,Napaskiak Airport,60.70289993,-161.7779999
YBW,Bedwell Harbour Seaplane Base,48.75,-123.233001709
WSO,Washabo Airport,5.215277,-57.185302
WKR,Abaco I Walker C Airport,27.266700744628906,-78.39969635009766
GFO,Bartica A Airport,6.358864,-58.655207
DYL,Doylestown Airport,40.3330001831,-75.1222991943
TGI,Tingo Maria Airport,-9.133000373840332,-75.94999694824219
TJL,Plínio Alarcom Airport,-20.754199981689,-51.684200286865
YZY,Zhangye Ganzhou Airport,38.8018989563,100.675003052
OAL,Cacoal Airport,-11.496,-61.4508
OCW,Warren Field,35.570499420166,-77.049797058105
MHC,Mocopulli Airport,-42.340388,-73.715693
SWO,Stillwater Regional Airport,36.161201477051,-97.08570098877
OKM,Okmulgee Regional Airport,35.668098449707,-95.948699951172
CUH,Cushing Municipal Airport,35.9499015808,-96.7731018066
CSM,Clinton Sherman Airport,35.3398017883,-99.20050048830001
WLD,Strother Field,37.168598175,-97.0375976562
PWA,Wiley Post Airport,35.53419876,-97.64710236
DTN,Shreveport Downtown Airport,32.5401992798,-93.7450027466
SEP,Stephenville Clark Regional Airport,32.215301513672,-98.177696228027
ADT,Ada Regional Airport,34.804298,-96.671303
IRB,Iraan Municipal Airport,30.9057006836,-101.891998291
YEL,Elliot Lake Municipal Airport,46.351398468,-82.5614013672
IKB,Wilkes County Airport,36.2228012085,-81.09829711910001
DAN,Danville Regional Airport,36.572898864746094,-79.33609771728516
ERG,Yerbogachen Airport,61.2750015259,108.029998779
HCW,Cheraw Municipal Airport/Lynch Bellinger Field,34.71289825,-79.95700073
BEM,Beni Mellal Airport,32.401895,-6.315905
NKT,Şırnak Şerafettin Elçi Airport,37.3647,42.0582
SUY,Suntar Airport,62.185001373291,117.63500213623
OUZ,Tazadit Airport,22.756399154663086,-12.483599662780762
ABB,Asaba International Airport,6.204167,6.665278
QUO,Akwa Ibom International Airport,4.8725,8.093
KAA,Kasama Airport,-10.216699600219727,31.13330078125
SGX,Songea Airport,-10.682999610900879,35.58300018310547
JUH,Jiuhuashan Airport,30.7403,117.6856
AOG,Anshan Air Base,41.105301,122.853996
DQA,Saertu Airport,46.7463888889,125.140555556
ZYI,Zunyi Xinzhou Airport,27.5895,107.0007
LDS,Lindu Airport,47.7520555556,129.019125
AVA,Anshun Huangguoshu Airport,26.2605555556,105.873333333
KSS,Sikasso Airport,11.333000183105469,-5.699999809265137
WTB,Toowoomba Wellcamp Airport,-27.558332,151.793335
TNH,Tonghua Sanyuanpu Airport,42.2538888889,125.703333333
SZV,Suzhou Guangfu Airport,31.2631,120.401001
LII,Mulia Airport,-3.7018,137.957
NTI,Stenkol Airport,-2.1033,133.5164
WSR,Wasior Airport,-2.721,134.5061
DTB,Silangit Airport,2.25973,98.991898
MEQ,Seunagan Airport,4.25,96.21700286865234
BUW,Betoambari Airport,-5.486879825592041,122.56900024414062
KAZ,Kao Airport,1.1852799654006958,127.89600372314453
MNA,Melangguane Airport,4.00694,126.672997
SGQ,Sanggata/Sangkimah Airport,0.3847,117.543
BUU,Muara Bungo Airport,-1.1278,102.135
ILA,Illaga Airport,-3.97648,137.6225
OKL,Oksibil Airport,-4.9071,140.6277
KOX,Kokonau Airport,-4.71075,136.43515
CMQ,Clermont Airport,-22.773099899291992,147.62100219726562
WMB,Warrnambool Airport,-38.2952995300293,142.44700622558594
RCM,Richmond Airport,-20.701900482177734,143.11500549316406
DCN,RAAF Base Curtin,-17.5813999176,123.82800293
KNO,Kualanamu International Airport,3.642222,98.885278
AMN,Gratiot Community Airport,43.322101593,-84.68800354
HMY,Seosan Air Base,36.703999,126.486
EMT,San Gabriel Valley Airport,34.086102,-118.035004
FAH,Farah Airport,32.367000579833984,62.18299865722656
IXT,Pasighat Airport,28.066099166870117,95.33560180664062
KRQ,Kramatorsk Airport,48.70560073852539,37.62889862060547
QKX,Kautokeino Air Base,69.04029846191406,23.034000396728516
SSF,Stinson Municipal Airport,29.336999893188,-98.471099853516
JAS,Jasper County Airport-Bell Field,30.88570023,-94.03489685
MRF,Marfa Municipal Airport,30.371099,-104.017997
ALE,Alpine Casparis Municipal Airport,30.384199142499998,-103.683998108
BQE,Bubaque Airport,11.297355651855469,-15.838079452514648
CZA,Chichen Itza International Airport,20.6413002014,-88.4461975098
BUY,Bunbury Airport,-33.378299713134766,115.677001953125
CCB,Cable Airport,34.1115989685,-117.68800354
EKI,Elkhart Municipal Airport,41.7193984985,-86.00319671630001
CUB,Jim Hamilton L.B. Owens Airport,33.970500946,-80.9952011108
GDC,Donaldson Field Airport,34.758301,-82.376404
HVS,Hartsville Regional Airport,34.4030990601,-80.11920166019999
SZT,San Cristobal de las Casas Airport,16.690299987793,-92.530097961426
DU9,Dunnville Airport,42.872200012200004,-79.5958023071
RIH,Scarlett Martinez International Airport,8.375880241394,-80.127899169922
LEE,Leesburg International Airport,28.82309914,-81.80870056
PPY,Pouso Alegre Airport,-22.289199829101562,-45.91910171508789
DIQ,Brigadeiro Cabral Airport,-20.180700302124,-44.870899200439
EIK,Yeysk Airport,46.68,38.21
ERD,Berdyansk Airport,46.814998626708984,36.75809860229492
BWX,Blimbingsari Airport,-8.31015,114.3401
ERL,Erenhot Saiwusu International Airport,43.4225,112.096667
CNO,Chino Airport,33.97470093,-117.637001
HTR,Hateruma Airport,24.0589008331,123.805999756
BWW,Las Brujas Airport,22.621299743699996,-79.1472015381
PRB,Paso Robles Municipal Airport,35.67290115,-120.6269989
PKX,Beijing Daxing International Airport,39.509945,116.41092
HAF,Half Moon Bay Airport,37.513401031499995,-122.500999451
HCJ,Hechi Jinchengjiang Airport,24.805,107.6997
WJF,General WM J Fox Airfield,34.74110031,-118.2190018
CJF,Coondewanna Airport,-22.96669960022,118.81300354004
GUZ,Guarapari Airport,-20.646499633800005,-40.491901397700005
UBT,Ubatuba Airport,-23.441099166870117,-45.075599670410156
BOX,Borroloola Airport,-16.075300216674805,136.302001953125
QUG,Chichester/Goodwood Airport,50.85940170288086,-0.7591670155525208
TNW,Jumandy Airport,-1.059722,-77.583333
FYJ,Dongji Aiport,48.199494,134.366447
PZL,Zulu Inyala Airport,-27.84939956665039,32.30970001220703
LPF,Liupanshui Yuezhao Airport,26.609417,104.979
KJH,Kaili Airport,26.972,107.988
HPG,Shennongjia Hongping Airport,31.626,110.34
ZQZ,Zhangjiakou Ningyuan Airport,40.7386016846,114.930000305
YIE,Arxan Yi'ershi Airport,47.3106,119.9117
HNY,Hengyang Nanyue Airport,26.9053,112.627998
AHJ,Hongyuan Airport,32.53154,102.35224
WOS,Wonsan Kalma International Airport,39.166801,127.486
IGT,Magas Airport,43.322299957300004,45.0125999451
ASN,Talladega Municipal Airport,33.569900512699995,-86.05090332030001
GMU,Greenville Downtown Airport,34.847900390599996,-82.34999847410002
NGD,Captain Auguste George Airport,18.72719955444336,-64.32969665527344
TOI,Troy Municipal Airport at N Kenneth Campbell Field,31.860399,-86.012101
ETS,Enterprise Municipal Airport,31.29969978,-85.89990234
EFG,Efogi Airport,-9.15380555556,147.659805556
KGW,Kagi Airport,-9.135916666670001,147.669444444
NDN,Nadunumu Airport,-9.14355555556,147.68425
BNM,Bodinumu Airport,-9.107777777779999,147.666722222
ALX,Thomas C Russell Field,32.914699554399995,-85.9629974365
PKT,Port Keats Airport,-14.25,129.5290069580078
GPN,Garden Point Airport,-11.40250015258789,130.4219970703125
DOH,Hamad International Airport,25.273056,51.608056
HZP,Fort Mackay / Horizon Airport,57.3816986084,-111.700996399
HDE,Brewster Field,40.452099,-99.336502
PTT,Pratt Regional Airport,37.70159912,-98.74690247
LXN,Jim Kelly Field,40.791000366199995,-99.7772979736
CBF,Council Bluffs Municipal Airport,41.2592010498,-95.760597229
OKK,Kokomo Municipal Airport,40.528198242188,-86.05899810791
GBG,Galesburg Municipal Airport,40.937999725299996,-90.431098938
GUY,Guymon Municipal Airport,36.6851005554,-101.508003235
IDP,Independence Municipal Airport,37.1584014893,-95.77839660640001
BBC,Bay City Municipal Airport,28.9733009338,-95.8635025024
PRX,Cox Field,33.636600494385,-95.450798034668
CFV,Coffeyville Municipal Airport,37.09400177,-95.5718994141
GXY,Greeley–Weld County Airport,40.4374008179,-104.633003235
OEL,Oryol Yuzhny Airport,52.934700012200004,36.0022010803
FET,Fremont Municipal Airport,41.44910049,-96.52020264
LGD,La Grande/Union County Airport,45.2901992798,-118.007003784
SZY,Olsztyn-Mazury Airport,53.481899,20.9377
MPO,Pocono Mountains Municipal Airport,41.137503,-75.378897
UKT,Quakertown Airport,40.435199737549,-75.381896972656
YBA,Banff Airport,51.207340469900004,-115.541861057
BNG,Banning Municipal Airport,33.9230995178,-116.850997925
OFK,Karl Stefan Memorial Airport,41.985500335693,-97.435096740723
TFL,Juscelino Kubitscheck Airport,-17.89229965209961,-41.51359939575195
TPF,Peter O Knight Airport,27.915599822998,-82.44930267334
BZC,Umberto Modiano Airport,-22.770999908447266,-41.96289825439453
ITP,Itaperuna Airport,-21.219299316399997,-41.8759002686
REZ,Resende Airport,-22.4785003662,-44.4803009033
KBN,Tunta Airport,-6.132999897,24.4829998016
IKL,Ikela Airport,-1.048109,23.372501
AIR,Aripuanã Airport,-10.188278,-59.457273
JRN,Juruena Airport,-10.305832862854004,-58.489444732666016
JIA,Juína Airport,-11.419444,-58.701668
VLP,Vila Rica Airport,-9.979443550109863,-51.1422233581543
JUA,Inácio Luís do Nascimento Airport,-11.2966,-57.5495
CCX,Cáceres Airport,-16.04360008239746,-57.62990188598633
TGQ,Tangará da Serra Airport,-14.661999702500001,-57.4435005188
CQA,Canarana Airport,-13.574443817138672,-52.27055740356445
MTG,Vila Bela da Santíssima Trindade Airport,-14.9942,-59.9458
BMB,Bumbar Airport,2.18278,22.481701
APQ,Arapiraca Airport,-9.775360107421875,-36.62919998168945
FLB,Cangapara Airport,-6.8463897705078125,-43.077301025390625
PCS,Picos Airport,-7.0620598793029785,-41.52370071411133
BNC,Beni Airport,0.575,29.4739
BNB,Boende Airport,-0.21699999272823334,20.850000381469727
MTP,Montauk Airport,41.0765,-71.920797
VPZ,Porter County Municipal Airport,41.45399857,-87.00710297
DRV,Dharavandhoo Airport,5.1561,73.1302
SXK,Saumlaki/Olilit Airport,-7.9886097908,131.305999756
MLZ,Cerro Largo International Airport,-32.33789825439453,-54.21670150756836
PDU,Tydeo Larre Borges Airport,-32.36330032348633,-58.0619010925293
ATI,Artigas International Airport,-30.400699615478516,-56.50790023803711
HSM,Horsham Airport,-36.669700622558594,142.17300415039062
SWH,Swan Hill Airport,-35.37580108642578,143.5330047607422
TTL,Turtle Island Seaplane Base,-16.966,177.368
KWB,Dewadaru - Kemujan Island,-5.80091,110.47838
KOO,Kongolo Airport,-5.39444,26.99
AOU,Attopeu Airport,14.814715357,106.821699142
SQX,São Miguel do Oeste Airport,-26.781600952148438,-53.503501892089844
LDM,Mason County Airport,43.96250153,-86.40789795
RHV,Reid-Hillview Airport of Santa Clara County,37.332901001,-121.819000244
OHS,Sohar Airport,24.38604,56.62541
KCF,Kadanwari Airport,27.1667003632,69.31670379639999
RZS,Sawan Airport,26.9662,68.878098
TMF,Thimarafushi Airport,2.211,73.1533
IFU,Ifuru Airport,5.7083,73.025
KZF,Kaintiba Airport,-7.50025,146.033833333
OGU,Ordu Giresun Airport,40.966047,38.080994
YKO,Hakkari Yüksekova Airport,37.5497,44.2381
BUT,Bathpalathang Airport,27.5622,90.7471
TLI,Sultan Bantilan Airport,1.123428,120.793658
TQL,Tarko-Sale Airport,64.9308013916,77.81809997559999
JIC,Jinchuan Airport,38.542222222199996,102.348333333
BPL,Alashankou Bole (Bortala) airport,44.895,82.3
FYN,Fuyun Koktokay Airport,46.804169,89.512006
ACS,Achinsk Airport,56.2682991027832,90.57080078125
LFQ,Linfen Qiaoli Airport,36.132629,111.641236
YJP,Hinton/Jasper-Hinton Airport,53.3191986084,-117.752998352
WVI,Watsonville Municipal Airport,36.9356994629,-121.790000916
GLU,Gelephu Airport,26.88456,90.46412
HLI,Hollister Municipal Airport,36.8932991028,-121.410003662
DLK,Dulkaninna Airport,-29.0132999420166,138.4810028076172
YBS,Opapimiskan Lake Airport,52.6067008972,-90.3768997192
RIZ,Rizhao Shanzihe Airport,35.405033,119.324403
SQJ,Shaxian Airport,26.4263,117.8336
XTO,Taroom Airport,-25.801700592041016,149.89999389648438
YSE,Squamish Airport,49.7817001343,-123.162002563
YAH,La Grande-4 Airport,53.754699707,-73.6753005981
YAL,Alert Bay Airport,50.58219909667969,-126.91600036621094
YCE,Centralia / James T. Field Memorial Aerodrome,43.285599,-81.508301
YCQ,Chetwynd Airport,55.687198638916016,-121.62699890136719
XRR,Ross River Airport,61.9706001282,-132.42300415
YDO,Dolbeau St Felicien Airport,48.778499603271,-72.375
YEY,Amos/Magny Airport,48.563903,-78.249702
YHE,Hope Airport,49.3683013916,-121.498001099
YHT,Haines Junction Airport,60.78919982910156,-137.54600524902344
YDG,Digby / Annapolis Regional Airport,44.5458450365,-65.7854247093
YJF,Fort Liard Airport,60.235801696799996,-123.46900177
YKJ,Key Lake Airport,57.256099700927734,-105.61799621582031
YLR,Leaf Rapids Airport,56.513301849365234,-99.98529815673828
YME,Matane Airport,48.85689926147461,-67.45330047607422
YML,Charlevoix Airport,47.59749984741211,-70.2238998413086
YOS,Owen Sound / Billy Bishop Regional Airport,44.5903015137,-80.8375015259
YPS,Port Hawkesbury Airport,45.6567001343,-61.3680992126
YQS,St Thomas Municipal Airport,42.77000045776367,-81.11080169677734
YRO,Ottawa / Rockcliffe Airport,45.4603004456,-75.64610290530001
YSH,Smiths Falls-Montague (Russ Beach) Airport,44.94580078125,-75.94059753417969
YSL,St Leonard Airport,47.157501220703125,-67.83470153808594
YVE,Vernon Airport,50.24810028076172,-119.33100128173828
YXQ,Beaver Creek Airport,62.410301208496094,-140.86700439453125
YSN,Shuswap Regional Airport,50.682802,-119.228996
KES,Kelsey Airport,56.0374984741,-96.50969696039999
XPK,Pukatawagan Airport,55.7491989136,-101.26599884
ZGF,Grand Forks Airport,49.01559829711914,-118.43099975585938
ZJG,Jenpeg Airport,54.51890182495117,-98.04609680175781
YTD,Thicket Portage Airport,55.31890106201172,-97.70780181884766
PIW,Pikwitonei Airport,55.58890151977539,-97.16419982910156
XPP,Poplar River Airport,52.9965258788,-97.2741937637
WPC,Pincher Creek Airport,49.520599365200006,-113.997001648
ZST,Stewart Airport,55.935410448,-129.982434511
ZUC,Ignace Municipal Airport,49.4296989440918,-91.7177963256836
FNB,Neubrandenburg Airport,53.6022,13.306
FSS,RAF Kinloss,57.6493988037,-3.56064009666
BXP,Biała Podlaska Airfield,52.00078,23.1325278
DGP,Daugavpils Intrenational Airport,55.944721221900004,26.6650009155
LMR,Lime Acres Finsch Mine Airport,-28.36009979248047,23.43910026550293
SXN,Sua Pan Airport,-20.5534,26.115801
NDD,Sumbe Airport,-11.167900085449219,13.84749984741211
MAI,Mangochi Airport,-14.482999801635742,35.266998291015625
ADI,Arandis Airport,-22.462200164794922,14.979999542236328
MWE,Merowe New Airport,18.4433333333,31.8433333333
ALN,St Louis Regional Airport,38.89030075069999,-90.0459976196
AXN,Chandler Field,45.8662986755,-95.39469909670001
CLU,Columbus Municipal Airport,39.2619018555,-85.8963012695
BBD,Curtis Field,31.1793003082,-99.3238983154
BIH,Eastern Sierra Regional Airport,37.3731002808,-118.363998413
BKE,Baker City Municipal Airport,44.837299346900004,-117.808998108
BPI,Miley Memorial Field,42.58509827,-110.1110001
WMH,Ozark Regional Airport,36.3689002991,-92.47049713130001
BTL,W K Kellogg Airport,42.307300567599995,-85.2515029907
BYI,Burley Municipal Airport,42.542598724399994,-113.772003174
CCY,Northeast Iowa Regional Airport,43.0726013184,-92.6108016968
CNU,Chanute Martin Johnson Airport,37.668800354,-95.4850997925
CRG,Jacksonville Executive at Craig Airport,30.3362998962,-81.51439666750001
CSV,Crossville Memorial Whitson Field,35.9513015747,-85.08499908450001
DAA,Davison Army Air Field,38.715000152600005,-77.1809997559
DAG,Barstow Daggett Airport,34.85369873,-116.7870026
DMN,Deming Municipal Airport,32.262298584,-107.721000671
DRA,Desert Rock Airport,36.6194,-116.032997
EED,Needles Airport,34.7663002014,-114.623001099
EGI,Duke Field,30.65040016,-86.52290344
EKA,Murray Field,40.803398132299996,-124.112998962
HYR,Sawyer County Airport,46.025199890100005,-91.44429779050002
JCT,Kimble County Airport,30.5112991333,-99.7634963989
LOL,Derby Field,40.0663986206,-118.565002441
MBG,Mobridge Municipal Airport,45.54650116,-100.4079971
MCB,Mc Comb/Pike County Airport/John E Lewis Field,31.17849922,-90.47190094
MDH,Southern Illinois Airport,37.778099060058594,-89.25199890136719
MMT,Mc Entire Joint National Guard Base,33.92079926,-80.80130005
NHZ,Brunswick Executive Airport,43.89220047,-69.93859863
NRB,Naval Station Mayport (Admiral David L. Mcdonald Field),30.39109993,-81.42469788
OGB,Orangeburg Municipal Airport,33.456798553467,-80.859497070312
OTM,Ottumwa Regional Airport,41.10660172,-92.44789886
OZR,Cairns AAF (Fort Rucker) Air Field,31.27569962,-85.71340179
PWY,Ralph Wenz Field,42.79550171,-109.8069992
POU,Dutchess County Airport,41.6265983581543,-73.88420104980469
RSL,Russell Municipal Airport,38.872100830078,-98.811798095703
RWF,Redwood Falls Municipal Airport,44.54719925,-95.08229828
SNS,Salinas Municipal Airport,36.662799835205,-121.60600280762
TPH,Tonopah Airport,38.06019974,-117.086998
UKI,Ukiah Municipal Airport,39.125999450684,-123.20099639893
UOX,University Oxford Airport,34.384300231934,-89.536796569824
HTV,Huntsville Regional Airport,30.7469005585,-95.5871963501
VTN,Miller Field,42.85779953,-100.5479965
WMC,Winnemucca Municipal Airport,40.8965988159,-117.805999756
WWR,West Woodward Airport,36.438,-99.5226667
ZZV,Zanesville Municipal Airport,39.9444007874,-81.89209747310001
ECV,Cuatro Vientos Airport,40.370701,-3.78514
CDT,Castellón-Costa Azahar Airport,40.213889,0.073333
TEV,Teruel Airport,40.403,-1.2183
QLP,Sarzana-Luni Air Base,44.088001,9.98795
BJY,Batajnica Air Base,44.935299,20.2575
RUV,Rubelsanto Airport,15.991999626159668,-90.44529724121094
XPL,Coronel Enrique Soto Cano Air Base,14.3824,-87.621201
UPL,Upala Airport,10.8922,-85.016197
QSN,San Nicolas De Bari Airport,22.756099700927734,-81.9208984375
SNJ,San Julian Air Base,22.095300674438477,-84.1520004272461
DWD,King Salman Abdulaziz Airport,24.4499,44.121201
KMX,King Khaled Air Base,18.297300338745117,42.80350112915039
XXN,Riyadh Air Base,24.709800720214844,46.72520065307617
KNR,Jam Airport,27.820499420166016,52.35219955444336
PYK,Payam International Airport,35.776100158691,50.826698303223
XIJ,Ahmed Al Jaber Air Base,28.9347991943,47.791900634799994
ATG,Minhas Air Base,33.8690986633,72.4009017944
SGI,Mushaf Air Base,32.04859924316406,72.66500091552734
RQW,Qayyarah West Airport,35.76720047,43.125099182099994
ENN,Nenana Municipal Airport,64.54730224609375,-149.07400512695312
WWA,Wasilla Airport,61.5717010498,-149.539993286
IWK,Iwakuni Marine Corps Air Station,34.143902,132.235992
IEJ,Ie Jima Airport,26.7220001221,127.785003662
AAV,Allah Valley Airport,6.366819858551025,124.7509994506836
BPH,Bislig Airport,8.19594955444336,126.3219985961914
MXI,Mati National Airport,6.949091,126.27368
BAT,Chafei Amsei Airport,-20.584499359131,-48.594100952148
QHP,Base de Aviação de Taubaté Airport,-23.04010009765625,-45.51599884033203
TOQ,Barriles Airport,-22.14109992980957,-70.06289672851562
CNR,Chañaral Airport,-26.332500457763672,-70.6072998046875
TLX,Panguilemo Airport,-35.37779998779297,-71.60169982910156
ZIC,Victoria Airport,-38.245601654052734,-72.34860229492188
TTC,Las Breas Airport,-25.564300537109375,-70.37590026855469
API,Gomez Nino Apiay Air Base,4.07607,-73.5627
CVE,Coveñas Airport,9.40092,-75.6913
PAL,German Olano Air Base,5.48361,-74.6574
PZA,Paz De Ariporo Airport,5.87615,-71.8866
TQS,Tres Esquinas Air Base,0.7459,-75.234
RIJ,Juan Simons Vela Airport,-6.067860126495361,-77.16000366210938
JAE,Shumba Airport,-5.59248,-78.774002
IKU,Issyk-Kul International Airport,42.58792,76.713046
VYI,Vilyuisk Airport,63.75666809082,121.69333648682
BGN,Belaya Gora Airport,68.556602,146.231506
GVN,Maygatka Airport.,48.926998138399995,140.033996582
NLI,Nikolayevsk-na-Amure Airport,53.154999,140.649994
VLK,Volgodonsk Airport,47.682098388671875,42.07279968261719
INA,Inta Airport,66.0548324584961,60.110321044921875
ZIX,Zhigansk Airport,66.7965011597,123.361000061
RTC,Ratnagiri Airport,17.013599,73.327797
HIM,Hingurakgoda Air Force Base,8.04981,80.9814
RDP,Kazi Nazrul Islam Airport,23.6225,87.243
PUT,Sri Sathya Sai Airport,14.1492996216,77.7910995483
LNX,Smolensk North Airport,54.824,32.025
ABH,Alpha Airport,-23.646099,146.584
ARY,Ararat Airport,-37.30939865112305,142.98899841308594
BLN,Benalla Airport,-36.55189895629883,146.0070037841797
BZD,Balranald Airport,-34.623600006103516,143.5780029296875
BWQ,Brewarrina Airport,-29.973899841308594,146.81700134277344
CVC,Cleve Airport,-33.70970153808594,136.5050048828125
CWW,Corowa Airport,-35.99470138549805,146.35699462890625
CYG,Corryong Airport,-36.18280029296875,147.88800048828125
CMD,Cootamundra Airport,-34.6239013671875,148.0279998779297
DRN,Dirranbandi Airport,-28.591699600219727,148.2169952392578
DNQ,Deniliquin Airport,-35.5593986511,144.945999146
DYA,Dysart Airport,-22.62220001220703,148.36399841308594
ECH,Echuca Airport,-36.15719985961914,144.76199340820312
FRB,Forbes Airport,-33.363602,147.934998
GUH,Gunnedah Airport,-30.96109962463379,150.25100708007812
HXX,Hay Airport,-34.53139877319336,144.8300018310547
HTU,Hopetoun Airport,-35.715301513671875,142.36000061035156
KRA,Kerang Airport,-35.751399993896484,143.93899536132812
KPS,Kempsey Airport,-31.074399948120117,152.77000427246094
KGY,Kingaroy Airport,-26.580799102783203,151.84100341796875
TGN,Latrobe Valley Airport,-38.207199,146.470001
MRG,Mareeba Airport,-17.06920051574707,145.41900634765625
RPM,Ngukurr Airport,-14.722800254821777,134.7469940185547
QRM,Narromine Airport,-32.214698791503906,148.22500610351562
PPI,Port Pirie Airport,-33.23889923095703,137.9949951171875
SIO,Smithton Airport,-40.834999084472656,145.08399963378906
SNB,Snake Bay Airport,-11.422800064086914,130.6540069580078
SWC,Stawell Airport,-37.07170104980469,142.74099731445312
TYB,Tibooburra Airport,-29.451099395751953,142.05799865722656
TUM,Tumut Airport,-35.26279830932617,148.24099731445312
WGT,Wangaratta Airport,-36.41579818725586,146.3070068359375
WKB,Warracknabeal Airport,-36.32109832763672,142.41900634765625
QRR,Warren Airport,-31.733299255371094,147.80299377441406
SXE,West Sale Airport,-38.090827,146.965335
WWY,West Wyalong Airport,-33.9371986389,147.190994263
NGA,Young Airport,-34.25559997558594,148.2480010986328
LHK,Guangzhou MR Air Base,32.389400482177734,111.69499969482422
WDS,Shiyan Wudangshan Airport,32.591667,110.907778
HTT,Huatugou Airport,38.201984,90.841495
UUN,Baruun Urt Airport,46.660301208496094,113.28500366210938
BFU,Bengbu Airport,32.8477333333,117.320244444
RUG,Rugao Air Base,32.25788497924805,120.50165557861328
WHU,Wuhu Air Base,31.3906,118.408997
SXJ,Shanshan Airport,42.91170120239258,90.24749755859375
YKH,Yingkou Lanqi Airport,40.542524,122.3586
BQG,Bogorodskoye Airport,52.38,140.448
HYD,Rajiv Gandhi International Airport,17.2313175201,78.4298553467
PKO,Parakou Airport,9.35768985748291,2.609679937362671
KDC,Kandi Airport,11.14479,2.940381
HMG,Hermannsburg Airport,-23.93000030517578,132.80499267578125
BIB,Baidoa Airport,3.102220058441162,43.62860107421875
KCS,Kings Creek Airport,-24.42329978942871,131.8350067138672
BMR,Baltrum Airport,53.72472381591797,7.373332977294922
MVW,Skagit Regional Airport,48.4709014893,-122.42099762
GOO,Goondiwindi Airport,-28.521400451660156,150.32000732421875
APT,Marion County Brown Field,35.060699,-85.585297
DCU,Pryor Field Regional Airport,34.652698516799994,-86.94539642330001
GLW,Glasgow Municipal Airport,37.03179932,-85.9536972
DKV,Docker River Airport,-24.860000610351562,129.07000732421875
RNZ,Jasper County Airport,40.9478988647,-87.1826019287
SBT,Sabetta International Airport,71.219167,72.052222
AXF,Alxa Left Banner Bayanhot Airport,38.74831,105.58858
NIS,Simberi Airport,-2.66222222222,151.997777778
BUL,Bulolo Airport,-7.216286671410001,146.649541855
TBR,Statesboro Bulloch County Airport,32.4827003479,-81.73690032959999
AMT,Amata Airport,-26.108299255371094,131.20700073242188
EDD,Erldunda Airport,-25.205799102800004,133.253997803
FIK,Finke Airport,-25.5946998596,134.582992554
JJG,Humberto Ghizzo Bortoluzzi Regional Airport,-28.6753,-49.0596
WKI,Hwange (Town) Airport,-18.362967,26.519791
KLJ,Klaipėda Airport,55.7118988037,21.242799758900002
ETB,West Bend Municipal Airport,43.4221992493,-88.1278991699
GLR,Gaylord Regional Airport,45.013500213600004,-84.7035980225
AID,Anderson Municipal Darlington Field,40.10860061649999,-85.6129989624
QND,Cenej Airport,45.385799,19.839199
GUU,Grundarfjörður Airport,64.99140167236328,-23.224700927734375
PCD,Prairie Du Chien Municipal Airport,43.019298553467,-91.12370300293
OTJ,Otjiwarongo Airport,-20.434700012207,16.660800933838
TSM,Taos Regional Airport,36.45819855,-105.6719971
RTN,Raton Municipal-Crews Field,36.74150085,-104.5019989
PPA,Perry Lefors Field,35.612998962402,-100.99600219727
FLP,Marion County Regional Airport,36.29090118,-92.59030151
BGD,Hutchinson County Airport,35.700901031499995,-101.393997192
HLE,St. Helena Airport,-15.957725,-5.645943
BNJ,Bonn-Hangelar Airport,50.7688903809,7.16333293915
NGK,Nogliki Airport,51.780102,143.139008
SQA,Santa Ynez Airport,34.60680008,-120.0759964
HXD,Delingha Airport,37.125286,97.268658
BAR,Qionghai Bo'ao Airport,19.13824,110.454775
ZBO,Bowen Airport,-20.018299102783203,148.21499633789062
UCB,Ulanqab Jining Airport,41.129722,113.108056
KEO,Odienne Airport,9.5,-7.566999912261963
GII,Siguiri Airport,11.432999610901,-9.1669998168945
NZE,Nzérékoré Airport,7.8060193061829,-8.7017974853516
OCM,Boolgeeda,-22.54,117.275
WGN,Shaoyang Wugang Airport,26.802,110.642
TXF,9 de Maio - Teixeira de Freitas Airport,-17.524499893188,-39.66849899292
SPA,Spartanburg Downtown Memorial Airport,34.915699005127,-81.956497192383
BJW,Bajawa Soa Airport,-8.70743498008,121.057426929
NBN,Annobón Airport,-1.410277,5.621944
OLL,Oyo Ollombo Airport,-1.226666,15.91
PPF,Tri-City Airport,37.32989883,-95.5062027
PCQ,Boun Neau Airport,21.6475,101.9
AYS,Waycross Ware County Airport,31.2490997314,-82.39550018310001
DSS,Blaise Diagne International Airport,14.67,-17.073333
PMH,Greater Portsmouth Regional Airport,38.8404998779,-82.84729766850002
NAC,Naracoorte Airport,-36.98529815673828,140.72500610351562
PGZ,Ponta Grossa Airport - Comandante Antonio Amilton Beraldo,-25.1847,-50.1441
PQM,Palenque International Airport,17.533153,-92.015484
CUD,Caloundra Airport,-26.799999237060547,153.10000610351562
CLP,Clarks Point Airport,58.83369827,-158.529007
JOJ,Doris Lake,68.1252746582,-106.585281372
ECI,Costa Esmeralda Airport,11.427542,-86.033361
QGQ,Attu Heliport,67.9406628551,-53.6218696833
QPW,Kangaatsiaq Heliport,68.3126574861,-53.4602075815
QJE,Kitsissuarsuit Heliport,68.85792599759999,-53.123295307199996
XIQ,Ilimanaq Heliport,69.0809150007,-51.1143153906
QQT,Qeqertaq Heliport,69.9958611087,-51.3009166718
QJI,Ikamiut Heliport,68.6342530984,-51.8322622776
QFG,Eqalugaarsuit Heliport,60.6197196536,-45.9140619636
QRY,Ikerassaarsuk Heliport,68.14088100629999,-53.4414589405
NPR,Novo Progresso Airport,-7.125833,-55.400833
SMT,Adolino Bedin Regional Airport,-12.479177,-55.672341
ENO,Encarnación Airport,-27.227366,-55.837495
UZR,Urzhar Airport,47.09115,81.66521
NYR,Nyurba Airport,63.294998,118.336998
SUK,Sakkyryr Airport,67.792,130.394
UKG,Ust-Kuyga Airport,70.011001586914,135.64500427246
VHV,Verkhnevilyuisk Airport,63.458057403564,120.26916503906
DEE,Mendeleyevo Airport,43.9584007263,145.682998657
EKS,Shakhtyorsk Airport,49.1903,142.082993
TLK,Talakan Airport,59.876389,111.044444
RDB,Red Dog Airport,68.03209686279999,-162.899002075
ION,Impfondo Airport,1.6169999837875366,18.066999435424805
EBH,El Bayadh Airport,33.721666666699996,1.0925
ZIS,Alzintan Airport,31.774878,12.25006
MYZ,Monkey Bay Airport,-14.083600044299999,34.9197006226
BCU,Sir Abubakar Tafawa Balewa International Airport,10.482833,9.744
GMO,Gombe Lawanti International Airport,10.298333333299999,10.896388888899999
KDA,Kolda North Airport,12.898500442504883,-14.968099594116211
SHO,King Mswati III International Airport,-26.358611,31.716944
KIY,Kilwa Masoko Airport,-8.91123,39.508619
QSI,Moshi Airport,-3.3633298873901367,37.326900482177734
MNS,Mansa Airport,-11.13700008392334,28.872600555419922
GZI,Ghazni Airport,33.5312004089,68.412902832
DBC,Baicheng Chang'an Airport,45.505278,123.019722
LNL,Longnan Chengzhou Airport,33.788,105.797
SQD,Shangrao Sanqingshan Airport,28.3797,117.9643
YSQ,Songyuan Chaganhu Airport,44.938114,124.550178
JSJ,Jiansanjiang Airport,47.11,132.660278
WMT,Zunyi Maotai Airport,27.81638,106.33268
LLB,Libo Airport,25.4525,107.961667
CDE,Chengde Puning Airport,41.1225,118.073889
DTU,Wudalianchi Dedu Airport,48.445,126.133
EJN,Ejin Banner-Taolai Airport,42.0155,101.0005
RHT,Alxa Right Banner Badanjilin Airport,39.225,101.546
HUO,Holingol Huolinhe Airport,45.487222,119.407222
GMQ,Golog Maqin Airport,34.418066,100.301144
QSZ,Yeerqiang Airport,38.281055,77.075192
TEI,Tezu Airport,27.9412002563,96.1343994141
CWJ,Cangyuan Washan Airport,23.273889,99.373611
JMJ,Lancang Jingmai Airport,22.415833,99.786389
NLH,Ninglang Luguhu Airport,27.5403,100.7593
PBQ,Pimenta Bueno Airport,-11.641599655151367,-61.179100036621094
WUT,Xinzhou Wutaishan Airport,38.597456,112.969173
NZL,Chengjisihan Airport,47.865833,122.767503
AIP,Adampur Airport,31.4338,75.758797
VDY,Vijayanagar Aerodrome (JSW),15.1749666667,76.6349472222
SAG,Shirdi Airport,19.688611,74.378889
PYB,Jeypore Airport,18.8799991607666,82.552001953125
SUP,Trunojoyo Airport,-7.0242,113.89023
RKO,Rokot Airport,-2.0991199016571045,99.70069885253906
PPR,Pasir Pangaraan Airport,0.8454310297966003,100.37000274658203
TJB,Sei Bati Airport,1.0527,103.3931
KRC,Departi Parbo Airport,-2.093,101.4683
NRE,Namrole Airport,-3.8548,126.7012
NAM,Namlea Airport,-3.235569953918457,127.0999984741211
DOB,Rar Gwamar Airport,-5.7722201347399995,134.212005615
SQN,Emalamo Sanana Airport,-2.080509901046753,125.96700286865234
AYW,Ayawasi Airport,-1.1593,132.4633
BYQ,Bunyu Airport,3.45571994781,117.866996765
UOL,Buol Airport,1.1027,121.4141
RAQ,Sugimanuru Airport,-4.760557,122.569371
JSK,Jask Airport,25.653601,57.799301
ZBY,Sayaboury Airport,19.2436,101.7093
BGL,Baglung Airport,28.212799072265625,83.66629791259766
RJB,Rajbiraj Airport,26.510066,86.733902
DQM,Duqm International Airport,19.501944,57.634167
CKI,Croker Island Airport,-11.164999961853027,132.48300170898438
BYP,Barimunya Airport,-22.673900604248,119.16600036621
LUC,Laucala Island Airport,-16.74810028076172,-179.66700744628906
YAS,Yasawa Island Airport,-16.758899688720703,177.5449981689453
WIK,Waiheke Reeve Airport,-36.80889892578125,175.08599853515625
DEX,Nop Goliat Airport,-4.8557,139.482006
NAU,Napuka Island Airport,-14.176799774169922,-141.26699829101562
FAC,Faaite Airport,-16.68670082092285,-145.32899475097656
NUK,Nukutavake Airport,-19.28499984741211,-138.77200317382812
VHZ,Vahitahi Airport,-18.780000686645508,-138.85299682617188
HHZ,Hikueru Atoll Airport,-17.544700622558594,-142.61399841308594
RRR,Raroia Airport,-16.045,-142.476944
KHZ,Kauehi Airport,-15.780799865722656,-145.12399291992188
TKV,Tatakoto Airport,-17.355300903320312,-138.44500732421875
TDS,Sasereme Airport,-7.6217,142.868
TMH,Tanah Merah Airport,-6.099219799041748,140.29800415039062
NKB,Noonkanbah Airport,-18.4946994781,124.851997375
AEI,Algeciras Heliport,36.12888,-5.441118
KSE,Kasese Airport,0.18299999833106995,30.100000381469727
NCJ,Sunchales Aeroclub Airport,-30.9575,-61.5283
IST,Istanbul Airport,41.275278,28.751944
SOV,Seldovia Airport,59.442401885986,-151.70399475098
YSG,Lutselk'e Airport,62.418303,-110.681998
DWA,Dwangwa Airport,-12.5183,34.131901
HGI,"Paloich Airport, Heliport",10.529167,32.500556
KQH,Kishangarh Airport,26.601473,74.814147
CNN,Kannur International Airport,11.918614,75.547211
ZCO,La Araucanía Airport,-38.9259,-72.6515
ASS,Arathusa Safari Lodge Airport,-24.744165,31.522499
VDI,Vidalia Regional Airport,32.192699432373,-82.371200561523
ISB,New Islamabad International Airport,33.560713,72.851613
MHE,Mitchell Municipal Airport,43.774799346900004,-98.03859710690001
GIT,Mchauru Airport,-2.813667,32.172472
GID,Gitega Airport,-3.417209,29.911308
RMU,Región de Murcia International Airport,37.803,-1.125
CQS,Costa Marques Airport,-12.421099662780762,-64.25160217285156
ZXT,Zabrat Airport,40.4955422161,49.9768066406
JAM,Bezmer Air Base,42.4548988342,26.3521995544
YUA,Yuanmou Air Base,25.737499237061,101.88200378418
XEN,Xingcheng Air Base,40.580299377399996,120.697998047
GEC,Lefkoniko Airport,35.235947,33.724358
MBI,Songwe Airport,-8.919942,33.273981
UGU,Bilogai-Sugapa Airport,-3.73956,137.031998
ETM,Ramon Airport,29.723694,35.011416
MNH,Rustaq Airport,23.640556,57.4875
CGY,Laguindingan Airport,8.612203,124.456496
CPO,Desierto de Atacama Airport,-27.2611999512,-70.7791976929
